Full Export Completed,Partial Result Timestamp,Filters,Media Type,Users,Remote,Date,End Date,Duration,Direction,ANI,DNIS,Queue,Wrap-up,Flow,Conversation ID
YES,,Queue: C_FAKE_EMAIL,email,Paulo Freitas,Fogaça,04/08/25 06:57 AM,08/25/25 02:57 AM,847365,Inbound/Outbound,,,C_FAKE_CHAT,FAKE-WRAP-UP-DELETED,[LT] Fluxo_FAKE_v2,91855abd-4e90-4e4a-9fd2-8b9e0328a80d
YES,,Queue: C_FAKE_WHATSAPP,email,Giovanna Ferreira; Leonardo Rezende,Pires S/A,07/01/25 03:31 AM,01/15/25 08:54 AM,1235708,Inbound/Outbound,,,C_FAKE_CHAT,FAKE-WRAP-UP-DELETED,[LT] Fluxo_FAKE_v3,a34321bf-7aee-47df-9bd5-5037f7444596
YES,,Queue: C_FAKE_CHAT,email,Clara Oliveira; Nathan Cardoso,Paulo Vieira,05/02/25 10:56 PM,01/25/25 08:55 PM,1107705,Inbound,,,C_FAKE_WHATSAPP,FAKE-WRAP-UP-COMPLETED,[LT] Fluxo_FAKE_v1,c4170ebd-420c-4e74-ae07-a11f70c0a4f6
YES,,Queue: C_FAKE_WHATSAPP,email,Francisco Sales,Enzo da Luz,02/27/25 01:13 AM,08/28/25 11:42 PM,1790263,Inbound,,,C_FAKE_EMAIL,FAKE-WRAP-UP-TIMEOUT,[LT] Fluxo_FAKE_v3,1d4c5eb7-3b90-4c08-8cb1-40eda7ee2f23
YES,,Queue: C_FAKE_WHATSAPP,call,Alícia da Mata; Lívia Pires,Barbosa,08/03/25 10:08 PM,03/30/25 12:40 PM,1330478,Inbound/Outbound,,,C_FAKE_SUPPORT,FAKE-WRAP-UP-DELETED,[LT] Fluxo_FAKE_v1,fdf1d205-b6ec-484e-b3a2-dc1d0f916e97
YES,,Queue: C_FAKE_EMAIL,message,Fernando Aragão,Isabella Viana,01/18/25 08:56 AM,08/22/25 05:48 AM,1942911,Outbound,,,C_FAKE_CHAT,FAKE-WRAP-UP-TIMEOUT,[LT] Fluxo_FAKE_v1,13d5ac4f-1bf2-435c-9987-e1e63c1517fc
YES,,Queue: C_FAKE_CHAT,message,Laura Correia,Duarte S.A.,05/07/25 12:34 PM,08/10/25 12:11 PM,491407,Outbound,,,C_FAKE_CHAT,FAKE-WRAP-UP-COMPLETED,[LT] Fluxo_FAKE_v1,ae5714e8-d29c-4131-9442-60d25f116839
YES,,Queue: C_FAKE_WHATSAPP,email,Ana Julia Pereira,da Conceição,01/10/25 02:10 PM,05/07/25 07:34 PM,710278,Inbound/Outbound,,,C_FAKE_EMAIL,FAKE-WRAP-UP-DELETED,[LT] Fluxo_FAKE_v2,55c1a0d9-5c3b-43e5-89c5-25679b622c0a
YES,,Queue: C_FAKE_WHATSAPP,email,Milena Moura,Gonçalves,08/30/25 12:40 PM,01/13/25 02:24 AM,239861,Outbound,,,C_FAKE_SUPPORT,FAKE-WRAP-UP-TIMEOUT,[LT] Fluxo_FAKE_v3,4a76a0ea-0b6b-4944-9e49-08c8290a42d2
YES,,Queue: C_FAKE_WHATSAPP,call,Nicolas Araújo,da Rosa Ltda.,07/18/25 08:57 AM,07/17/25 08:36 AM,353807,Outbound,,,C_FAKE_EMAIL,FAKE-WRAP-UP-DELETED,[LT] Fluxo_FAKE_v3,5813d72f-b67c-42ac-94dc-4c97c8914d99
YES,,Queue: C_FAKE_EMAIL,message,João Miguel Azevedo,Nascimento Cardoso S/A,03/29/25 05:14 AM,08/08/25 01:55 PM,1763229,Inbound,,,C_FAKE_EMAIL,FAKE-WRAP-UP-TIMEOUT,[LT] Fluxo_FAKE_v3,a15cf032-930e-4347-bf70-abaa80e51b3d
YES,,Queue: C_FAKE_EMAIL,call,Sabrina Peixoto,Sabrina Costa,07/24/25 11:02 PM,01/20/25 11:22 PM,352515,Outbound,,,C_FAKE_CHAT,FAKE-WRAP-UP-DELETED,[LT] Fluxo_FAKE_v1,86423a80-a8c1-4f22-b8ea-904d9b6b0992
YES,,Queue: C_FAKE_CHAT,message,Laura Lopes,Diogo Gonçalves,04/05/25 06:30 PM,05/08/25 03:33 PM,1382443,Inbound,,,C_FAKE_CHAT,FAKE-WRAP-UP-COMPLETED,[LT] Fluxo_FAKE_v3,fa3bc921-c484-4743-8c8b-a7603e3a0dfc
YES,,Queue: C_FAKE_EMAIL,call,Sr. Lorenzo Lopes; Srta. Olivia Duarte,Sabrina Oliveira,05/21/25 12:58 PM,01/31/25 10:45 PM,668482,Outbound,,,C_FAKE_EMAIL,FAKE-WRAP-UP-COMPLETED,[LT] Fluxo_FAKE_v1,1391d18a-8171-4955-8f7a-1e435a1ba9db
YES,,Queue: C_FAKE_EMAIL,message,Dr. Otávio Dias; Valentina Peixoto,Miguel Costela,07/28/25 06:56 PM,04/06/25 03:02 AM,1070584,Outbound,,,C_FAKE_EMAIL,FAKE-WRAP-UP-COMPLETED,[LT] Fluxo_FAKE_v3,ac92275a-6859-4dc4-a8c5-a3b0c6c55054
YES,,Queue: C_FAKE_CHAT,call,Natália Cunha; Emanuella Gomes,Dr. Cauã Cardoso,06/08/25 03:31 PM,06/13/25 12:12 PM,1551508,Outbound,,,C_FAKE_CHAT,FAKE-WRAP-UP-TIMEOUT,[LT] Fluxo_FAKE_v3,93758195-25fd-42f4-bbb6-1ff781496136
YES,,Queue: C_FAKE_WHATSAPP,call,Marina da Paz,Ramos Alves S.A.,02/16/25 09:50 PM,06/12/25 01:52 PM,1909845,Outbound,,,C_FAKE_EMAIL,FAKE-WRAP-UP-DELETED,[LT] Fluxo_FAKE_v3,b61d1f43-8df8-4ff9-83f8-6f2d436c9e18
YES,,Queue: C_FAKE_EMAIL,email,Sofia Castro,Azevedo Pinto S/A,03/06/25 07:57 PM,01/29/25 08:32 AM,377834,Outbound,,,C_FAKE_SUPPORT,FAKE-WRAP-UP-TIMEOUT,[LT] Fluxo_FAKE_v3,8780d6ca-ddeb-48d4-83d0-4bac21e38238
YES,,Queue: C_FAKE_CHAT,call,Lara Moraes; João Duarte,Costa,05/11/25 07:16 PM,05/11/25 05:43 PM,1247846,Outbound,,,C_FAKE_WHATSAPP,FAKE-WRAP-UP-COMPLETED,[LT] Fluxo_FAKE_v2,1b96ee81-9ddb-4fea-9bd7-871c976b1a33
YES,,Queue: C_FAKE_CHAT,call,Srta. Ana Julia Moraes; Júlia Porto,Sra. Evelyn Rocha,02/22/25 06:36 AM,03/13/25 05:53 AM,935544,Inbound,,,C_FAKE_CHAT,FAKE-WRAP-UP-DELETED,[LT] Fluxo_FAKE_v2,ea956113-96ed-4815-8415-ac73b944e469
YES,,Queue: C_FAKE_EMAIL,message,Ana Júlia da Costa; Nicolas Moura,Nascimento,05/05/25 10:41 AM,06/20/25 07:55 AM,1734461,Inbound,,,C_FAKE_CHAT,FAKE-WRAP-UP-COMPLETED,[LT] Fluxo_FAKE_v3,968c77f1-b8f7-4f48-8238-03582d3dab8a
YES,,Queue: C_FAKE_EMAIL,message,Vitor Castro; Heitor Sales,Sr. Miguel Silveira,07/23/25 11:09 PM,08/14/25 04:23 AM,816605,Inbound/Outbound,,,C_FAKE_WHATSAPP,FAKE-WRAP-UP-DELETED,[LT] Fluxo_FAKE_v3,6d3b867c-ed94-4378-9814-abe0821b390c
YES,,Queue: C_FAKE_EMAIL,email,Igor Nogueira; Sr. Danilo Barbosa,Pinto Silveira Ltda.,08/12/25 08:40 AM,08/28/25 12:39 AM,907400,Outbound,,,C_FAKE_CHAT,FAKE-WRAP-UP-COMPLETED,[LT] Fluxo_FAKE_v1,48e80f79-58eb-4462-9976-a39a507a61a9
YES,,Queue: C_FAKE_WHATSAPP,call,Cauã Gomes; Luigi Pires,Davi Luiz Gomes,04/11/25 06:03 PM,08/24/25 09:54 AM,994738,Inbound/Outbound,,,C_FAKE_EMAIL,FAKE-WRAP-UP-TIMEOUT,[LT] Fluxo_FAKE_v3,3b4f068e-ecad-422d-9b2a-a4e4c0e354e7
YES,,Queue: C_FAKE_CHAT,email,Emilly da Conceição; Emanuel Vieira,Sophia da Cunha,01/11/25 02:55 PM,08/21/25 09:24 AM,1983375,Outbound,,,C_FAKE_SUPPORT,FAKE-WRAP-UP-DELETED,[LT] Fluxo_FAKE_v3,e401461a-f5b9-4b3c-8a2c-bb1be70cf274
YES,,Queue: C_FAKE_WHATSAPP,message,Maria Alice da Mota; Luigi Araújo,Sr. Gustavo Henrique Pereira,06/22/25 06:03 PM,07/22/25 07:04 AM,1898982,Outbound,,,C_FAKE_CHAT,FAKE-WRAP-UP-TIMEOUT,[LT] Fluxo_FAKE_v1,4b814a84-742f-490e-94be-e4e4204d3f55
YES,,Queue: C_FAKE_WHATSAPP,message,Theo Costa; Larissa Sales,Bryan Cunha,04/19/25 03:22 AM,02/15/25 05:30 AM,982566,Inbound/Outbound,,,C_FAKE_EMAIL,FAKE-WRAP-UP-TIMEOUT,[LT] Fluxo_FAKE_v1,143dbd6c-cdbb-4c1f-9a8d-785ef7eba7e9
YES,,Queue: C_FAKE_EMAIL,email,Srta. Sabrina Cardoso,da Cruz,07/16/25 10:08 PM,05/11/25 05:34 AM,1332663,Inbound/Outbound,,,C_FAKE_WHATSAPP,FAKE-WRAP-UP-DELETED,[LT] Fluxo_FAKE_v3,bc4b2732-a170-420c-b416-386b46af040d
YES,,Queue: C_FAKE_WHATSAPP,message,Nicole Cardoso,Dra. Gabrielly Azevedo,06/18/25 07:22 AM,02/09/25 12:09 AM,1462148,Inbound/Outbound,,,C_FAKE_SUPPORT,FAKE-WRAP-UP-TIMEOUT,[LT] Fluxo_FAKE_v2,8573b517-cb50-4544-b481-acdeeeafab56
YES,,Queue: C_FAKE_CHAT,email,Sr. Matheus Azevedo,Farias S.A.,08/16/25 05:06 PM,05/27/25 02:31 AM,894301,Inbound,,,C_FAKE_CHAT,FAKE-WRAP-UP-COMPLETED,[LT] Fluxo_FAKE_v3,ac6082a4-385f-473d-b173-16d5df42eabd
YES,,Queue: C_FAKE_CHAT,message,Francisco Ribeiro,Rodrigues da Mata e Filhos,07/12/25 09:49 PM,04/20/25 06:01 PM,1650531,Inbound/Outbound,,,C_FAKE_WHATSAPP,FAKE-WRAP-UP-COMPLETED,[LT] Fluxo_FAKE_v1,e0389eb7-a280-4710-b2d5-ad8721bd1db7
YES,,Queue: C_FAKE_CHAT,message,Luiz Henrique da Rosa,Pinto S/A,07/10/25 01:34 PM,08/05/25 02:29 PM,1831499,Inbound/Outbound,,,C_FAKE_CHAT,FAKE-WRAP-UP-COMPLETED,[LT] Fluxo_FAKE_v1,2d98f251-b5c1-4027-b563-559e9c78bade
YES,,Queue: C_FAKE_WHATSAPP,call,Kaique Ferreira,Duarte,09/05/25 03:55 PM,05/16/25 10:09 AM,1868407,Outbound,,,C_FAKE_WHATSAPP,FAKE-WRAP-UP-COMPLETED,[LT] Fluxo_FAKE_v3,f44f5031-a82d-4879-87cc-4d1c7bf6b2ad
YES,,Queue: C_FAKE_WHATSAPP,email,Heitor Dias,Rodrigues,07/10/25 09:11 AM,09/02/25 04:16 PM,480572,Inbound/Outbound,,,C_FAKE_CHAT,FAKE-WRAP-UP-COMPLETED,[LT] Fluxo_FAKE_v3,8b1d2284-5b6c-4b7a-990c-2e2a6467e0c0
YES,,Queue: C_FAKE_EMAIL,call,Evelyn Castro,Correia Gomes - ME,06/23/25 03:57 PM,05/07/25 08:55 AM,290043,Outbound,,,C_FAKE_CHAT,FAKE-WRAP-UP-TIMEOUT,[LT] Fluxo_FAKE_v1,1da6536d-6cc3-48aa-a994-3d143f555c7d
YES,,Queue: C_FAKE_WHATSAPP,email,Lucas Gabriel Lopes,Monteiro e Filhos,06/04/25 02:27 PM,02/19/25 05:35 PM,1790129,Outbound,,,C_FAKE_SUPPORT,FAKE-WRAP-UP-DELETED,[LT] Fluxo_FAKE_v1,d712288a-7bd6-4d37-a1d5-fceac610024b
YES,,Queue: C_FAKE_WHATSAPP,message,Maria Vitória Oliveira,Araújo Gonçalves Ltda.,07/17/25 02:07 AM,03/25/25 12:56 PM,936659,Inbound/Outbound,,,C_FAKE_EMAIL,FAKE-WRAP-UP-TIMEOUT,[LT] Fluxo_FAKE_v2,68b49b00-c867-48b2-99da-5f47e3caa0c4
YES,,Queue: C_FAKE_CHAT,email,Matheus Martins,Renan Lopes,06/09/25 04:55 PM,06/01/25 11:54 PM,313596,Inbound,,,C_FAKE_EMAIL,FAKE-WRAP-UP-TIMEOUT,[LT] Fluxo_FAKE_v1,660fdc40-6cd9-4c3f-b123-bc96cf1ca021
YES,,Queue: C_FAKE_EMAIL,message,Benjamin Fogaça,Sabrina das Neves,05/12/25 11:33 PM,09/05/25 02:25 AM,970229,Inbound,,,C_FAKE_SUPPORT,FAKE-WRAP-UP-COMPLETED,[LT] Fluxo_FAKE_v1,72984bb6-4efa-4dc3-8bae-4fc1d18ad3ca
YES,,Queue: C_FAKE_WHATSAPP,call,Clarice da Cunha,Cecília Correia,08/27/25 04:24 AM,08/26/25 04:36 AM,525910,Inbound/Outbound,,,C_FAKE_SUPPORT,FAKE-WRAP-UP-TIMEOUT,[LT] Fluxo_FAKE_v2,8a2e30d6-9ade-4cc2-a114-419854662ea9
YES,,Queue: C_FAKE_WHATSAPP,message,Thiago Aragão; Ana Laura Melo,Vieira,01/25/25 03:32 PM,01/20/25 02:43 AM,599471,Inbound,,,C_FAKE_SUPPORT,FAKE-WRAP-UP-DELETED,[LT] Fluxo_FAKE_v1,8914bc96-5cb2-4033-b5e0-edd684c62e4b
YES,,Queue: C_FAKE_CHAT,message,Davi Lucca Teixeira; Raquel Dias,da Cruz,05/26/25 04:48 AM,05/09/25 05:49 PM,933147,Outbound,,,C_FAKE_EMAIL,FAKE-WRAP-UP-COMPLETED,[LT] Fluxo_FAKE_v2,bbbbcccc-8d8e-452b-b732-8d1569d445f3
YES,,Queue: C_FAKE_WHATSAPP,email,André Azevedo,Vitor Gabriel Souza,02/09/25 07:33 PM,07/14/25 06:18 PM,719225,Inbound,,,C_FAKE_CHAT,FAKE-WRAP-UP-TIMEOUT,[LT] Fluxo_FAKE_v2,0ad33361-7c22-4735-8a95-7c2e65df39cb
YES,,Queue: C_FAKE_CHAT,email,Gustavo Henrique Jesus,Dias e Filhos,04/07/25 01:05 AM,01/14/25 02:50 AM,912002,Inbound/Outbound,,,C_FAKE_EMAIL,FAKE-WRAP-UP-TIMEOUT,[LT] Fluxo_FAKE_v3,d0207ede-1fa7-4e6b-bffa-749e45bfd2c3
YES,,Queue: C_FAKE_WHATSAPP,message,Milena Nunes,Fogaça Cardoso S/A,01/29/25 04:42 PM,07/15/25 10:22 PM,1412595,Inbound/Outbound,,,C_FAKE_WHATSAPP,FAKE-WRAP-UP-TIMEOUT,[LT] Fluxo_FAKE_v2,bb8e37e2-c32b-4a73-b417-dee1b8dc6390
YES,,Queue: C_FAKE_EMAIL,call,Alexia Alves,Castro Novaes S.A.,08/24/25 05:27 AM,05/02/25 05:49 AM,901123,Inbound/Outbound,,,C_FAKE_CHAT,FAKE-WRAP-UP-DELETED,[LT] Fluxo_FAKE_v3,8329bd1a-6cd6-4edf-92df-c152c8e6cd4b
YES,,Queue: C_FAKE_EMAIL,message,Srta. Fernanda Freitas,Catarina Castro,04/13/25 03:10 PM,08/12/25 06:35 PM,1323045,Outbound,,,C_FAKE_EMAIL,FAKE-WRAP-UP-TIMEOUT,[LT] Fluxo_FAKE_v1,6df5fa4a-4a8e-4dd2-a067-982478adb182
YES,,Queue: C_FAKE_WHATSAPP,email,Enzo Gabriel Oliveira; Emilly Rocha,Samuel Teixeira,07/16/25 05:47 PM,04/05/25 11:58 PM,263543,Outbound,,,C_FAKE_WHATSAPP,FAKE-WRAP-UP-COMPLETED,[LT] Fluxo_FAKE_v2,7f3dadbd-fe3f-4662-8468-0a4a61e5835e
YES,,Queue: C_FAKE_CHAT,call,Sra. Isadora Viana,Porto S.A.,08/13/25 10:13 AM,01/10/25 04:00 PM,1351875,Outbound,,,C_FAKE_SUPPORT,FAKE-WRAP-UP-COMPLETED,[LT] Fluxo_FAKE_v3,72742e76-3b6b-4cb7-856d-be2965b8a38c
YES,,Queue: C_FAKE_EMAIL,call,Dr. Miguel Cavalcanti,Gabriela Melo,02/25/25 08:02 PM,09/02/25 03:13 PM,1842115,Inbound/Outbound,,,C_FAKE_WHATSAPP,FAKE-WRAP-UP-TIMEOUT,[LT] Fluxo_FAKE_v2,8f962ff2-186b-4a71-9569-12ddf9cf2bd2
YES,,Queue: C_FAKE_WHATSAPP,call,Emanuel Rodrigues; Elisa Cardoso,João Ribeiro,07/23/25 06:29 AM,08/09/25 01:27 AM,651039,Inbound/Outbound,,,C_FAKE_CHAT,FAKE-WRAP-UP-TIMEOUT,[LT] Fluxo_FAKE_v1,c474e1c0-0f16-4af8-bb80-8449c2b579c2
YES,,Queue: C_FAKE_EMAIL,call,Eloah Oliveira; Vicente Mendes,Arthur Martins,08/08/25 01:05 PM,08/21/25 12:34 PM,1898954,Inbound/Outbound,,,C_FAKE_EMAIL,FAKE-WRAP-UP-DELETED,[LT] Fluxo_FAKE_v3,44a524d9-016d-46d9-9f15-e6676812a17c
YES,,Queue: C_FAKE_CHAT,email,Srta. Sophia Rodrigues,Lopes,04/02/25 01:14 PM,05/05/25 11:44 PM,1219369,Outbound,,,C_FAKE_CHAT,FAKE-WRAP-UP-TIMEOUT,[LT] Fluxo_FAKE_v2,83b1c1ec-7ba5-45df-b578-6277761c7a2b
YES,,Queue: C_FAKE_EMAIL,email,Sarah Cardoso,Pereira e Filhos,01/31/25 02:23 AM,05/26/25 09:38 PM,1420307,Inbound,,,C_FAKE_SUPPORT,FAKE-WRAP-UP-COMPLETED,[LT] Fluxo_FAKE_v2,297eef2f-037c-4599-81c3-53c4209595a4
YES,,Queue: C_FAKE_CHAT,call,Sofia Costa,Eduardo Pires,02/14/25 03:25 AM,01/16/25 04:05 AM,1014217,Inbound,,,C_FAKE_CHAT,FAKE-WRAP-UP-TIMEOUT,[LT] Fluxo_FAKE_v2,2bb47157-7ec4-49d8-ac97-34c0e2b05055
YES,,Queue: C_FAKE_WHATSAPP,email,Yasmin Souza; Beatriz Vieira,Juliana Alves,04/26/25 05:55 AM,02/15/25 03:57 PM,386268,Inbound/Outbound,,,C_FAKE_WHATSAPP,FAKE-WRAP-UP-DELETED,[LT] Fluxo_FAKE_v2,b84e2f11-4b52-4dc2-bee9-19726f7b93e7
YES,,Queue: C_FAKE_EMAIL,message,Emanuelly Silveira; Dr. Miguel da Cunha,Gustavo Silveira,03/21/25 09:43 AM,08/27/25 10:53 AM,1684919,Outbound,,,C_FAKE_SUPPORT,FAKE-WRAP-UP-TIMEOUT,[LT] Fluxo_FAKE_v3,84f612df-5f0a-44fb-b6e7-d214f3b5f7d7
YES,,Queue: C_FAKE_CHAT,email,Eloah Ribeiro,da Rocha,05/09/25 05:28 AM,02/22/25 01:27 PM,996716,Outbound,,,C_FAKE_EMAIL,FAKE-WRAP-UP-COMPLETED,[LT] Fluxo_FAKE_v2,d4541573-b70f-4392-863d-aa902a0b83f4
YES,,Queue: C_FAKE_EMAIL,message,Alana Lopes,da Luz,02/28/25 09:21 AM,07/02/25 05:19 PM,387906,Inbound/Outbound,,,C_FAKE_WHATSAPP,FAKE-WRAP-UP-TIMEOUT,[LT] Fluxo_FAKE_v1,016f2931-fa1b-4bac-be49-95a4112a0ef5
YES,,Queue: C_FAKE_EMAIL,call,Samuel da Mota,Ryan Castro,07/28/25 08:01 PM,06/28/25 02:24 AM,461756,Inbound/Outbound,,,C_FAKE_CHAT,FAKE-WRAP-UP-COMPLETED,[LT] Fluxo_FAKE_v3,9ffe3709-0fa4-4293-983f-36db54beb7e0
YES,,Queue: C_FAKE_EMAIL,call,Maria Vitória da Cruz; João Felipe das Neves,Alves,03/16/25 07:32 PM,04/17/25 03:16 PM,902207,Outbound,,,C_FAKE_SUPPORT,FAKE-WRAP-UP-COMPLETED,[LT] Fluxo_FAKE_v3,de3b5a64-e958-4430-921c-f64348c08457
YES,,Queue: C_FAKE_WHATSAPP,message,Maria Luiza Lima; Dr. Fernando Viana,Mirella da Paz,01/31/25 02:07 AM,08/19/25 03:47 AM,1491440,Outbound,,,C_FAKE_SUPPORT,FAKE-WRAP-UP-DELETED,[LT] Fluxo_FAKE_v3,3768b54a-bb0c-486a-9a5c-a75227051d96
YES,,Queue: C_FAKE_CHAT,message,Davi Ferreira; Ana Lívia Costela,Maria Sophia Nogueira,05/09/25 05:18 AM,08/12/25 01:30 PM,496848,Inbound,,,C_FAKE_WHATSAPP,FAKE-WRAP-UP-TIMEOUT,[LT] Fluxo_FAKE_v3,9ad28c4a-9798-439e-9a78-6fcac5a06501
YES,,Queue: C_FAKE_WHATSAPP,message,Vicente Ribeiro,Davi Luiz Almeida,04/01/25 12:49 AM,03/26/25 01:23 AM,149297,Outbound,,,C_FAKE_CHAT,FAKE-WRAP-UP-DELETED,[LT] Fluxo_FAKE_v1,9d6ba3b5-cda8-48b5-adf6-cca41761f1ce
YES,,Queue: C_FAKE_EMAIL,email,Danilo da Cunha; Agatha Martins,Benjamin Cunha,07/18/25 05:26 PM,06/20/25 06:11 PM,1241766,Inbound,,,C_FAKE_SUPPORT,FAKE-WRAP-UP-TIMEOUT,[LT] Fluxo_FAKE_v3,53bc20e0-78c0-4d8b-aa33-19bc6ce763e1
YES,,Queue: C_FAKE_WHATSAPP,email,Luiz Fernando Costa,Novaes Nascimento - ME,07/04/25 06:27 AM,05/18/25 08:45 PM,103196,Inbound,,,C_FAKE_SUPPORT,FAKE-WRAP-UP-COMPLETED,[LT] Fluxo_FAKE_v2,51251262-85a0-4af6-96b1-ba8c4fcf9f89
YES,,Queue: C_FAKE_EMAIL,message,Ana Júlia da Rosa,Freitas da Conceição - ME,08/06/25 04:06 PM,06/21/25 12:26 PM,670141,Inbound/Outbound,,,C_FAKE_SUPPORT,FAKE-WRAP-UP-COMPLETED,[LT] Fluxo_FAKE_v3,4023539b-c9f9-4d37-b1f2-0ebf7d76c495
YES,,Queue: C_FAKE_WHATSAPP,call,Ana Vitória Pinto; Isabel da Luz,João Guilherme Rezende,05/15/25 08:52 AM,06/14/25 04:41 PM,1767108,Inbound,,,C_FAKE_WHATSAPP,FAKE-WRAP-UP-TIMEOUT,[LT] Fluxo_FAKE_v2,e054dba1-8f4e-4920-9df2-055436ba4892
YES,,Queue: C_FAKE_WHATSAPP,email,João Miguel Moura; Vinicius Alves,Pires Moreira - EI,03/17/25 04:29 PM,01/03/25 04:19 AM,905408,Outbound,,,C_FAKE_CHAT,FAKE-WRAP-UP-TIMEOUT,[LT] Fluxo_FAKE_v3,18177e4a-5415-468e-8f75-c3d196107189
YES,,Queue: C_FAKE_WHATSAPP,email,Dr. Luiz Fernando Alves,Azevedo,09/09/25 08:30 AM,04/17/25 06:43 PM,1688265,Inbound,,,C_FAKE_WHATSAPP,FAKE-WRAP-UP-DELETED,[LT] Fluxo_FAKE_v3,0b3e2b6e-65f6-4897-ba8e-5e5ca444c040
YES,,Queue: C_FAKE_CHAT,message,Dra. Eloah Freitas,Ana Carolina Araújo,07/02/25 08:15 PM,08/24/25 10:44 PM,1225269,Inbound,,,C_FAKE_CHAT,FAKE-WRAP-UP-DELETED,[LT] Fluxo_FAKE_v3,2c7c4106-7d84-4537-b458-d92ca1da7c7a
YES,,Queue: C_FAKE_WHATSAPP,email,Sofia Viana,Arthur Moura,01/12/25 04:46 AM,08/27/25 12:49 AM,650049,Inbound/Outbound,,,C_FAKE_WHATSAPP,FAKE-WRAP-UP-TIMEOUT,[LT] Fluxo_FAKE_v1,b4a4cb80-2737-4316-b69b-8391e4ee8f51
YES,,Queue: C_FAKE_WHATSAPP,email,Srta. Ana Cardoso; Ana Vitória Caldeira,Maysa Caldeira,05/03/25 12:53 AM,02/07/25 08:32 PM,230334,Outbound,,,C_FAKE_WHATSAPP,FAKE-WRAP-UP-COMPLETED,[LT] Fluxo_FAKE_v1,fbc053a8-4708-4f0f-8b49-0e26db9eb2e6
YES,,Queue: C_FAKE_EMAIL,call,Pietro Aragão; Dr. Thales da Cunha,Rebeca Moreira,07/20/25 12:38 PM,01/06/25 12:05 PM,1981934,Outbound,,,C_FAKE_SUPPORT,FAKE-WRAP-UP-TIMEOUT,[LT] Fluxo_FAKE_v2,6a97cbce-6736-49ef-aa1c-5dcaf0c7915e
YES,,Queue: C_FAKE_EMAIL,email,Natália Caldeira; Diogo Santos,Thomas Fogaça,02/02/25 02:38 PM,03/09/25 12:36 AM,1706756,Inbound,,,C_FAKE_CHAT,FAKE-WRAP-UP-COMPLETED,[LT] Fluxo_FAKE_v2,9bc88efe-4688-4612-8b64-e782718296af
YES,,Queue: C_FAKE_EMAIL,email,Ryan Santos; Camila Almeida,Guilherme Monteiro,02/15/25 05:10 PM,05/13/25 02:34 PM,423860,Inbound,,,C_FAKE_CHAT,FAKE-WRAP-UP-TIMEOUT,[LT] Fluxo_FAKE_v2,b2403468-d60b-44a9-9173-cd93775c4f30
YES,,Queue: C_FAKE_CHAT,message,Miguel Rezende; Carlos Eduardo Carvalho,Carvalho da Mata Ltda.,08/18/25 01:54 PM,09/01/25 08:34 AM,1468608,Outbound,,,C_FAKE_CHAT,FAKE-WRAP-UP-TIMEOUT,[LT] Fluxo_FAKE_v2,2b5997f2-c447-4e3f-8525-c1b4f73c6a1f
YES,,Queue: C_FAKE_EMAIL,message,Enrico Moura,Ana Júlia Farias,04/30/25 12:44 PM,09/07/25 10:49 AM,538863,Inbound/Outbound,,,C_FAKE_WHATSAPP,FAKE-WRAP-UP-DELETED,[LT] Fluxo_FAKE_v3,30eb0400-dd55-4095-a6c7-5732f151ff15
YES,,Queue: C_FAKE_WHATSAPP,email,Dra. Ana Lima,Nascimento e Filhos,04/22/25 11:44 AM,03/11/25 03:07 AM,1025581,Inbound/Outbound,,,C_FAKE_SUPPORT,FAKE-WRAP-UP-COMPLETED,[LT] Fluxo_FAKE_v3,50c74b31-90a6-4567-a3f2-f68f476a2533
YES,,Queue: C_FAKE_WHATSAPP,email,Clarice da Mota; Eduardo da Luz,Ferreira,06/20/25 05:21 PM,04/13/25 05:44 PM,1031310,Inbound,,,C_FAKE_EMAIL,FAKE-WRAP-UP-TIMEOUT,[LT] Fluxo_FAKE_v1,94256e90-5aeb-4055-bd69-258017a85108
YES,,Queue: C_FAKE_CHAT,call,Dr. Vitor Silveira,Marina da Cunha,01/15/25 06:21 AM,08/16/25 06:40 AM,1442942,Inbound,,,C_FAKE_CHAT,FAKE-WRAP-UP-TIMEOUT,[LT] Fluxo_FAKE_v2,9197107c-89b7-42ed-a7dc-3b6562bbf84c
YES,,Queue: C_FAKE_WHATSAPP,message,Samuel Pinto; Dr. Emanuel Mendes,Carvalho,07/19/25 08:02 AM,03/23/25 08:04 PM,969241,Inbound,,,C_FAKE_CHAT,FAKE-WRAP-UP-TIMEOUT,[LT] Fluxo_FAKE_v2,42c6cc42-77ba-49f1-b7df-8dfb421a4d96
YES,,Queue: C_FAKE_CHAT,call,Carlos Eduardo Silveira; Marina da Mata,Cunha,07/01/25 11:03 AM,08/16/25 09:33 PM,1982973,Outbound,,,C_FAKE_EMAIL,FAKE-WRAP-UP-COMPLETED,[LT] Fluxo_FAKE_v2,60beb85d-9053-417b-9f4d-ec1d52af891a
YES,,Queue: C_FAKE_EMAIL,call,Maria Sophia Azevedo; Sr. Pedro Lucas Moraes,Davi Lucca Peixoto,07/04/25 03:56 PM,05/10/25 11:44 PM,1439083,Inbound,,,C_FAKE_WHATSAPP,FAKE-WRAP-UP-COMPLETED,[LT] Fluxo_FAKE_v1,19a7361b-e729-406f-a5db-8ca356302021
YES,,Queue: C_FAKE_CHAT,message,João Gabriel Lima; Lucas Gabriel Viana,Aragão Pires - EI,06/27/25 06:22 AM,08/19/25 12:31 PM,1410253,Inbound,,,C_FAKE_EMAIL,FAKE-WRAP-UP-DELETED,[LT] Fluxo_FAKE_v3,bb1fdb98-6f5a-481a-b1ca-a64c93727484
YES,,Queue: C_FAKE_EMAIL,email,Lorena Farias,Thiago Moura,08/22/25 09:11 AM,05/12/25 05:15 AM,1168307,Inbound,,,C_FAKE_EMAIL,FAKE-WRAP-UP-TIMEOUT,[LT] Fluxo_FAKE_v2,4cd82847-66b1-4859-adb5-d5e67b88e4ef
YES,,Queue: C_FAKE_EMAIL,call,Enzo Santos; Kaique Pereira,Nunes,08/19/25 07:52 AM,01/12/25 02:09 AM,1927693,Inbound/Outbound,,,C_FAKE_CHAT,FAKE-WRAP-UP-COMPLETED,[LT] Fluxo_FAKE_v3,ec1f5d97-2a98-4090-831f-d30229fd9b08
YES,,Queue: C_FAKE_WHATSAPP,message,Noah Souza; Miguel Cunha,Rafael Melo,01/21/25 09:27 PM,02/05/25 02:34 AM,942329,Inbound/Outbound,,,C_FAKE_SUPPORT,FAKE-WRAP-UP-DELETED,[LT] Fluxo_FAKE_v1,2436c8de-c40c-4bde-8af9-19244f2c8cfd
YES,,Queue: C_FAKE_CHAT,message,Dr. João Vitor da Cunha,Agatha da Conceição,03/19/25 07:55 PM,03/08/25 07:47 PM,1588702,Inbound,,,C_FAKE_CHAT,FAKE-WRAP-UP-COMPLETED,[LT] Fluxo_FAKE_v1,2f4187bc-1493-494a-8eba-12da4d20d6cf
YES,,Queue: C_FAKE_CHAT,email,Emanuel Pinto; Thiago Farias,Rodrigo Moura,01/02/25 10:05 PM,07/05/25 09:10 AM,1266680,Inbound/Outbound,,,C_FAKE_CHAT,FAKE-WRAP-UP-COMPLETED,[LT] Fluxo_FAKE_v2,788664f3-1993-4dfe-983f-097d28c9d68c
YES,,Queue: C_FAKE_WHATSAPP,email,Nina Novaes,Srta. Lorena Nascimento,06/29/25 11:59 PM,04/05/25 06:31 AM,1158497,Inbound,,,C_FAKE_SUPPORT,FAKE-WRAP-UP-TIMEOUT,[LT] Fluxo_FAKE_v3,63380b42-1887-4a69-aabd-37dac357a620
YES,,Queue: C_FAKE_WHATSAPP,message,Ian Cunha,Martins,04/20/25 11:33 PM,06/14/25 09:29 PM,1728853,Outbound,,,C_FAKE_SUPPORT,FAKE-WRAP-UP-DELETED,[LT] Fluxo_FAKE_v1,12581998-88bb-45bb-a4d3-609098d0fc61
YES,,Queue: C_FAKE_EMAIL,call,Dr. Raul Araújo; Otávio da Luz,João Lucas Moreira,05/12/25 11:38 PM,07/14/25 05:54 PM,417817,Inbound,,,C_FAKE_WHATSAPP,FAKE-WRAP-UP-TIMEOUT,[LT] Fluxo_FAKE_v1,996337aa-9c4e-4662-8068-4d9cd2bfbc31
YES,,Queue: C_FAKE_EMAIL,email,Ana Julia Dias; Luiz Felipe da Mota,Enrico Jesus,06/19/25 02:13 AM,02/06/25 01:25 AM,1494825,Inbound/Outbound,,,C_FAKE_CHAT,FAKE-WRAP-UP-COMPLETED,[LT] Fluxo_FAKE_v2,2e0c5488-a76f-4d3c-a252-2f2656ef26a3
YES,,Queue: C_FAKE_WHATSAPP,message,Brenda Gomes; João Pedro Rocha,Francisco Peixoto,03/11/25 05:13 PM,03/05/25 12:19 PM,863210,Inbound,,,C_FAKE_WHATSAPP,FAKE-WRAP-UP-DELETED,[LT] Fluxo_FAKE_v1,d59042df-8470-44ae-aead-d1dc65f17e33
YES,,Queue: C_FAKE_EMAIL,email,Lucas Gabriel Cardoso; Sr. Pietro Nunes,Davi Lucca Lopes,02/19/25 11:56 PM,08/12/25 04:25 AM,1131477,Inbound/Outbound,,,C_FAKE_EMAIL,FAKE-WRAP-UP-COMPLETED,[LT] Fluxo_FAKE_v2,7466b319-afb1-44b5-a24d-2ff781c8d068
YES,,Queue: C_FAKE_EMAIL,call,Luigi Nunes,Stella Barros,04/28/25 03:44 PM,06/15/25 01:06 AM,1615538,Inbound/Outbound,,,C_FAKE_CHAT,FAKE-WRAP-UP-DELETED,[LT] Fluxo_FAKE_v3,1daf7374-a255-40ef-bdf7-f8f04236d2f9
YES,,Queue: C_FAKE_EMAIL,message,Yasmin Porto; Isadora Ribeiro,Teixeira,05/22/25 04:45 PM,02/13/25 08:51 AM,1882258,Inbound,,,C_FAKE_EMAIL,FAKE-WRAP-UP-COMPLETED,[LT] Fluxo_FAKE_v1,6c8f8833-fb11-4ab6-adc8-6df8c9162eb7
YES,,Queue: C_FAKE_WHATSAPP,email,Sophie Nogueira; Ana Júlia da Costa,Joaquim Ferreira,03/18/25 05:53 PM,07/19/25 11:10 PM,1660238,Outbound,,,C_FAKE_CHAT,FAKE-WRAP-UP-DELETED,[LT] Fluxo_FAKE_v2,df48d6fa-ba45-40ff-9d51-30aed015f623
YES,,Queue: C_FAKE_CHAT,call,Larissa Barros; Esther Barbosa,Rodrigues - ME,05/23/25 01:39 PM,01/20/25 10:43 AM,1361402,Inbound,,,C_FAKE_SUPPORT,FAKE-WRAP-UP-DELETED,[LT] Fluxo_FAKE_v1,5e8a35cb-afb7-49ba-996d-9303e3a060f1
YES,,Queue: C_FAKE_WHATSAPP,message,Kevin Mendes; Evelyn Araújo,da Luz,04/24/25 09:11 PM,05/19/25 02:24 PM,1459948,Outbound,,,C_FAKE_EMAIL,FAKE-WRAP-UP-COMPLETED,[LT] Fluxo_FAKE_v1,531b1e76-725f-475a-847c-1fe56ac475a5
YES,,Queue: C_FAKE_CHAT,call,Pedro Miguel Azevedo,Ana Sophia Moraes,01/15/25 05:15 AM,07/26/25 07:46 AM,1729040,Inbound,,,C_FAKE_WHATSAPP,FAKE-WRAP-UP-COMPLETED,[LT] Fluxo_FAKE_v1,2cdc1cc0-3fa6-4025-a56e-5170bd1a2704
YES,,Queue: C_FAKE_EMAIL,call,Luiz Otávio Castro; Thomas da Conceição,Luna Pinto,04/17/25 04:21 PM,05/15/25 03:14 AM,998760,Inbound,,,C_FAKE_EMAIL,FAKE-WRAP-UP-TIMEOUT,[LT] Fluxo_FAKE_v3,9e0383d4-b061-46ff-b541-82e8f8cb57ff
YES,,Queue: C_FAKE_WHATSAPP,message,Thomas Souza; Laís Barbosa,Igor Moura,01/15/25 08:51 PM,02/26/25 11:48 PM,766252,Outbound,,,C_FAKE_CHAT,FAKE-WRAP-UP-DELETED,[LT] Fluxo_FAKE_v2,a347cf55-b94b-4015-ba12-67979bfe970a
YES,,Queue: C_FAKE_WHATSAPP,email,João Miguel Silva; Srta. Heloísa Jesus,Juliana Aragão,03/13/25 10:21 AM,04/10/25 06:05 PM,1682716,Outbound,,,C_FAKE_SUPPORT,FAKE-WRAP-UP-DELETED,[LT] Fluxo_FAKE_v1,e2076595-be20-4925-a724-27a6b8ba61b8
YES,,Queue: C_FAKE_WHATSAPP,email,Leandro Correia; Murilo Ferreira,Silva,07/29/25 09:18 AM,04/05/25 03:56 PM,486354,Outbound,,,C_FAKE_WHATSAPP,FAKE-WRAP-UP-COMPLETED,[LT] Fluxo_FAKE_v3,5fcdf4b8-0c80-43f0-8c88-4185b1bad5eb
YES,,Queue: C_FAKE_CHAT,call,Lorena da Rosa,Emilly da Mata,04/18/25 12:27 PM,07/14/25 06:54 PM,1748406,Outbound,,,C_FAKE_EMAIL,FAKE-WRAP-UP-TIMEOUT,[LT] Fluxo_FAKE_v1,660f475f-9ac8-4b74-8bb5-c276abe377f3
YES,,Queue: C_FAKE_EMAIL,email,Renan Gomes,Alexandre Oliveira,03/22/25 10:39 AM,01/08/25 06:28 AM,1968521,Outbound,,,C_FAKE_SUPPORT,FAKE-WRAP-UP-COMPLETED,[LT] Fluxo_FAKE_v2,2138681b-a83f-48e2-aa11-315ac8347776
YES,,Queue: C_FAKE_WHATSAPP,call,Gabriel Rezende; Vitória Lopes,Enzo Gabriel das Neves,01/08/25 12:27 AM,05/07/25 01:34 AM,688510,Outbound,,,C_FAKE_WHATSAPP,FAKE-WRAP-UP-COMPLETED,[LT] Fluxo_FAKE_v1,49af5000-9c83-4fae-9050-1d6538973d15
YES,,Queue: C_FAKE_CHAT,call,Dra. Maria Ramos; Kamilly Melo,Ribeiro,08/05/25 01:44 PM,01/05/25 09:08 PM,1181159,Inbound,,,C_FAKE_EMAIL,FAKE-WRAP-UP-TIMEOUT,[LT] Fluxo_FAKE_v2,58ab766f-51d4-4c6a-9731-4c4657cb9e5b
YES,,Queue: C_FAKE_WHATSAPP,email,Brenda Rezende,Sra. Cecília Teixeira,03/08/25 12:38 AM,06/01/25 11:38 AM,112120,Outbound,,,C_FAKE_SUPPORT,FAKE-WRAP-UP-TIMEOUT,[LT] Fluxo_FAKE_v1,a923895d-0842-4e20-a726-f5b4417511f4
YES,,Queue: C_FAKE_CHAT,message,Ana Júlia Rodrigues; Isabel Cardoso,Souza Moura Ltda.,04/24/25 07:59 AM,05/03/25 11:09 AM,1324461,Outbound,,,C_FAKE_CHAT,FAKE-WRAP-UP-TIMEOUT,[LT] Fluxo_FAKE_v2,07918b35-77a6-4918-acac-1f3b7395734b
YES,,Queue: C_FAKE_CHAT,call,Pedro Henrique da Cunha,Pinto,06/11/25 07:44 AM,01/10/25 02:10 AM,162784,Inbound/Outbound,,,C_FAKE_WHATSAPP,FAKE-WRAP-UP-DELETED,[LT] Fluxo_FAKE_v3,8e72d17c-48ac-4cf8-b92d-edcdc05afd94
YES,,Queue: C_FAKE_WHATSAPP,message,Sra. Eduarda Nascimento,Nascimento Costa S/A,06/03/25 04:39 PM,03/26/25 06:45 PM,1585148,Inbound/Outbound,,,C_FAKE_CHAT,FAKE-WRAP-UP-DELETED,[LT] Fluxo_FAKE_v1,921c5875-1c52-4dd1-bdfc-4a9d3618187c
YES,,Queue: C_FAKE_CHAT,call,Davi da Cruz; Sra. Maria Clara Oliveira,Sr. Kaique Freitas,05/05/25 01:03 AM,05/22/25 01:02 AM,1652712,Outbound,,,C_FAKE_WHATSAPP,FAKE-WRAP-UP-DELETED,[LT] Fluxo_FAKE_v2,e27f7dc7-aa0b-46ea-9b0b-249da159bef3
YES,,Queue: C_FAKE_EMAIL,email,Maysa Lopes,Maria Alice Teixeira,06/02/25 07:19 AM,03/29/25 10:04 AM,1356847,Inbound,,,C_FAKE_WHATSAPP,FAKE-WRAP-UP-DELETED,[LT] Fluxo_FAKE_v3,c1bf7df8-7ead-43bc-a76a-504cdbeb21e2
YES,,Queue: C_FAKE_WHATSAPP,call,Esther Porto; Davi Nunes,Almeida,07/26/25 08:48 PM,05/10/25 05:37 PM,613214,Inbound/Outbound,,,C_FAKE_WHATSAPP,FAKE-WRAP-UP-TIMEOUT,[LT] Fluxo_FAKE_v3,2c19ee3d-a7fc-4bad-b6ca-1cbec34fb3a9
YES,,Queue: C_FAKE_WHATSAPP,email,Ana Luiza Nogueira,Peixoto,06/09/25 08:12 AM,03/15/25 08:26 AM,896867,Inbound,,,C_FAKE_SUPPORT,FAKE-WRAP-UP-DELETED,[LT] Fluxo_FAKE_v1,3964afe6-9e6e-47d7-876f-3b07a2ec377a
YES,,Queue: C_FAKE_EMAIL,call,Paulo Santos,Noah Oliveira,01/09/25 08:49 PM,05/07/25 05:24 AM,738922,Outbound,,,C_FAKE_EMAIL,FAKE-WRAP-UP-COMPLETED,[LT] Fluxo_FAKE_v1,91be0c2a-2a9d-4c6a-bffc-1e139c1cac23
YES,,Queue: C_FAKE_CHAT,message,Lorena Carvalho; Sr. Vinicius Nogueira,da Cruz Ramos Ltda.,04/03/25 10:34 PM,03/10/25 01:05 AM,1825450,Inbound,,,C_FAKE_EMAIL,FAKE-WRAP-UP-COMPLETED,[LT] Fluxo_FAKE_v2,ebdfeeb4-b679-4210-afe8-771678e00f78
YES,,Queue: C_FAKE_CHAT,message,Igor Costela,Campos,01/12/25 11:54 PM,03/22/25 09:26 AM,1481040,Outbound,,,C_FAKE_WHATSAPP,FAKE-WRAP-UP-TIMEOUT,[LT] Fluxo_FAKE_v1,3ebb65f1-758d-4aee-b60f-dd9593ddbda1
YES,,Queue: C_FAKE_CHAT,message,Maria Pires,Davi Rezende,07/14/25 06:20 AM,09/07/25 02:05 AM,1811382,Inbound,,,C_FAKE_EMAIL,FAKE-WRAP-UP-COMPLETED,[LT] Fluxo_FAKE_v2,d67f017d-9aa0-4078-8dbe-6de61c74cdfd
YES,,Queue: C_FAKE_WHATSAPP,call,Sr. Felipe Rezende; Srta. Agatha Azevedo,Silveira,07/02/25 02:40 PM,05/30/25 03:24 PM,820217,Outbound,,,C_FAKE_WHATSAPP,FAKE-WRAP-UP-DELETED,[LT] Fluxo_FAKE_v2,f5239f95-6ac6-4272-8875-7d0612037b06
YES,,Queue: C_FAKE_CHAT,call,Theo Teixeira,Theo Teixeira,01/10/25 05:05 AM,06/20/25 07:18 AM,1694550,Inbound/Outbound,,,C_FAKE_CHAT,FAKE-WRAP-UP-COMPLETED,[LT] Fluxo_FAKE_v2,0f4e2726-b9dd-478e-93e7-acd97b163453
YES,,Queue: C_FAKE_CHAT,call,João Vitor Barbosa,Nunes,07/18/25 04:04 PM,09/02/25 09:12 AM,1070055,Inbound/Outbound,,,C_FAKE_SUPPORT,FAKE-WRAP-UP-COMPLETED,[LT] Fluxo_FAKE_v3,c99496ab-6db7-4a7e-b0a6-d78ba64e2384
YES,,Queue: C_FAKE_WHATSAPP,call,Calebe da Conceição,Vitor Hugo Correia,03/07/25 02:45 PM,05/23/25 07:41 AM,1151007,Inbound/Outbound,,,C_FAKE_SUPPORT,FAKE-WRAP-UP-TIMEOUT,[LT] Fluxo_FAKE_v1,2456d767-56ff-46fd-a812-cf1b69b35bf2
YES,,Queue: C_FAKE_EMAIL,message,Lucca da Rocha,Caio Melo,09/07/25 08:12 AM,01/29/25 06:22 PM,462355,Inbound/Outbound,,,C_FAKE_WHATSAPP,FAKE-WRAP-UP-COMPLETED,[LT] Fluxo_FAKE_v3,7dd7fc59-b586-44b5-a631-a9ee754f595f
YES,,Queue: C_FAKE_WHATSAPP,email,Vitor Gabriel Ferreira,Dr. Ryan Pires,05/09/25 09:59 AM,06/24/25 09:48 PM,1724841,Inbound,,,C_FAKE_CHAT,FAKE-WRAP-UP-TIMEOUT,[LT] Fluxo_FAKE_v1,4679fe6e-9177-4972-8207-291eb3167953
YES,,Queue: C_FAKE_WHATSAPP,email,Alícia Cunha; Luiz Henrique Gomes,Enzo Gabriel Moura,08/07/25 08:34 PM,05/21/25 08:50 PM,1328004,Outbound,,,C_FAKE_WHATSAPP,FAKE-WRAP-UP-COMPLETED,[LT] Fluxo_FAKE_v3,f1dde1f6-4e81-42da-8a8d-4853b6bbcd58
YES,,Queue: C_FAKE_EMAIL,email,Srta. Maria Fernanda Lima,Pires,04/25/25 12:28 PM,03/01/25 11:29 PM,1185643,Inbound,,,C_FAKE_EMAIL,FAKE-WRAP-UP-DELETED,[LT] Fluxo_FAKE_v2,20e8dae1-b1f0-4d9b-8e21-7fb3be654bf9
YES,,Queue: C_FAKE_EMAIL,email,Otávio Gonçalves,Eloah Dias,01/11/25 09:01 PM,03/24/25 04:49 AM,263944,Outbound,,,C_FAKE_EMAIL,FAKE-WRAP-UP-TIMEOUT,[LT] Fluxo_FAKE_v3,95906901-25fb-4421-8d8e-8fdb954e95fb
YES,,Queue: C_FAKE_EMAIL,message,Francisco Moreira,Dra. Sofia Silveira,06/07/25 02:44 PM,07/05/25 05:43 AM,1873866,Inbound/Outbound,,,C_FAKE_WHATSAPP,FAKE-WRAP-UP-TIMEOUT,[LT] Fluxo_FAKE_v3,f8ef6c71-2b9f-4f6a-a666-a9b49e5364dc
YES,,Queue: C_FAKE_WHATSAPP,email,Sr. Nicolas Santos; Dr. João Miguel Rodrigues,Souza Rocha S.A.,07/07/25 11:11 PM,05/28/25 12:40 PM,1116254,Inbound,,,C_FAKE_WHATSAPP,FAKE-WRAP-UP-COMPLETED,[LT] Fluxo_FAKE_v3,1093a05b-f26b-4379-ab32-dc3a03a4bf4b
YES,,Queue: C_FAKE_EMAIL,call,Sr. Henrique da Rocha; Davi Lucas Freitas,da Paz Ltda.,07/13/25 05:03 PM,06/28/25 09:11 AM,1438352,Inbound,,,C_FAKE_EMAIL,FAKE-WRAP-UP-COMPLETED,[LT] Fluxo_FAKE_v3,e80368e2-a37d-4fca-a9a6-df1391c4b8c6
YES,,Queue: C_FAKE_EMAIL,email,Vinicius Souza; Vicente da Paz,Sr. João Castro,05/08/25 11:18 PM,07/17/25 01:27 AM,1843685,Outbound,,,C_FAKE_CHAT,FAKE-WRAP-UP-DELETED,[LT] Fluxo_FAKE_v2,f62f197d-8da4-4d27-857f-4a841133ded4
YES,,Queue: C_FAKE_EMAIL,email,Sarah Teixeira,Benício Porto,08/09/25 02:02 AM,07/23/25 02:14 AM,1097150,Inbound/Outbound,,,C_FAKE_WHATSAPP,FAKE-WRAP-UP-TIMEOUT,[LT] Fluxo_FAKE_v2,cc19e0ac-418d-4073-bea4-26b83f7b16ec
YES,,Queue: C_FAKE_CHAT,email,Srta. Olivia Farias,Ryan Ramos,03/10/25 09:46 PM,01/16/25 02:59 PM,1554430,Outbound,,,C_FAKE_SUPPORT,FAKE-WRAP-UP-TIMEOUT,[LT] Fluxo_FAKE_v3,8d4e46c5-4409-40e2-9bf0-72e7fab87bb6
YES,,Queue: C_FAKE_CHAT,call,Bryan da Mota; Srta. Ana Silveira,Benício da Rocha,03/30/25 09:15 AM,04/05/25 05:41 PM,690176,Inbound/Outbound,,,C_FAKE_WHATSAPP,FAKE-WRAP-UP-DELETED,[LT] Fluxo_FAKE_v1,7a2f2c57-94ce-43b7-82fd-7e2d95eef403
YES,,Queue: C_FAKE_EMAIL,call,Ana Luiza Teixeira; Ian Cardoso,Rocha Correia - ME,02/02/25 09:12 AM,07/04/25 08:58 PM,1073458,Inbound/Outbound,,,C_FAKE_EMAIL,FAKE-WRAP-UP-DELETED,[LT] Fluxo_FAKE_v2,96e15645-8ad8-4f05-9991-77b932888f78
YES,,Queue: C_FAKE_WHATSAPP,message,Noah Rodrigues; Miguel Alves,Correia,06/21/25 09:43 PM,09/07/25 01:43 PM,1338553,Outbound,,,C_FAKE_SUPPORT,FAKE-WRAP-UP-TIMEOUT,[LT] Fluxo_FAKE_v3,a28af08d-ce46-4bf3-96c4-9c4431de54f6
YES,,Queue: C_FAKE_CHAT,message,Sophia Ramos; Fernando Oliveira,Emanuelly Sales,09/03/25 02:32 AM,03/10/25 01:23 PM,1701207,Inbound/Outbound,,,C_FAKE_EMAIL,FAKE-WRAP-UP-COMPLETED,[LT] Fluxo_FAKE_v2,83a2a06f-7bb8-473c-81dd-f3ea5421b62c
YES,,Queue: C_FAKE_WHATSAPP,message,Pedro Jesus,Teixeira,04/07/25 05:03 PM,05/13/25 11:40 AM,1894834,Inbound,,,C_FAKE_CHAT,FAKE-WRAP-UP-COMPLETED,[LT] Fluxo_FAKE_v3,80c8b083-8faf-44ba-ad87-16e146794c1e
YES,,Queue: C_FAKE_EMAIL,message,Pedro Lucas Pires; Vitor Gabriel da Mata,Almeida,05/04/25 11:13 PM,07/17/25 09:19 PM,292593,Outbound,,,C_FAKE_WHATSAPP,FAKE-WRAP-UP-TIMEOUT,[LT] Fluxo_FAKE_v1,2dc58521-29c2-41f9-beeb-f53978731a4e
YES,,Queue: C_FAKE_WHATSAPP,email,Vitor Hugo Pinto,Fernanda Castro,06/22/25 02:54 AM,05/13/25 11:41 PM,1596030,Inbound/Outbound,,,C_FAKE_CHAT,FAKE-WRAP-UP-COMPLETED,[LT] Fluxo_FAKE_v1,d29323e2-89e1-4a5a-afdc-8a51a34c4c78
YES,,Queue: C_FAKE_WHATSAPP,message,Diogo Cavalcanti; Enrico Lima,Lopes,07/25/25 11:40 PM,07/03/25 06:11 AM,1475330,Inbound/Outbound,,,C_FAKE_WHATSAPP,FAKE-WRAP-UP-COMPLETED,[LT] Fluxo_FAKE_v2,ed7403c6-4cd0-432e-af4b-88ff1a58c6ae
YES,,Queue: C_FAKE_WHATSAPP,message,Cecília da Costa; Sr. Diogo Novaes,da Cruz da Cruz Ltda.,07/20/25 01:48 PM,07/03/25 11:54 PM,1201302,Inbound,,,C_FAKE_WHATSAPP,FAKE-WRAP-UP-DELETED,[LT] Fluxo_FAKE_v3,6aba8f0c-c9eb-4e3c-9860-f848a74b2973
YES,,Queue: C_FAKE_EMAIL,call,Sra. Daniela Ferreira,Fernanda Moura,02/26/25 07:22 AM,04/29/25 10:17 PM,1229433,Inbound/Outbound,,,C_FAKE_EMAIL,FAKE-WRAP-UP-COMPLETED,[LT] Fluxo_FAKE_v2,d4488069-5a9b-43f8-ba09-a484556ed0d1
YES,,Queue: C_FAKE_WHATSAPP,message,Sra. Lavínia Lima,Maria Fernanda Novaes,06/11/25 11:52 PM,01/03/25 04:52 AM,1493526,Inbound/Outbound,,,C_FAKE_CHAT,FAKE-WRAP-UP-DELETED,[LT] Fluxo_FAKE_v3,0e28a088-6771-4c17-b0a3-0219c3210788
YES,,Queue: C_FAKE_EMAIL,email,Isabella Cunha; Stella Freitas,da Paz S.A.,04/10/25 09:26 AM,04/25/25 11:42 AM,490166,Inbound,,,C_FAKE_SUPPORT,FAKE-WRAP-UP-COMPLETED,[LT] Fluxo_FAKE_v2,52647c6f-060f-43b6-9f9c-11f0d5221c40
YES,,Queue: C_FAKE_WHATSAPP,email,Vitória Nascimento,Sr. Enrico Santos,06/20/25 10:03 PM,04/17/25 09:31 AM,484784,Inbound/Outbound,,,C_FAKE_CHAT,FAKE-WRAP-UP-DELETED,[LT] Fluxo_FAKE_v1,2911268f-3e3e-47b3-930d-a4761b5982d2
YES,,Queue: C_FAKE_CHAT,call,Dr. Thiago Ribeiro,Yago Nogueira,07/09/25 03:33 AM,04/08/25 12:44 AM,231436,Outbound,,,C_FAKE_EMAIL,FAKE-WRAP-UP-TIMEOUT,[LT] Fluxo_FAKE_v1,960b9746-9b51-4232-bca7-644d47b76d17
YES,,Queue: C_FAKE_EMAIL,message,Ana Carolina Castro; Pedro Miguel Mendes,Luiz Otávio Moura,06/20/25 03:36 AM,04/21/25 09:15 AM,361674,Inbound,,,C_FAKE_WHATSAPP,FAKE-WRAP-UP-DELETED,[LT] Fluxo_FAKE_v2,e17f5e53-2260-4be8-b8ca-903b1c6c8382
YES,,Queue: C_FAKE_WHATSAPP,email,Srta. Giovanna Oliveira,Davi Lucas Jesus,08/11/25 10:53 PM,03/19/25 04:04 PM,1156504,Inbound/Outbound,,,C_FAKE_EMAIL,FAKE-WRAP-UP-DELETED,[LT] Fluxo_FAKE_v2,3ec72cca-7031-42cd-9687-819b8fd48278
YES,,Queue: C_FAKE_EMAIL,message,Dr. Matheus Souza,Aragão,02/24/25 01:15 PM,01/27/25 09:50 AM,1199469,Inbound/Outbound,,,C_FAKE_SUPPORT,FAKE-WRAP-UP-COMPLETED,[LT] Fluxo_FAKE_v3,b61e7c80-b302-425e-8930-c9f3dee7dad7
YES,,Queue: C_FAKE_WHATSAPP,call,Sra. Isabelly Porto; Srta. Carolina Martins,Dias,06/28/25 11:00 PM,05/21/25 03:59 PM,1021806,Outbound,,,C_FAKE_WHATSAPP,FAKE-WRAP-UP-TIMEOUT,[LT] Fluxo_FAKE_v1,f8b03457-ad7b-43c5-b2f0-b15c554047fe
YES,,Queue: C_FAKE_WHATSAPP,email,Sra. Eloah Aragão; Cauã Oliveira,Novaes,07/08/25 09:10 PM,01/19/25 03:40 PM,120874,Outbound,,,C_FAKE_CHAT,FAKE-WRAP-UP-COMPLETED,[LT] Fluxo_FAKE_v1,e9b9339e-0f6e-4d31-8745-0d05d4e89dd0
YES,,Queue: C_FAKE_CHAT,call,Isadora Aragão; Larissa Azevedo,Teixeira,07/11/25 01:51 AM,04/20/25 06:27 PM,205736,Inbound/Outbound,,,C_FAKE_CHAT,FAKE-WRAP-UP-COMPLETED,[LT] Fluxo_FAKE_v1,112e1621-a266-430e-9570-cefc93271b56
YES,,Queue: C_FAKE_EMAIL,call,Srta. Maria Fernanda Carvalho,Stephany Correia,07/26/25 12:23 PM,03/03/25 10:45 AM,1115582,Outbound,,,C_FAKE_WHATSAPP,FAKE-WRAP-UP-DELETED,[LT] Fluxo_FAKE_v3,d9fafbb9-d8a7-42cb-8374-c273cc707551
YES,,Queue: C_FAKE_EMAIL,call,Murilo Rezende; Milena da Mota,Vitor Pinto,04/18/25 12:34 PM,06/30/25 08:46 PM,1816548,Outbound,,,C_FAKE_SUPPORT,FAKE-WRAP-UP-COMPLETED,[LT] Fluxo_FAKE_v3,fe8db353-e16b-4b8c-a3ac-d21a7387a600
YES,,Queue: C_FAKE_EMAIL,call,Srta. Milena Melo; Diego Mendes,Souza,06/17/25 10:14 PM,01/09/25 08:14 AM,1955380,Inbound,,,C_FAKE_WHATSAPP,FAKE-WRAP-UP-TIMEOUT,[LT] Fluxo_FAKE_v3,01a069a2-4b37-417d-9322-04fb66c67afa
YES,,Queue: C_FAKE_WHATSAPP,call,Joana Aragão,Enzo Gabriel Martins,06/15/25 09:19 PM,02/28/25 10:42 AM,1656026,Inbound,,,C_FAKE_WHATSAPP,FAKE-WRAP-UP-DELETED,[LT] Fluxo_FAKE_v1,9599b267-390f-416d-9b06-f07242442fce
YES,,Queue: C_FAKE_EMAIL,message,Stella Martins,da Paz,08/12/25 02:09 AM,05/18/25 05:32 PM,624720,Inbound/Outbound,,,C_FAKE_SUPPORT,FAKE-WRAP-UP-TIMEOUT,[LT] Fluxo_FAKE_v1,de03a536-b703-4a9f-a15c-1c37e4ab9bae
YES,,Queue: C_FAKE_EMAIL,message,Brenda da Mota,Emanuel Lima,03/12/25 12:30 PM,02/09/25 04:25 AM,395583,Outbound,,,C_FAKE_EMAIL,FAKE-WRAP-UP-DELETED,[LT] Fluxo_FAKE_v1,f1ca680c-9a17-4669-888e-58e706b6a5f4
YES,,Queue: C_FAKE_CHAT,email,Yago Costela,Campos,05/08/25 04:09 AM,05/03/25 11:08 AM,1603048,Inbound,,,C_FAKE_SUPPORT,FAKE-WRAP-UP-COMPLETED,[LT] Fluxo_FAKE_v1,35746477-a87d-42af-bae8-160aedafea54
YES,,Queue: C_FAKE_WHATSAPP,message,Heitor da Cruz; Emanuelly Dias,Vitor Moraes,01/11/25 02:25 PM,02/23/25 07:50 AM,1529937,Inbound/Outbound,,,C_FAKE_CHAT,FAKE-WRAP-UP-TIMEOUT,[LT] Fluxo_FAKE_v2,708c4f1a-f1c3-4294-a61c-f9a3e0acdb75
YES,,Queue: C_FAKE_WHATSAPP,call,João Miguel Araújo,da Rocha,05/28/25 05:44 PM,01/20/25 02:42 AM,1078190,Inbound,,,C_FAKE_SUPPORT,FAKE-WRAP-UP-DELETED,[LT] Fluxo_FAKE_v3,32d9ec3e-6630-4af8-b044-9b5172624be8
YES,,Queue: C_FAKE_EMAIL,message,Vitor Nascimento; Ana Vitória Carvalho,Luiz Fernando Silveira,02/17/25 06:21 AM,03/05/25 06:10 AM,623869,Outbound,,,C_FAKE_WHATSAPP,FAKE-WRAP-UP-TIMEOUT,[LT] Fluxo_FAKE_v2,f0d1701b-1ecf-4d89-b5aa-d597c1b0f44b
YES,,Queue: C_FAKE_WHATSAPP,call,Sarah Moraes,Sra. Kamilly da Mota,03/23/25 04:23 PM,02/05/25 06:13 AM,1492398,Outbound,,,C_FAKE_CHAT,FAKE-WRAP-UP-DELETED,[LT] Fluxo_FAKE_v2,7a5cd426-5c1f-4f7b-81c4-dda8ccbf1dfe
YES,,Queue: C_FAKE_EMAIL,message,Luiz Gustavo Correia; Alexia Almeida,Yasmin Peixoto,06/05/25 11:08 AM,02/08/25 08:40 PM,962219,Outbound,,,C_FAKE_CHAT,FAKE-WRAP-UP-TIMEOUT,[LT] Fluxo_FAKE_v3,4f5af64e-f21b-4a7f-9c42-adcf5acc616d
YES,,Queue: C_FAKE_WHATSAPP,email,Leandro Jesus,Samuel Cardoso,09/07/25 10:37 PM,06/01/25 08:08 AM,508916,Outbound,,,C_FAKE_SUPPORT,FAKE-WRAP-UP-DELETED,[LT] Fluxo_FAKE_v3,f388fef7-040e-4f47-b8ab-2513e03db918
YES,,Queue: C_FAKE_CHAT,message,Thomas Martins,Danilo Farias,03/10/25 09:05 PM,08/08/25 06:15 AM,1357427,Outbound,,,C_FAKE_EMAIL,FAKE-WRAP-UP-DELETED,[LT] Fluxo_FAKE_v3,27dfc6e0-84c4-49b1-a0c1-3845025fc70f
YES,,Queue: C_FAKE_WHATSAPP,message,Ryan Ribeiro,Benício da Rocha,04/24/25 07:44 PM,05/25/25 08:31 AM,1650184,Outbound,,,C_FAKE_EMAIL,FAKE-WRAP-UP-TIMEOUT,[LT] Fluxo_FAKE_v3,2850c932-d2c0-4ee4-aa35-567d9e181620
YES,,Queue: C_FAKE_CHAT,email,Camila da Luz,da Mata Moreira S/A,03/05/25 01:25 AM,01/12/25 03:26 PM,1533122,Inbound,,,C_FAKE_EMAIL,FAKE-WRAP-UP-TIMEOUT,[LT] Fluxo_FAKE_v3,6755e34c-4e5a-4392-b43e-623f7f5fca4f
YES,,Queue: C_FAKE_EMAIL,message,Isadora Ferreira,Araújo,01/11/25 12:45 AM,05/09/25 06:34 PM,1921046,Outbound,,,C_FAKE_CHAT,FAKE-WRAP-UP-TIMEOUT,[LT] Fluxo_FAKE_v3,08c2d2ce-7872-473f-a389-bcaf074b927e
YES,,Queue: C_FAKE_WHATSAPP,call,Srta. Júlia Barbosa,Souza,03/07/25 10:05 PM,03/03/25 10:16 AM,1555700,Inbound,,,C_FAKE_WHATSAPP,FAKE-WRAP-UP-TIMEOUT,[LT] Fluxo_FAKE_v3,e5ae288f-5942-4395-83d3-01cf19a12723
YES,,Queue: C_FAKE_WHATSAPP,email,Bryan Peixoto; Carlos Eduardo Ribeiro,Peixoto,07/28/25 10:39 AM,06/21/25 12:58 AM,984807,Inbound/Outbound,,,C_FAKE_EMAIL,FAKE-WRAP-UP-COMPLETED,[LT] Fluxo_FAKE_v1,cf367c1b-9a6f-4965-9b5e-d35a2268645f
YES,,Queue: C_FAKE_WHATSAPP,message,Agatha Lima,Lorena Fernandes,02/19/25 06:53 PM,05/06/25 09:25 AM,1997459,Inbound,,,C_FAKE_CHAT,FAKE-WRAP-UP-DELETED,[LT] Fluxo_FAKE_v1,f4f7bfdc-5d96-4459-8a3c-8743a80824f2
YES,,Queue: C_FAKE_CHAT,message,Natália Castro; Luna da Paz,Enzo Gabriel Silva,02/20/25 09:53 AM,02/25/25 09:05 AM,1318385,Inbound,,,C_FAKE_CHAT,FAKE-WRAP-UP-COMPLETED,[LT] Fluxo_FAKE_v2,be41635f-150a-4643-a8c1-fb6439bdc3ed
YES,,Queue: C_FAKE_EMAIL,email,Theo Nunes,Paulo Cavalcanti,04/08/25 12:06 AM,03/29/25 08:33 PM,1323759,Inbound/Outbound,,,C_FAKE_WHATSAPP,FAKE-WRAP-UP-COMPLETED,[LT] Fluxo_FAKE_v3,a8cc6e3b-bae3-438e-af43-b2f0402bf495
YES,,Queue: C_FAKE_CHAT,message,Isaac Rezende; Maria Sophia Silveira,Costela,05/08/25 08:39 AM,06/13/25 09:31 PM,1918317,Inbound,,,C_FAKE_CHAT,FAKE-WRAP-UP-DELETED,[LT] Fluxo_FAKE_v1,94517f78-252d-4404-a944-85e05ff0f8eb
YES,,Queue: C_FAKE_CHAT,call,Srta. Sofia Nogueira; Ana Beatriz da Paz,Alves da Conceição e Filhos,01/14/25 05:57 AM,04/03/25 08:43 AM,625128,Outbound,,,C_FAKE_WHATSAPP,FAKE-WRAP-UP-DELETED,[LT] Fluxo_FAKE_v3,02ff9754-5291-4b6d-a592-4c9f29714f1f
YES,,Queue: C_FAKE_EMAIL,call,Luana Rocha; Sr. Pedro Lucas Nunes,Clara Ramos,08/30/25 07:03 AM,04/13/25 01:31 AM,174723,Inbound/Outbound,,,C_FAKE_SUPPORT,FAKE-WRAP-UP-DELETED,[LT] Fluxo_FAKE_v2,beb5ba0f-1e29-44f1-b09a-dc958bbec119
YES,,Queue: C_FAKE_CHAT,message,Pietro Silva,Dr. Diego Fernandes,05/13/25 10:11 AM,07/09/25 06:28 AM,892515,Inbound/Outbound,,,C_FAKE_WHATSAPP,FAKE-WRAP-UP-TIMEOUT,[LT] Fluxo_FAKE_v1,a9caa03d-74d1-4024-8c84-c302c5a24d77
YES,,Queue: C_FAKE_CHAT,message,Raul Mendes; Emanuella Campos,Pereira,09/07/25 10:36 AM,01/10/25 08:52 PM,415315,Inbound/Outbound,,,C_FAKE_WHATSAPP,FAKE-WRAP-UP-TIMEOUT,[LT] Fluxo_FAKE_v2,1836a027-2050-4d45-8b16-f0a7f6fa16a1
YES,,Queue: C_FAKE_CHAT,message,Lorenzo Correia; Marcos Vinicius Gonçalves,João Felipe Lima,06/25/25 06:12 PM,06/19/25 09:20 AM,1162836,Inbound/Outbound,,,C_FAKE_WHATSAPP,FAKE-WRAP-UP-DELETED,[LT] Fluxo_FAKE_v1,153d5754-f086-424a-bbfb-d9f98da4f916
YES,,Queue: C_FAKE_CHAT,call,Carolina Novaes,da Conceição das Neves S/A,03/19/25 03:48 AM,05/18/25 10:55 AM,1624758,Outbound,,,C_FAKE_WHATSAPP,FAKE-WRAP-UP-DELETED,[LT] Fluxo_FAKE_v1,26da7a1c-c7a9-4f30-99d6-f609868c1005
YES,,Queue: C_FAKE_EMAIL,email,Marcela Souza,Luiz Otávio Moreira,07/29/25 12:06 PM,03/31/25 11:42 AM,1226018,Inbound/Outbound,,,C_FAKE_WHATSAPP,FAKE-WRAP-UP-DELETED,[LT] Fluxo_FAKE_v1,87e719e2-ff46-49d3-b279-4e8bb195fa9f
YES,,Queue: C_FAKE_WHATSAPP,message,João Lucas da Cruz; Rodrigo da Cunha,Maysa das Neves,03/01/25 01:13 AM,07/30/25 12:49 AM,541209,Outbound,,,C_FAKE_SUPPORT,FAKE-WRAP-UP-TIMEOUT,[LT] Fluxo_FAKE_v2,6c8c4bac-9c13-4aa7-b483-6de8f1337e7d
YES,,Queue: C_FAKE_EMAIL,email,Guilherme Barros,Evelyn Nogueira,07/22/25 03:02 PM,06/13/25 02:27 PM,1939490,Inbound/Outbound,,,C_FAKE_WHATSAPP,FAKE-WRAP-UP-TIMEOUT,[LT] Fluxo_FAKE_v3,52696eeb-77cf-4eb6-b9fe-e842e4cc7065
YES,,Queue: C_FAKE_WHATSAPP,message,Thiago Jesus,Breno Fernandes,08/04/25 08:02 PM,05/02/25 12:22 AM,242617,Inbound,,,C_FAKE_EMAIL,FAKE-WRAP-UP-DELETED,[LT] Fluxo_FAKE_v2,9cf540d9-bbc4-4107-ac4d-25503570f44d
YES,,Queue: C_FAKE_CHAT,message,Ana Clara Caldeira,Cunha,02/25/25 08:14 PM,07/06/25 06:36 PM,1564123,Inbound/Outbound,,,C_FAKE_WHATSAPP,FAKE-WRAP-UP-TIMEOUT,[LT] Fluxo_FAKE_v2,f8db37f6-c3bc-4ca7-a906-567dd28b829a
YES,,Queue: C_FAKE_CHAT,call,João Vitor da Cruz,Novaes,08/18/25 04:24 PM,03/17/25 02:21 AM,613904,Inbound,,,C_FAKE_CHAT,FAKE-WRAP-UP-COMPLETED,[LT] Fluxo_FAKE_v1,120e5c83-59b4-4b98-9596-96583fa27ffd
YES,,Queue: C_FAKE_WHATSAPP,call,Guilherme Cunha,Costa,08/16/25 01:15 PM,02/28/25 11:18 PM,1815045,Inbound/Outbound,,,C_FAKE_WHATSAPP,FAKE-WRAP-UP-TIMEOUT,[LT] Fluxo_FAKE_v1,ac17cb47-2474-410f-b181-70c234b158aa
YES,,Queue: C_FAKE_WHATSAPP,call,Vitor Hugo Martins,Costa - EI,05/01/25 08:13 PM,07/23/25 02:16 PM,334456,Outbound,,,C_FAKE_WHATSAPP,FAKE-WRAP-UP-TIMEOUT,[LT] Fluxo_FAKE_v2,9933ca27-a0e8-4f89-858b-61611a44cb3b
YES,,Queue: C_FAKE_EMAIL,message,Daniela Pires,Cauã Viana,08/25/25 09:56 PM,06/26/25 11:00 AM,1676634,Outbound,,,C_FAKE_SUPPORT,FAKE-WRAP-UP-COMPLETED,[LT] Fluxo_FAKE_v1,fa9f4841-e156-4c60-9205-e9cc275759a0
YES,,Queue: C_FAKE_CHAT,email,Sra. Emanuelly Barbosa,Eloah Correia,09/01/25 11:06 AM,07/01/25 04:20 AM,1978752,Outbound,,,C_FAKE_WHATSAPP,FAKE-WRAP-UP-TIMEOUT,[LT] Fluxo_FAKE_v3,e0516aaa-2b1f-4ecd-95c1-27e66d0879b4
YES,,Queue: C_FAKE_WHATSAPP,email,Dra. Vitória Rodrigues; Enzo Gabriel Silveira,Carvalho e Filhos,08/23/25 07:18 AM,08/21/25 03:31 PM,196748,Inbound,,,C_FAKE_CHAT,FAKE-WRAP-UP-COMPLETED,[LT] Fluxo_FAKE_v2,de8e7602-3dc5-49fc-9cd0-094cdd763717
YES,,Queue: C_FAKE_WHATSAPP,email,Luna Pinto,Caldeira,09/05/25 07:08 PM,02/10/25 08:26 PM,255260,Inbound/Outbound,,,C_FAKE_SUPPORT,FAKE-WRAP-UP-COMPLETED,[LT] Fluxo_FAKE_v1,d7a29c6c-47bb-4bb0-851b-2775dd7b99a6
YES,,Queue: C_FAKE_WHATSAPP,message,Dra. Emilly Fernandes,Peixoto,04/08/25 01:48 PM,05/19/25 12:19 PM,710937,Outbound,,,C_FAKE_WHATSAPP,FAKE-WRAP-UP-DELETED,[LT] Fluxo_FAKE_v2,b68d6f38-19e3-484f-834f-202915459b48
YES,,Queue: C_FAKE_EMAIL,message,Elisa Sales,Nicolas Pinto,04/14/25 05:00 AM,02/10/25 09:01 AM,1165487,Inbound,,,C_FAKE_WHATSAPP,FAKE-WRAP-UP-DELETED,[LT] Fluxo_FAKE_v3,b5622984-d385-4453-87ea-7fd1ff4f3808
YES,,Queue: C_FAKE_EMAIL,email,Maria Eduarda Nascimento; Manuela Nascimento,Cavalcanti - EI,09/07/25 02:11 PM,02/08/25 06:48 AM,478355,Outbound,,,C_FAKE_SUPPORT,FAKE-WRAP-UP-TIMEOUT,[LT] Fluxo_FAKE_v2,f77b9742-1e12-4bed-984c-4178935c31d1
YES,,Queue: C_FAKE_WHATSAPP,email,João Guilherme Peixoto; Raquel Barbosa,Dr. Lorenzo Silveira,01/15/25 11:26 AM,06/04/25 08:05 PM,1981736,Outbound,,,C_FAKE_CHAT,FAKE-WRAP-UP-COMPLETED,[LT] Fluxo_FAKE_v2,be901a64-a0cc-4d31-8e22-efcfd02b4c3a
YES,,Queue: C_FAKE_WHATSAPP,email,Natália Araújo; Miguel da Mata,Melo S/A,04/24/25 12:13 PM,06/10/25 01:27 AM,1185847,Inbound,,,C_FAKE_WHATSAPP,FAKE-WRAP-UP-COMPLETED,[LT] Fluxo_FAKE_v3,74e5418d-baa3-40fa-8743-8e60cd4901c9
YES,,Queue: C_FAKE_CHAT,message,João Gabriel Monteiro,Farias,04/18/25 10:24 AM,06/23/25 05:05 AM,940597,Inbound/Outbound,,,C_FAKE_WHATSAPP,FAKE-WRAP-UP-TIMEOUT,[LT] Fluxo_FAKE_v3,754ce511-5313-4ea1-8c3c-900fc8a134aa
YES,,Queue: C_FAKE_EMAIL,message,Dra. Emanuella da Cruz,Matheus Vieira,05/06/25 12:08 AM,06/05/25 08:34 PM,1755776,Outbound,,,C_FAKE_CHAT,FAKE-WRAP-UP-COMPLETED,[LT] Fluxo_FAKE_v2,d0c29b24-c7ed-4888-9939-dc71c0d9863f
YES,,Queue: C_FAKE_WHATSAPP,call,Luiz Felipe Carvalho,Dr. Paulo Teixeira,03/30/25 09:06 AM,05/03/25 10:18 PM,1108507,Inbound,,,C_FAKE_EMAIL,FAKE-WRAP-UP-COMPLETED,[LT] Fluxo_FAKE_v3,ea072198-19ee-4d26-8e4b-36aad4249390
YES,,Queue: C_FAKE_CHAT,email,Srta. Maysa Nunes; Dr. Pedro Miguel da Mata,Catarina Ferreira,07/08/25 12:38 PM,05/17/25 03:46 AM,1597827,Inbound,,,C_FAKE_CHAT,FAKE-WRAP-UP-TIMEOUT,[LT] Fluxo_FAKE_v1,e551da7a-7011-42be-8e4f-4c665645b6bb
YES,,Queue: C_FAKE_WHATSAPP,message,Sr. Davi Luiz Martins,Correia S.A.,08/14/25 11:12 PM,05/01/25 02:19 PM,1233397,Outbound,,,C_FAKE_SUPPORT,FAKE-WRAP-UP-COMPLETED,[LT] Fluxo_FAKE_v3,a46e47a2-b342-4968-8191-086be8a91aba
YES,,Queue: C_FAKE_WHATSAPP,email,Evelyn Teixeira,João Vitor Cardoso,03/19/25 03:16 AM,02/06/25 06:12 AM,141340,Inbound/Outbound,,,C_FAKE_SUPPORT,FAKE-WRAP-UP-TIMEOUT,[LT] Fluxo_FAKE_v2,ea299a22-9914-457d-b62f-b6ee172dc647
YES,,Queue: C_FAKE_EMAIL,call,Juliana Ferreira,Mendes Teixeira Ltda.,06/04/25 02:02 AM,02/21/25 03:57 PM,1157975,Outbound,,,C_FAKE_WHATSAPP,FAKE-WRAP-UP-COMPLETED,[LT] Fluxo_FAKE_v2,d8528abb-1a87-4c25-a29f-1962ebd795f5
YES,,Queue: C_FAKE_CHAT,message,Sra. Mariana Cardoso,das Neves,06/21/25 08:44 PM,01/16/25 08:01 PM,1897555,Inbound,,,C_FAKE_SUPPORT,FAKE-WRAP-UP-DELETED,[LT] Fluxo_FAKE_v1,aae2ad63-27ae-4aae-8c48-e3f43ef389ba
YES,,Queue: C_FAKE_EMAIL,message,Antônio Sales,Ryan das Neves,04/06/25 06:50 AM,03/29/25 04:54 PM,1710000,Inbound,,,C_FAKE_WHATSAPP,FAKE-WRAP-UP-COMPLETED,[LT] Fluxo_FAKE_v1,3749af64-cfc0-4fbc-a5dc-733d70bb2a0e
YES,,Queue: C_FAKE_CHAT,message,André Gonçalves,Anthony Rocha,06/20/25 11:18 AM,06/10/25 11:39 PM,736712,Inbound/Outbound,,,C_FAKE_WHATSAPP,FAKE-WRAP-UP-DELETED,[LT] Fluxo_FAKE_v2,916e1089-ff95-48a3-8d1d-282e8e6b2439
YES,,Queue: C_FAKE_WHATSAPP,call,Juan da Mata,Nogueira,04/12/25 01:17 PM,05/22/25 08:26 AM,1913948,Inbound/Outbound,,,C_FAKE_EMAIL,FAKE-WRAP-UP-TIMEOUT,[LT] Fluxo_FAKE_v2,6e6aa3ec-4378-4e6b-8d3d-dee3cdad54f4
YES,,Queue: C_FAKE_WHATSAPP,email,Dr. Erick Lopes; Isabella Cardoso,Srta. Giovanna Farias,07/29/25 01:05 AM,08/13/25 08:17 PM,1788241,Inbound,,,C_FAKE_CHAT,FAKE-WRAP-UP-TIMEOUT,[LT] Fluxo_FAKE_v3,eadfeef6-fb23-49d3-98bc-2e3b20f6b8d8
YES,,Queue: C_FAKE_EMAIL,message,Rafaela Ribeiro,Cavalcanti,08/23/25 02:32 PM,03/30/25 11:28 AM,466590,Inbound/Outbound,,,C_FAKE_EMAIL,FAKE-WRAP-UP-TIMEOUT,[LT] Fluxo_FAKE_v3,b3bfbdab-b7b2-4f20-992c-fe25b858e203
YES,,Queue: C_FAKE_EMAIL,email,Maria Clara das Neves,Emanuelly Barros,06/28/25 05:44 PM,08/29/25 07:41 AM,360440,Outbound,,,C_FAKE_EMAIL,FAKE-WRAP-UP-DELETED,[LT] Fluxo_FAKE_v1,6fa9c57c-974f-4668-bf44-1add70184f95
YES,,Queue: C_FAKE_WHATSAPP,message,Davi Luiz Aragão; Lavínia Caldeira,Rocha,02/27/25 10:20 AM,01/25/25 06:26 PM,258988,Inbound,,,C_FAKE_SUPPORT,FAKE-WRAP-UP-TIMEOUT,[LT] Fluxo_FAKE_v3,f46976af-10be-43e8-9aba-c34bae9802fa
YES,,Queue: C_FAKE_CHAT,message,Sra. Maria Fernanda Fernandes,Rodrigues - ME,02/21/25 06:58 PM,06/03/25 09:16 PM,1465431,Inbound,,,C_FAKE_WHATSAPP,FAKE-WRAP-UP-COMPLETED,[LT] Fluxo_FAKE_v2,4f50b598-73bd-480f-a96b-c76137179e45
YES,,Queue: C_FAKE_WHATSAPP,email,Pietra Jesus,Sr. Miguel Silva,06/08/25 02:50 AM,02/26/25 12:20 AM,936624,Outbound,,,C_FAKE_EMAIL,FAKE-WRAP-UP-DELETED,[LT] Fluxo_FAKE_v1,ae6b19de-faec-4b4c-8a24-0d57c42c40ce
YES,,Queue: C_FAKE_EMAIL,email,Gabrielly Almeida,Moraes - EI,02/16/25 11:31 AM,01/28/25 01:53 PM,253329,Inbound,,,C_FAKE_WHATSAPP,FAKE-WRAP-UP-DELETED,[LT] Fluxo_FAKE_v3,69e8fe2a-879f-42eb-9049-f9049d254dc4
YES,,Queue: C_FAKE_EMAIL,call,Srta. Sabrina da Mota,da Luz da Mata S/A,07/12/25 05:30 AM,02/16/25 09:49 AM,1661128,Outbound,,,C_FAKE_CHAT,FAKE-WRAP-UP-TIMEOUT,[LT] Fluxo_FAKE_v1,f236b2ee-181a-469a-96cf-a21154f0327b
YES,,Queue: C_FAKE_EMAIL,message,Maria Julia Nogueira,Isis Ribeiro,02/23/25 07:00 PM,05/14/25 07:44 AM,630992,Inbound,,,C_FAKE_SUPPORT,FAKE-WRAP-UP-COMPLETED,[LT] Fluxo_FAKE_v2,5aeb90f6-4faa-4036-988a-7f552ed86804
YES,,Queue: C_FAKE_WHATSAPP,email,Thales Pinto; Luiz Felipe Carvalho,Ferreira Nunes S.A.,03/30/25 12:26 AM,05/17/25 09:25 AM,1756455,Inbound/Outbound,,,C_FAKE_WHATSAPP,FAKE-WRAP-UP-TIMEOUT,[LT] Fluxo_FAKE_v1,14e1aabd-a20c-44ba-a5b0-8e26fc52a468
YES,,Queue: C_FAKE_WHATSAPP,email,Dr. Vitor Gabriel Castro,Eloah Aragão,08/24/25 09:48 AM,01/24/25 03:38 PM,1509277,Inbound/Outbound,,,C_FAKE_CHAT,FAKE-WRAP-UP-DELETED,[LT] Fluxo_FAKE_v1,aec61694-0f24-4491-8e9f-f74afb6503ea
YES,,Queue: C_FAKE_WHATSAPP,message,Sr. Davi Luiz Almeida; Alana Almeida,Dr. Henrique Araújo,08/09/25 02:52 PM,08/07/25 06:56 PM,456440,Inbound/Outbound,,,C_FAKE_SUPPORT,FAKE-WRAP-UP-TIMEOUT,[LT] Fluxo_FAKE_v2,f4a985b0-11c3-4e19-9bfe-ed4a5ff540ca
YES,,Queue: C_FAKE_EMAIL,message,Diogo Sales,Teixeira da Rosa Ltda.,02/07/25 03:47 PM,03/02/25 01:38 AM,1364927,Inbound,,,C_FAKE_CHAT,FAKE-WRAP-UP-COMPLETED,[LT] Fluxo_FAKE_v3,2d4b2c13-92f0-4e83-9fc9-7e6499872384
YES,,Queue: C_FAKE_EMAIL,call,Rafaela da Luz; Brenda Pires,Azevedo - EI,02/16/25 05:07 PM,05/02/25 12:55 AM,1538876,Inbound,,,C_FAKE_WHATSAPP,FAKE-WRAP-UP-TIMEOUT,[LT] Fluxo_FAKE_v3,595b9abc-1b97-4332-8a9b-37f0ef5e4a66
YES,,Queue: C_FAKE_CHAT,email,Carolina Silveira,Castro Sales S.A.,08/23/25 09:03 AM,03/02/25 07:03 AM,1600174,Inbound/Outbound,,,C_FAKE_WHATSAPP,FAKE-WRAP-UP-COMPLETED,[LT] Fluxo_FAKE_v3,565fa125-eb85-405d-9cfa-2010ff51cc96
YES,,Queue: C_FAKE_EMAIL,email,Mirella Vieira,Valentina Porto,02/15/25 04:45 AM,08/04/25 07:57 AM,473221,Inbound,,,C_FAKE_WHATSAPP,FAKE-WRAP-UP-COMPLETED,[LT] Fluxo_FAKE_v1,5d9e1717-3f08-4a9e-969d-b57e10c238ba
YES,,Queue: C_FAKE_CHAT,email,Erick Rodrigues,Nunes Barbosa Ltda.,01/23/25 06:25 PM,07/06/25 01:52 PM,1728128,Inbound,,,C_FAKE_CHAT,FAKE-WRAP-UP-DELETED,[LT] Fluxo_FAKE_v1,a8df7aa5-e8e0-4199-97f6-4255cf979ff0
YES,,Queue: C_FAKE_EMAIL,message,Dra. Ana Luiza Silveira; Rafael Martins,Viana,09/07/25 07:02 PM,03/20/25 12:49 AM,1714340,Inbound,,,C_FAKE_EMAIL,FAKE-WRAP-UP-DELETED,[LT] Fluxo_FAKE_v3,72a9dfa1-22ae-4888-9200-41ca4855f44a
YES,,Queue: C_FAKE_EMAIL,email,Gustavo Pereira; Larissa Nascimento,Luigi Araújo,07/10/25 06:40 PM,02/10/25 12:19 PM,863445,Outbound,,,C_FAKE_CHAT,FAKE-WRAP-UP-DELETED,[LT] Fluxo_FAKE_v3,9c12e3c9-7bee-4582-8fae-46a9524ec63c
YES,,Queue: C_FAKE_WHATSAPP,message,Gabriela Sales,Vitor Caldeira,07/24/25 09:07 PM,01/17/25 04:02 AM,1190875,Outbound,,,C_FAKE_EMAIL,FAKE-WRAP-UP-COMPLETED,[LT] Fluxo_FAKE_v3,4e9f67a7-16d4-4dff-b260-2a263025f041
YES,,Queue: C_FAKE_WHATSAPP,email,Sofia Viana,Lopes Barros - EI,01/11/25 08:38 PM,01/19/25 08:00 AM,319073,Inbound,,,C_FAKE_WHATSAPP,FAKE-WRAP-UP-TIMEOUT,[LT] Fluxo_FAKE_v3,30306e86-6288-45da-8d8d-dd2df77e1ee6
YES,,Queue: C_FAKE_EMAIL,email,Sr. Rodrigo Pinto,Dra. Marcela da Luz,07/17/25 01:51 PM,05/25/25 12:19 AM,924341,Inbound,,,C_FAKE_EMAIL,FAKE-WRAP-UP-COMPLETED,[LT] Fluxo_FAKE_v3,e92126db-0b72-40ef-b2fd-aa38ae5ec1fc
YES,,Queue: C_FAKE_CHAT,message,Caio Ramos,Enzo Gabriel Lopes,01/29/25 08:04 AM,03/21/25 01:45 AM,1575771,Outbound,,,C_FAKE_SUPPORT,FAKE-WRAP-UP-DELETED,[LT] Fluxo_FAKE_v1,a3f2a3db-9236-448e-b4ec-b64f7eca5b2d
YES,,Queue: C_FAKE_EMAIL,call,Alana Barbosa; Cecília Correia,Almeida,04/04/25 08:34 AM,05/09/25 10:49 AM,1777044,Inbound,,,C_FAKE_EMAIL,FAKE-WRAP-UP-DELETED,[LT] Fluxo_FAKE_v3,63d18504-fcb1-4281-ad53-a810fc01c46c
YES,,Queue: C_FAKE_EMAIL,message,João Lucas Nunes; Davi Lucas da Conceição,Ferreira Pereira e Filhos,08/10/25 01:48 PM,09/01/25 04:31 AM,151999,Outbound,,,C_FAKE_WHATSAPP,FAKE-WRAP-UP-COMPLETED,[LT] Fluxo_FAKE_v1,e0f13db6-f0b5-47b3-b472-c59e4f4b1252
YES,,Queue: C_FAKE_WHATSAPP,call,Sarah Fogaça; Olivia Alves,Oliveira,05/27/25 11:07 AM,04/18/25 11:57 PM,443288,Inbound,,,C_FAKE_SUPPORT,FAKE-WRAP-UP-TIMEOUT,[LT] Fluxo_FAKE_v3,d114dda1-3082-47e6-a6ac-e778d7b6e0a3
YES,,Queue: C_FAKE_EMAIL,message,Eloah Alves; Olivia Novaes,Porto S.A.,03/28/25 02:16 PM,01/28/25 09:20 AM,1458293,Inbound,,,C_FAKE_WHATSAPP,FAKE-WRAP-UP-COMPLETED,[LT] Fluxo_FAKE_v2,28af3b73-1d82-42a8-9d48-0843a3398f8e
YES,,Queue: C_FAKE_EMAIL,email,Ana Clara da Mata; Giovanna da Cunha,Sra. Nina Novaes,04/21/25 02:35 PM,07/28/25 06:18 AM,1920278,Inbound/Outbound,,,C_FAKE_SUPPORT,FAKE-WRAP-UP-TIMEOUT,[LT] Fluxo_FAKE_v1,91f29ea4-db02-4414-88e2-6a534954105b
YES,,Queue: C_FAKE_CHAT,message,Calebe Costa; Catarina Carvalho,Luna da Paz,02/19/25 08:47 AM,07/21/25 06:12 AM,509142,Inbound/Outbound,,,C_FAKE_WHATSAPP,FAKE-WRAP-UP-TIMEOUT,[LT] Fluxo_FAKE_v3,7a93ef0e-780d-40b6-8923-51d9fedceb65
YES,,Queue: C_FAKE_CHAT,call,Carlos Eduardo Dias; João Pedro da Mata,Campos S.A.,06/19/25 07:20 AM,08/27/25 11:12 PM,1853920,Inbound,,,C_FAKE_SUPPORT,FAKE-WRAP-UP-TIMEOUT,[LT] Fluxo_FAKE_v2,248bd5aa-bd04-43f0-b027-e1f15ef36d4d
YES,,Queue: C_FAKE_CHAT,email,Maria Vitória Barbosa; Lívia da Mota,Thiago Lopes,01/17/25 11:51 PM,08/09/25 09:36 PM,451814,Outbound,,,C_FAKE_CHAT,FAKE-WRAP-UP-TIMEOUT,[LT] Fluxo_FAKE_v1,57628c84-2718-4985-b2d6-c18c03a3574a
YES,,Queue: C_FAKE_EMAIL,call,Davi Monteiro; Catarina Caldeira,Isis da Costa,04/24/25 07:49 AM,07/16/25 08:28 AM,1380280,Inbound/Outbound,,,C_FAKE_SUPPORT,FAKE-WRAP-UP-DELETED,[LT] Fluxo_FAKE_v2,a091129b-2f18-45b1-b9a9-0a45104b5372
YES,,Queue: C_FAKE_CHAT,email,Isaac Pires; Leonardo Campos,Souza Gomes - EI,03/04/25 01:32 PM,02/25/25 04:14 PM,915636,Inbound,,,C_FAKE_CHAT,FAKE-WRAP-UP-DELETED,[LT] Fluxo_FAKE_v1,0e84c070-514b-40a9-b6d4-461c8c1046bf
YES,,Queue: C_FAKE_WHATSAPP,call,Rodrigo Campos,Silveira,07/27/25 11:47 AM,01/07/25 06:45 PM,1336968,Inbound/Outbound,,,C_FAKE_SUPPORT,FAKE-WRAP-UP-COMPLETED,[LT] Fluxo_FAKE_v2,b95d43d6-2b7f-40a5-b871-89e19e5baabf
YES,,Queue: C_FAKE_CHAT,message,Dr. Arthur da Conceição; Rodrigo Dias,João Miguel Almeida,08/07/25 12:51 PM,01/23/25 04:29 PM,1460352,Inbound/Outbound,,,C_FAKE_SUPPORT,FAKE-WRAP-UP-TIMEOUT,[LT] Fluxo_FAKE_v1,9123f2c5-c4c9-4949-a334-fca6d04f0a71
YES,,Queue: C_FAKE_EMAIL,message,Enzo Gabriel Azevedo,Maria Cecília Cardoso,01/08/25 04:29 PM,07/05/25 12:37 AM,347652,Inbound/Outbound,,,C_FAKE_SUPPORT,FAKE-WRAP-UP-COMPLETED,[LT] Fluxo_FAKE_v2,62d47bff-a510-47b4-924d-4a86efed0e52
YES,,Queue: C_FAKE_CHAT,email,Rodrigo Nogueira; Sofia Duarte,Luiza Fernandes,05/15/25 12:59 AM,09/05/25 06:27 AM,1660560,Inbound/Outbound,,,C_FAKE_SUPPORT,FAKE-WRAP-UP-COMPLETED,[LT] Fluxo_FAKE_v1,e6092042-eb5f-4944-baa8-34197479d994
YES,,Queue: C_FAKE_WHATSAPP,email,Lorenzo Teixeira,das Neves,02/26/25 01:58 AM,04/22/25 09:45 AM,1600033,Inbound,,,C_FAKE_CHAT,FAKE-WRAP-UP-TIMEOUT,[LT] Fluxo_FAKE_v3,f689c4c2-2ca2-4887-bb21-68c4a3188a65
YES,,Queue: C_FAKE_CHAT,email,Eloah da Cruz; Sr. Leandro Jesus,Barbosa Ramos - ME,07/30/25 07:07 AM,03/30/25 03:39 AM,1092934,Inbound/Outbound,,,C_FAKE_EMAIL,FAKE-WRAP-UP-COMPLETED,[LT] Fluxo_FAKE_v1,d7131c2e-2001-465b-a6f8-9b87fccc1a7d
YES,,Queue: C_FAKE_CHAT,call,Isabella da Rocha; Kamilly Peixoto,Porto,06/22/25 09:22 AM,05/31/25 08:32 PM,137180,Inbound,,,C_FAKE_SUPPORT,FAKE-WRAP-UP-TIMEOUT,[LT] Fluxo_FAKE_v2,537574b0-567a-45f8-9d12-490e76a90f78
YES,,Queue: C_FAKE_CHAT,call,Juliana Cunha; Dra. Cecília Farias,da Mota da Mota e Filhos,08/29/25 08:20 AM,05/22/25 03:16 AM,1205070,Inbound,,,C_FAKE_CHAT,FAKE-WRAP-UP-TIMEOUT,[LT] Fluxo_FAKE_v2,dcc8c801-8c57-4243-b69f-ce1ae67d9f00
YES,,Queue: C_FAKE_EMAIL,message,Isadora Lima; João Vitor da Conceição,Cavalcanti,07/30/25 07:31 PM,06/25/25 03:55 PM,1129922,Outbound,,,C_FAKE_WHATSAPP,FAKE-WRAP-UP-DELETED,[LT] Fluxo_FAKE_v3,f4aae84a-d538-4419-a798-d9bf4ce1ca16
YES,,Queue: C_FAKE_EMAIL,email,Júlia Barros,da Rosa Mendes - EI,03/02/25 08:43 PM,05/30/25 05:50 AM,663506,Outbound,,,C_FAKE_SUPPORT,FAKE-WRAP-UP-COMPLETED,[LT] Fluxo_FAKE_v3,2e292386-6e89-4265-847a-efa5efe739dd
YES,,Queue: C_FAKE_WHATSAPP,message,Alice da Rocha; Maria Fernanda da Luz,da Costa,09/07/25 12:46 AM,06/06/25 01:45 AM,454182,Inbound/Outbound,,,C_FAKE_SUPPORT,FAKE-WRAP-UP-DELETED,[LT] Fluxo_FAKE_v3,32a3a8fb-cd03-4402-8827-e7c09337bb34
YES,,Queue: C_FAKE_WHATSAPP,call,Juan Lopes; Elisa Costela,Gabrielly Souza,09/01/25 10:10 PM,01/14/25 05:02 PM,1782252,Inbound,,,C_FAKE_CHAT,FAKE-WRAP-UP-DELETED,[LT] Fluxo_FAKE_v3,10bb5ed3-c976-4bdf-98d9-39ebad1abfd5
YES,,Queue: C_FAKE_EMAIL,email,Anthony Alves; Isaac Carvalho,Dr. Eduardo da Costa,03/24/25 05:24 PM,04/30/25 10:41 AM,666967,Inbound,,,C_FAKE_EMAIL,FAKE-WRAP-UP-COMPLETED,[LT] Fluxo_FAKE_v2,9f8c1c81-5ce9-43d3-90e6-e383d736b50e
YES,,Queue: C_FAKE_EMAIL,email,Dr. Lucas Mendes,Srta. Evelyn Jesus,02/09/25 10:02 AM,08/07/25 05:10 AM,1563559,Inbound/Outbound,,,C_FAKE_CHAT,FAKE-WRAP-UP-TIMEOUT,[LT] Fluxo_FAKE_v3,26ea945e-e16c-47ac-a69b-f25c28e9772b
YES,,Queue: C_FAKE_WHATSAPP,call,Kaique Costa,da Cruz,08/07/25 03:05 AM,08/03/25 12:00 PM,905231,Outbound,,,C_FAKE_SUPPORT,FAKE-WRAP-UP-TIMEOUT,[LT] Fluxo_FAKE_v2,fbb9bf21-b32a-4228-b835-9656a0f155fb
YES,,Queue: C_FAKE_EMAIL,call,Ryan Farias,Rafael da Conceição,06/22/25 06:48 PM,02/07/25 04:44 PM,1718647,Inbound/Outbound,,,C_FAKE_CHAT,FAKE-WRAP-UP-TIMEOUT,[LT] Fluxo_FAKE_v2,e156df17-22b6-495e-8a14-b309c173d1d9
YES,,Queue: C_FAKE_CHAT,email,Lorena Nascimento,da Cunha,01/08/25 05:59 PM,08/16/25 03:33 PM,1638148,Outbound,,,C_FAKE_SUPPORT,FAKE-WRAP-UP-TIMEOUT,[LT] Fluxo_FAKE_v1,5cc53673-d165-4869-bcde-b1c8b028bafc
YES,,Queue: C_FAKE_CHAT,email,Maria Luiza da Mata,Alexia Rodrigues,08/09/25 02:48 AM,05/14/25 12:43 PM,1728661,Inbound/Outbound,,,C_FAKE_SUPPORT,FAKE-WRAP-UP-DELETED,[LT] Fluxo_FAKE_v1,15c33fae-fce1-46a1-96fb-9a22e2b6ef5d
YES,,Queue: C_FAKE_EMAIL,message,Sr. Davi Cunha; Fernanda Novaes,Carlos Eduardo da Paz,09/04/25 07:23 AM,05/05/25 01:07 PM,792019,Inbound/Outbound,,,C_FAKE_EMAIL,FAKE-WRAP-UP-TIMEOUT,[LT] Fluxo_FAKE_v3,f2e20d2f-caf3-4094-b61e-d8af4ad76a0d
YES,,Queue: C_FAKE_CHAT,email,João Gabriel Sales,Peixoto S.A.,05/22/25 08:03 PM,04/09/25 03:28 AM,960075,Inbound,,,C_FAKE_CHAT,FAKE-WRAP-UP-TIMEOUT,[LT] Fluxo_FAKE_v1,fb66bcaf-47be-40eb-836f-ad3831286dc8
YES,,Queue: C_FAKE_CHAT,email,Alice Rodrigues; Sr. Benjamin Duarte,Sra. Emanuella Porto,06/18/25 03:23 AM,05/12/25 01:53 AM,1300362,Outbound,,,C_FAKE_CHAT,FAKE-WRAP-UP-DELETED,[LT] Fluxo_FAKE_v3,febea834-bfff-4800-85d8-9da60a5b4eb2
YES,,Queue: C_FAKE_WHATSAPP,email,Laís Cardoso,Vieira,01/13/25 04:25 AM,02/20/25 05:44 PM,1927528,Inbound,,,C_FAKE_EMAIL,FAKE-WRAP-UP-DELETED,[LT] Fluxo_FAKE_v1,9fc9953a-ed32-4036-ba6e-8103df3e03c2
YES,,Queue: C_FAKE_CHAT,message,Vicente Aragão; João Miguel da Paz,Isis Nogueira,01/14/25 11:23 PM,04/15/25 11:13 PM,998886,Inbound/Outbound,,,C_FAKE_SUPPORT,FAKE-WRAP-UP-COMPLETED,[LT] Fluxo_FAKE_v3,5de63467-55ec-4b78-a009-4db3b265293e
YES,,Queue: C_FAKE_CHAT,message,Valentina Pereira; Rafaela Mendes,Monteiro Ferreira - EI,03/16/25 09:59 PM,07/09/25 08:13 PM,1524241,Inbound/Outbound,,,C_FAKE_WHATSAPP,FAKE-WRAP-UP-DELETED,[LT] Fluxo_FAKE_v1,e9d1c994-1553-4cc9-8444-a6bd4819a23a
YES,,Queue: C_FAKE_EMAIL,message,Natália Cardoso,Silva,02/14/25 02:07 AM,01/09/25 10:26 PM,1336855,Inbound/Outbound,,,C_FAKE_EMAIL,FAKE-WRAP-UP-TIMEOUT,[LT] Fluxo_FAKE_v3,c316959c-ce64-4ebe-a0e7-118acf8da52b
YES,,Queue: C_FAKE_CHAT,email,Felipe Cardoso,Moura Campos S.A.,08/11/25 02:34 AM,04/03/25 12:29 AM,832878,Inbound/Outbound,,,C_FAKE_SUPPORT,FAKE-WRAP-UP-COMPLETED,[LT] Fluxo_FAKE_v2,134e2bd9-dd1a-4072-965e-ffd1c7647651
YES,,Queue: C_FAKE_WHATSAPP,message,Thiago Alves,Sra. Mariane Cardoso,03/02/25 04:17 PM,08/15/25 07:40 AM,461911,Inbound,,,C_FAKE_EMAIL,FAKE-WRAP-UP-COMPLETED,[LT] Fluxo_FAKE_v2,f81793a1-df10-40ab-b734-7784a049d164
YES,,Queue: C_FAKE_CHAT,email,Marina Melo,Ana Lívia Costa,01/22/25 07:30 PM,02/23/25 08:55 PM,149810,Inbound/Outbound,,,C_FAKE_EMAIL,FAKE-WRAP-UP-DELETED,[LT] Fluxo_FAKE_v3,ed3329b7-befe-4e22-ab02-30a03313d402
YES,,Queue: C_FAKE_EMAIL,email,Diego Carvalho; Srta. Agatha Pinto,da Rocha Barros e Filhos,01/31/25 08:10 PM,05/31/25 06:10 AM,1831009,Inbound/Outbound,,,C_FAKE_SUPPORT,FAKE-WRAP-UP-DELETED,[LT] Fluxo_FAKE_v2,3150c323-8782-4633-a01d-9aeb52060f1c
YES,,Queue: C_FAKE_CHAT,call,Catarina Sales; Rafaela da Mata,Gomes,08/18/25 08:05 PM,01/24/25 07:02 PM,162999,Inbound/Outbound,,,C_FAKE_SUPPORT,FAKE-WRAP-UP-TIMEOUT,[LT] Fluxo_FAKE_v1,019dc12d-81f1-4d04-af57-6e777148c007
YES,,Queue: C_FAKE_CHAT,message,Davi da Paz; Danilo Viana,Caroline Costa,01/30/25 10:19 AM,03/15/25 02:08 AM,1876025,Inbound/Outbound,,,C_FAKE_EMAIL,FAKE-WRAP-UP-TIMEOUT,[LT] Fluxo_FAKE_v3,c19bf990-5247-4092-993e-eb082fe26180
YES,,Queue: C_FAKE_EMAIL,email,Davi Lucca Novaes,Maria Sophia Gonçalves,08/22/25 02:53 PM,06/10/25 02:44 AM,476570,Outbound,,,C_FAKE_CHAT,FAKE-WRAP-UP-DELETED,[LT] Fluxo_FAKE_v1,37dfc571-4910-4c10-a3fe-085b81b41b37
YES,,Queue: C_FAKE_WHATSAPP,message,Eloah Monteiro,Souza Almeida e Filhos,04/08/25 05:43 PM,04/20/25 07:17 AM,1216521,Inbound,,,C_FAKE_CHAT,FAKE-WRAP-UP-COMPLETED,[LT] Fluxo_FAKE_v3,0fc64cf0-108d-4f04-a948-9bdac1199d43
YES,,Queue: C_FAKE_WHATSAPP,message,Luiz Felipe Monteiro,Pinto S/A,06/23/25 04:23 AM,01/05/25 03:50 PM,782527,Outbound,,,C_FAKE_WHATSAPP,FAKE-WRAP-UP-DELETED,[LT] Fluxo_FAKE_v1,16965a15-acac-4b18-be88-64abfa27a8f8
YES,,Queue: C_FAKE_CHAT,message,Dr. Samuel Campos; Emanuella Lopes,Moraes,07/06/25 02:06 PM,05/24/25 08:46 PM,1231614,Inbound,,,C_FAKE_EMAIL,FAKE-WRAP-UP-COMPLETED,[LT] Fluxo_FAKE_v1,7d34d5ec-c36f-4008-8cdc-ffaf7fec01d8
YES,,Queue: C_FAKE_CHAT,call,Sr. Enzo da Cunha; Ryan Moraes,Letícia Rezende,05/06/25 11:19 PM,06/06/25 02:29 PM,1003649,Inbound/Outbound,,,C_FAKE_SUPPORT,FAKE-WRAP-UP-DELETED,[LT] Fluxo_FAKE_v3,76e26e93-e62a-4bfe-9e61-f70d76b00d9f
YES,,Queue: C_FAKE_WHATSAPP,call,Brenda da Conceição; Sra. Kamilly Araújo,Lopes Nascimento e Filhos,02/28/25 12:21 AM,06/05/25 02:50 AM,1274993,Outbound,,,C_FAKE_CHAT,FAKE-WRAP-UP-TIMEOUT,[LT] Fluxo_FAKE_v1,ca978f1d-6f33-4c5e-8392-3cfa5d9f2c8c
YES,,Queue: C_FAKE_EMAIL,message,Camila da Costa,Carolina da Rosa,02/06/25 08:01 PM,01/07/25 08:45 AM,920015,Inbound,,,C_FAKE_EMAIL,FAKE-WRAP-UP-DELETED,[LT] Fluxo_FAKE_v3,45590d60-265f-45c1-b8e7-e190642bb07d
YES,,Queue: C_FAKE_EMAIL,message,Sr. Anthony Sales; Bruna Jesus,Emilly Dias,03/15/25 06:25 PM,07/08/25 10:49 PM,1749379,Inbound/Outbound,,,C_FAKE_SUPPORT,FAKE-WRAP-UP-COMPLETED,[LT] Fluxo_FAKE_v3,6ecfaab4-7fc7-4f6a-b946-51309b58e20a
YES,,Queue: C_FAKE_EMAIL,call,Bruna Rodrigues,Ana Carolina Moraes,02/11/25 04:05 AM,01/26/25 11:36 PM,1333387,Inbound,,,C_FAKE_EMAIL,FAKE-WRAP-UP-COMPLETED,[LT] Fluxo_FAKE_v3,7a09071c-b4bd-4eed-92c2-a44bf3f48d53
YES,,Queue: C_FAKE_CHAT,call,Evelyn da Conceição,Luiz Henrique Sales,03/26/25 01:01 AM,06/11/25 04:37 PM,218642,Outbound,,,C_FAKE_EMAIL,FAKE-WRAP-UP-TIMEOUT,[LT] Fluxo_FAKE_v1,4ed9974f-f4f4-4fdc-8351-d8007d91dbcc
YES,,Queue: C_FAKE_WHATSAPP,email,Bruna Mendes; Gabriela Pereira,Ana Vitória Costela,07/25/25 04:34 PM,04/20/25 11:28 AM,390667,Outbound,,,C_FAKE_CHAT,FAKE-WRAP-UP-COMPLETED,[LT] Fluxo_FAKE_v1,ce9fb278-5f94-4c43-b989-a88457522610
YES,,Queue: C_FAKE_WHATSAPP,message,Srta. Isadora Ribeiro,Aragão - ME,05/24/25 04:43 PM,06/11/25 10:43 PM,1597986,Outbound,,,C_FAKE_SUPPORT,FAKE-WRAP-UP-DELETED,[LT] Fluxo_FAKE_v2,5381e235-f1cf-483f-b59e-e84a3f010e25
YES,,Queue: C_FAKE_EMAIL,email,Srta. Gabrielly Ribeiro; Matheus Mendes,Vitória Melo,03/17/25 11:43 AM,02/19/25 08:57 AM,1800288,Outbound,,,C_FAKE_EMAIL,FAKE-WRAP-UP-COMPLETED,[LT] Fluxo_FAKE_v3,a1f76e1c-c816-4e32-9263-a195f7294c21
YES,,Queue: C_FAKE_CHAT,message,Daniela Duarte; Luigi Ribeiro,Lopes - EI,02/07/25 02:53 AM,05/30/25 04:28 AM,1784062,Inbound/Outbound,,,C_FAKE_WHATSAPP,FAKE-WRAP-UP-DELETED,[LT] Fluxo_FAKE_v2,5257fa5d-9fa4-454f-a5fa-9f8dc00c9ab9
YES,,Queue: C_FAKE_WHATSAPP,email,Luiz Miguel Rodrigues,Fogaça,01/26/25 11:47 PM,06/24/25 01:30 PM,175582,Inbound/Outbound,,,C_FAKE_WHATSAPP,FAKE-WRAP-UP-TIMEOUT,[LT] Fluxo_FAKE_v3,ca916df7-3174-4b78-8705-dd1e63bb48b6
YES,,Queue: C_FAKE_EMAIL,message,Theo da Conceição,Sr. Lucas Farias,03/28/25 05:37 PM,09/03/25 08:38 PM,1002950,Inbound/Outbound,,,C_FAKE_SUPPORT,FAKE-WRAP-UP-COMPLETED,[LT] Fluxo_FAKE_v3,d32880c7-5b2d-407e-93c4-525400c818ba
YES,,Queue: C_FAKE_CHAT,message,Luana da Conceição,Ian Rodrigues,05/03/25 12:15 AM,08/23/25 08:52 PM,448737,Inbound/Outbound,,,C_FAKE_CHAT,FAKE-WRAP-UP-TIMEOUT,[LT] Fluxo_FAKE_v1,d2fa9b0a-3337-45f9-894b-9f90e21a47b9
YES,,Queue: C_FAKE_EMAIL,email,Caroline Costa; Thomas Caldeira,Srta. Marcela Santos,04/20/25 04:40 PM,04/07/25 09:38 AM,547392,Outbound,,,C_FAKE_EMAIL,FAKE-WRAP-UP-TIMEOUT,[LT] Fluxo_FAKE_v3,b35d8adb-6c49-48d4-a042-1eb5ca6beccd
YES,,Queue: C_FAKE_CHAT,message,Heitor Ferreira; Danilo Gonçalves,Araújo e Filhos,09/08/25 02:24 AM,06/13/25 03:56 PM,1971739,Inbound/Outbound,,,C_FAKE_EMAIL,FAKE-WRAP-UP-DELETED,[LT] Fluxo_FAKE_v2,c69aa024-7706-4602-9e5e-a4cd1426512f
YES,,Queue: C_FAKE_WHATSAPP,message,Levi Nascimento,Bruna Pires,05/02/25 11:30 PM,02/11/25 08:15 PM,1545819,Inbound,,,C_FAKE_EMAIL,FAKE-WRAP-UP-TIMEOUT,[LT] Fluxo_FAKE_v3,46a49f8d-74b8-4222-8607-81e5efd8dfa9
YES,,Queue: C_FAKE_WHATSAPP,email,Thales Ramos,da Cruz,08/16/25 06:23 PM,02/19/25 10:02 PM,1002479,Outbound,,,C_FAKE_EMAIL,FAKE-WRAP-UP-TIMEOUT,[LT] Fluxo_FAKE_v2,1fb8e3c2-0457-4e35-b4c3-559b52a343b8
YES,,Queue: C_FAKE_WHATSAPP,call,Igor Vieira; Isadora da Conceição,Nascimento,08/02/25 03:33 PM,01/10/25 09:21 PM,307836,Inbound/Outbound,,,C_FAKE_SUPPORT,FAKE-WRAP-UP-COMPLETED,[LT] Fluxo_FAKE_v1,52ea13b8-a575-45c7-af2b-a37ea0fef51e
YES,,Queue: C_FAKE_EMAIL,email,Camila Martins,Sophie Azevedo,09/07/25 10:58 PM,04/20/25 08:54 PM,1030777,Outbound,,,C_FAKE_SUPPORT,FAKE-WRAP-UP-COMPLETED,[LT] Fluxo_FAKE_v1,918b2860-c1a9-4b3b-90cc-44af52f2978f
YES,,Queue: C_FAKE_CHAT,email,Luiz Gustavo Caldeira; Dra. Raquel Costela,Ana Clara Campos,02/24/25 08:04 AM,02/28/25 08:44 PM,957081,Outbound,,,C_FAKE_EMAIL,FAKE-WRAP-UP-TIMEOUT,[LT] Fluxo_FAKE_v2,f0abe316-29d3-4291-85d4-f2c11a2d4453
YES,,Queue: C_FAKE_EMAIL,call,Srta. Ana Laura Moreira; Dr. Bruno Oliveira,Campos,07/11/25 06:01 AM,06/05/25 01:29 PM,1288304,Outbound,,,C_FAKE_EMAIL,FAKE-WRAP-UP-DELETED,[LT] Fluxo_FAKE_v2,6a961ac0-8651-42a6-8fe9-17808b8c6b6e
YES,,Queue: C_FAKE_CHAT,message,Vitória Novaes; Srta. Maria Clara Carvalho,Porto da Cruz S/A,04/12/25 06:24 AM,03/30/25 07:29 AM,1074645,Inbound,,,C_FAKE_SUPPORT,FAKE-WRAP-UP-COMPLETED,[LT] Fluxo_FAKE_v3,aefb4b37-a50e-45e7-8e77-b6893d407ee0
YES,,Queue: C_FAKE_WHATSAPP,message,Alice Barros,Rocha Barbosa S/A,03/27/25 01:14 AM,04/01/25 08:36 AM,219107,Inbound,,,C_FAKE_CHAT,FAKE-WRAP-UP-COMPLETED,[LT] Fluxo_FAKE_v1,ded7fbb9-f454-4f98-a712-cefef330f931
YES,,Queue: C_FAKE_CHAT,call,Luiz Fernando Lopes,Nogueira,09/04/25 08:23 AM,06/03/25 05:12 PM,1004498,Outbound,,,C_FAKE_WHATSAPP,FAKE-WRAP-UP-COMPLETED,[LT] Fluxo_FAKE_v2,4a25cec8-c3fa-463d-829f-8b3904edf187
YES,,Queue: C_FAKE_WHATSAPP,call,Alice Peixoto,Barbosa S.A.,08/18/25 12:06 AM,01/14/25 11:35 PM,1140725,Inbound,,,C_FAKE_CHAT,FAKE-WRAP-UP-TIMEOUT,[LT] Fluxo_FAKE_v1,7dd0a74b-952e-453e-bac0-e784357650f9
YES,,Queue: C_FAKE_WHATSAPP,call,João Felipe Cardoso,Isadora Silva,03/05/25 06:15 PM,06/04/25 05:59 AM,760457,Inbound,,,C_FAKE_EMAIL,FAKE-WRAP-UP-TIMEOUT,[LT] Fluxo_FAKE_v3,01e1af8f-8946-4e5b-a6fa-3d5c3678a41a
YES,,Queue: C_FAKE_EMAIL,call,Sofia Gomes; Matheus Moura,da Cruz,03/20/25 06:55 AM,08/24/25 11:24 PM,1088537,Outbound,,,C_FAKE_CHAT,FAKE-WRAP-UP-DELETED,[LT] Fluxo_FAKE_v3,53ba140f-321e-4462-95a0-db97419b7333
YES,,Queue: C_FAKE_CHAT,email,João Vitor Costa,Esther Porto,01/12/25 04:35 AM,06/23/25 12:45 AM,1498705,Inbound,,,C_FAKE_SUPPORT,FAKE-WRAP-UP-DELETED,[LT] Fluxo_FAKE_v3,abfe1fb5-a6c2-4716-b7bd-77509a7650dd
YES,,Queue: C_FAKE_CHAT,call,Stella Nunes; Diego Correia,João Pedro Cavalcanti,03/21/25 08:10 PM,03/19/25 05:27 PM,1986378,Outbound,,,C_FAKE_SUPPORT,FAKE-WRAP-UP-DELETED,[LT] Fluxo_FAKE_v1,bf4d493d-bc57-403e-91f9-1586c27f9590
YES,,Queue: C_FAKE_CHAT,call,Ryan da Rosa,Fernanda Moreira,06/30/25 02:44 AM,01/22/25 02:44 AM,1137904,Inbound/Outbound,,,C_FAKE_EMAIL,FAKE-WRAP-UP-DELETED,[LT] Fluxo_FAKE_v2,911cdbb8-3ad4-44c4-a049-3ed9a5d83148
YES,,Queue: C_FAKE_CHAT,email,Enrico Silva,Henrique Alves,03/26/25 01:12 AM,03/12/25 06:17 AM,1683452,Inbound/Outbound,,,C_FAKE_WHATSAPP,FAKE-WRAP-UP-COMPLETED,[LT] Fluxo_FAKE_v2,7fe54edd-34d3-47dd-957c-9198dc406c3b
YES,,Queue: C_FAKE_CHAT,email,Sra. Rebeca Martins,Novaes,08/22/25 05:18 PM,03/06/25 04:18 AM,384293,Inbound,,,C_FAKE_SUPPORT,FAKE-WRAP-UP-TIMEOUT,[LT] Fluxo_FAKE_v3,8f928bca-7aec-4953-bdde-e37debbaca66
YES,,Queue: C_FAKE_CHAT,message,Esther Farias; Paulo Cavalcanti,Antônio Barros,01/05/25 08:30 AM,04/17/25 12:01 PM,1992022,Inbound,,,C_FAKE_CHAT,FAKE-WRAP-UP-DELETED,[LT] Fluxo_FAKE_v1,71ef7e0a-4dae-4c5c-8000-9f1eee1eedbf
YES,,Queue: C_FAKE_WHATSAPP,call,Sabrina da Cruz; Benjamin Moura,da Mota Pereira e Filhos,05/25/25 06:56 PM,01/30/25 01:17 PM,547095,Inbound/Outbound,,,C_FAKE_WHATSAPP,FAKE-WRAP-UP-TIMEOUT,[LT] Fluxo_FAKE_v1,05bba5e4-a754-4837-aae0-6e0147acaec9
YES,,Queue: C_FAKE_EMAIL,call,Vitor Azevedo,Jesus S.A.,04/13/25 12:46 AM,06/27/25 10:52 AM,1698769,Inbound,,,C_FAKE_EMAIL,FAKE-WRAP-UP-COMPLETED,[LT] Fluxo_FAKE_v2,fbb8704e-e32a-4749-aea7-a67fee1cb89a
YES,,Queue: C_FAKE_WHATSAPP,call,Cauã Araújo; Camila Alves,Carvalho e Filhos,04/02/25 04:31 AM,06/26/25 07:11 PM,1687916,Inbound,,,C_FAKE_SUPPORT,FAKE-WRAP-UP-DELETED,[LT] Fluxo_FAKE_v2,b1e62f11-946c-4404-a2ed-bb63deaaacaa
YES,,Queue: C_FAKE_CHAT,email,Emanuelly Fogaça,Rocha S/A,03/01/25 12:48 PM,03/25/25 04:22 PM,1383596,Outbound,,,C_FAKE_WHATSAPP,FAKE-WRAP-UP-COMPLETED,[LT] Fluxo_FAKE_v2,609eed33-ad92-4bbf-a5c5-1c9a10ae2dfc
YES,,Queue: C_FAKE_WHATSAPP,message,Arthur Sales,Letícia Oliveira,03/09/25 11:19 PM,01/06/25 03:40 AM,1936902,Outbound,,,C_FAKE_SUPPORT,FAKE-WRAP-UP-DELETED,[LT] Fluxo_FAKE_v1,a8179850-0b45-4b04-a5bc-89c093a69684
YES,,Queue: C_FAKE_WHATSAPP,message,Vitor Freitas; Sra. Rebeca Rocha,Fogaça Araújo e Filhos,04/16/25 02:52 PM,03/15/25 12:56 AM,1518351,Inbound/Outbound,,,C_FAKE_EMAIL,FAKE-WRAP-UP-DELETED,[LT] Fluxo_FAKE_v1,cf735afa-72af-4a55-b08e-8dd43c1d10be
YES,,Queue: C_FAKE_EMAIL,message,Pietro Barbosa; Larissa Rodrigues,Barros Gomes Ltda.,02/04/25 08:05 AM,08/21/25 06:13 AM,223425,Inbound/Outbound,,,C_FAKE_WHATSAPP,FAKE-WRAP-UP-DELETED,[LT] Fluxo_FAKE_v3,78f4223b-d21a-4375-b4cd-4a415e072fb2
YES,,Queue: C_FAKE_WHATSAPP,call,Bruna Moura,Vieira,07/30/25 12:18 AM,02/26/25 01:58 PM,1615578,Inbound/Outbound,,,C_FAKE_CHAT,FAKE-WRAP-UP-COMPLETED,[LT] Fluxo_FAKE_v3,58c714f2-a3aa-4839-bc35-bc9a521a21a4
YES,,Queue: C_FAKE_EMAIL,email,Camila Nunes; Dr. João Felipe Gonçalves,Renan Sales,07/30/25 02:18 PM,06/08/25 09:12 AM,411416,Inbound,,,C_FAKE_WHATSAPP,FAKE-WRAP-UP-COMPLETED,[LT] Fluxo_FAKE_v1,16214bd0-6e84-424b-b61d-6b9c5c3e82e9
YES,,Queue: C_FAKE_CHAT,call,Eloah Cunha,Dr. Pedro Rezende,06/25/25 01:28 AM,07/29/25 09:49 AM,1493749,Outbound,,,C_FAKE_CHAT,FAKE-WRAP-UP-TIMEOUT,[LT] Fluxo_FAKE_v2,e3c60f79-2a0e-4060-ae2a-9c01dc9eec0b
YES,,Queue: C_FAKE_EMAIL,call,Joaquim Santos,Bianca Mendes,07/29/25 07:07 PM,09/03/25 05:10 PM,1159214,Inbound,,,C_FAKE_CHAT,FAKE-WRAP-UP-TIMEOUT,[LT] Fluxo_FAKE_v1,d9e18c82-28d0-4562-beaa-d00dd4fecf58
YES,,Queue: C_FAKE_WHATSAPP,email,Beatriz da Rocha,Sra. Ana Júlia Peixoto,02/13/25 10:47 AM,07/14/25 05:14 PM,1484406,Outbound,,,C_FAKE_EMAIL,FAKE-WRAP-UP-COMPLETED,[LT] Fluxo_FAKE_v1,1a93a3f1-8502-46c0-8abf-19038b435eca
YES,,Queue: C_FAKE_EMAIL,message,Agatha Fernandes; Natália da Cunha,Srta. Nina Melo,07/09/25 11:29 PM,02/15/25 09:47 AM,178343,Inbound,,,C_FAKE_SUPPORT,FAKE-WRAP-UP-COMPLETED,[LT] Fluxo_FAKE_v3,cc027d43-d622-4179-bb5a-d45d535322bf
YES,,Queue: C_FAKE_CHAT,call,Dr. Luiz Henrique Novaes; Murilo Monteiro,Sra. Olivia Cavalcanti,03/29/25 04:44 PM,09/06/25 05:36 PM,337778,Inbound/Outbound,,,C_FAKE_EMAIL,FAKE-WRAP-UP-DELETED,[LT] Fluxo_FAKE_v1,d597ea14-27dc-4857-b422-acb0a4d6c76c
YES,,Queue: C_FAKE_WHATSAPP,email,Srta. Raquel Almeida; Yasmin Cavalcanti,Bianca Cardoso,04/30/25 01:18 AM,04/04/25 10:03 PM,324589,Inbound/Outbound,,,C_FAKE_CHAT,FAKE-WRAP-UP-TIMEOUT,[LT] Fluxo_FAKE_v2,d34266c9-4d88-436e-a7f7-78dec17c2577
YES,,Queue: C_FAKE_WHATSAPP,message,Marcelo Castro; Antônio Aragão,Gonçalves S/A,03/22/25 10:11 AM,03/14/25 02:58 AM,454398,Inbound,,,C_FAKE_WHATSAPP,FAKE-WRAP-UP-TIMEOUT,[LT] Fluxo_FAKE_v1,1243161c-ae34-497a-86ac-61e7d3e14d83
YES,,Queue: C_FAKE_EMAIL,message,Fernando Porto; Kevin Moraes,Alves,08/21/25 01:40 AM,04/27/25 02:12 PM,187695,Inbound/Outbound,,,C_FAKE_CHAT,FAKE-WRAP-UP-COMPLETED,[LT] Fluxo_FAKE_v2,355cdfff-5ffa-4dbe-a343-687057d9f647
YES,,Queue: C_FAKE_CHAT,email,Kevin Rocha,Mariana Barbosa,07/10/25 07:33 PM,01/13/25 05:46 AM,1730969,Outbound,,,C_FAKE_WHATSAPP,FAKE-WRAP-UP-DELETED,[LT] Fluxo_FAKE_v1,07f2422d-59fb-446d-91d3-649c7fffa983
YES,,Queue: C_FAKE_EMAIL,call,Samuel Ribeiro; Sophia Teixeira,Kevin Monteiro,07/10/25 10:00 AM,01/11/25 02:42 PM,1800932,Inbound,,,C_FAKE_WHATSAPP,FAKE-WRAP-UP-COMPLETED,[LT] Fluxo_FAKE_v3,7cc96b10-f677-4b06-89e6-614a61458972
YES,,Queue: C_FAKE_WHATSAPP,call,Lucas Fernandes; Ana Laura Cardoso,Thiago Castro,06/26/25 01:58 PM,05/28/25 12:28 PM,1220044,Inbound/Outbound,,,C_FAKE_EMAIL,FAKE-WRAP-UP-TIMEOUT,[LT] Fluxo_FAKE_v2,9a861a16-3dca-4d82-965e-b679bfc1e2f1
YES,,Queue: C_FAKE_EMAIL,email,Alícia Martins,Marcos Vinicius Porto,03/26/25 02:26 AM,08/27/25 08:15 AM,510261,Outbound,,,C_FAKE_CHAT,FAKE-WRAP-UP-DELETED,[LT] Fluxo_FAKE_v3,af0f134e-02a2-4fcc-984e-e3db691d8bea
YES,,Queue: C_FAKE_CHAT,email,Nicolas Araújo,Laura Campos,07/14/25 11:39 PM,03/12/25 09:12 AM,816369,Outbound,,,C_FAKE_WHATSAPP,FAKE-WRAP-UP-COMPLETED,[LT] Fluxo_FAKE_v2,90a71d24-b277-4e31-8655-6f9a7692f681
YES,,Queue: C_FAKE_CHAT,call,Yasmin Teixeira; Rebeca Barros,Nathan Costa,07/20/25 04:19 PM,07/10/25 05:22 PM,1138646,Inbound,,,C_FAKE_CHAT,FAKE-WRAP-UP-COMPLETED,[LT] Fluxo_FAKE_v3,4b1b9280-73a4-4f97-a6fa-a03b2c85ef20
YES,,Queue: C_FAKE_CHAT,email,Augusto Gonçalves,Pereira,02/12/25 02:14 PM,03/02/25 02:48 AM,181991,Inbound,,,C_FAKE_EMAIL,FAKE-WRAP-UP-TIMEOUT,[LT] Fluxo_FAKE_v2,32f9bae0-13aa-44b0-965e-2bcff7f3dc54
YES,,Queue: C_FAKE_WHATSAPP,email,Luiza Farias,João Pedro da Luz,05/27/25 07:16 AM,01/18/25 12:56 AM,1240203,Inbound,,,C_FAKE_SUPPORT,FAKE-WRAP-UP-DELETED,[LT] Fluxo_FAKE_v3,570edab2-3932-4a07-aec3-f8e04d620050
YES,,Queue: C_FAKE_EMAIL,call,Maria Luiza Sales; Theo Pires,Srta. Ana Luiza da Cunha,02/24/25 01:29 AM,02/21/25 06:19 AM,1164692,Inbound,,,C_FAKE_EMAIL,FAKE-WRAP-UP-COMPLETED,[LT] Fluxo_FAKE_v1,9aeec74f-f259-4fc7-ba92-6f97bd87ff11
YES,,Queue: C_FAKE_CHAT,email,Alice Pires,Isabelly Pinto,01/08/25 11:25 PM,07/23/25 10:59 PM,1834712,Outbound,,,C_FAKE_CHAT,FAKE-WRAP-UP-TIMEOUT,[LT] Fluxo_FAKE_v3,a284598a-5e48-445a-b19d-ab55e5cefa0f
YES,,Queue: C_FAKE_CHAT,call,Ana Lívia Peixoto,Azevedo,04/19/25 07:33 AM,06/19/25 10:31 AM,817167,Inbound/Outbound,,,C_FAKE_EMAIL,FAKE-WRAP-UP-DELETED,[LT] Fluxo_FAKE_v2,1122e28f-6c18-4b52-b3b9-66e28eaa0112
YES,,Queue: C_FAKE_WHATSAPP,call,Bryan Ferreira; Isabella Ribeiro,Lívia Farias,02/23/25 09:50 AM,02/16/25 11:54 PM,1766888,Outbound,,,C_FAKE_SUPPORT,FAKE-WRAP-UP-TIMEOUT,[LT] Fluxo_FAKE_v2,92071602-161c-4674-a978-868d062c0692
YES,,Queue: C_FAKE_CHAT,email,Raul da Paz,Viana,05/25/25 11:33 PM,08/05/25 11:03 AM,1887333,Inbound/Outbound,,,C_FAKE_WHATSAPP,FAKE-WRAP-UP-TIMEOUT,[LT] Fluxo_FAKE_v1,f88aa20e-111b-4acd-ba56-53b3435467e1
YES,,Queue: C_FAKE_EMAIL,message,Carolina Oliveira,Barbosa S.A.,03/20/25 02:56 PM,02/27/25 05:44 AM,1869819,Outbound,,,C_FAKE_WHATSAPP,FAKE-WRAP-UP-TIMEOUT,[LT] Fluxo_FAKE_v2,b393cb2d-bf23-4095-a21a-5dd04ce34923
YES,,Queue: C_FAKE_CHAT,call,Alana Moura,Luiz Gustavo Alves,02/13/25 06:55 PM,07/23/25 05:16 PM,194515,Inbound/Outbound,,,C_FAKE_EMAIL,FAKE-WRAP-UP-TIMEOUT,[LT] Fluxo_FAKE_v3,87d01cf2-95e8-4a39-8411-3459aa7927f8
YES,,Queue: C_FAKE_EMAIL,email,Heitor Cunha; Sr. Lucca da Rosa,Rafael Ribeiro,07/05/25 05:51 PM,07/05/25 10:07 PM,1603785,Inbound/Outbound,,,C_FAKE_CHAT,FAKE-WRAP-UP-DELETED,[LT] Fluxo_FAKE_v3,634aa1a4-2c23-4586-995b-252536d0bb41
YES,,Queue: C_FAKE_CHAT,call,Maysa Viana,Danilo Costela,07/18/25 12:18 AM,02/26/25 11:15 AM,1425426,Inbound/Outbound,,,C_FAKE_SUPPORT,FAKE-WRAP-UP-TIMEOUT,[LT] Fluxo_FAKE_v2,7a49c96a-1168-4e55-82b1-4f24dc76a6a8
YES,,Queue: C_FAKE_CHAT,call,Ana Julia da Cunha; Pedro Lucas Oliveira,das Neves,04/12/25 10:22 PM,06/07/25 07:50 PM,1473464,Inbound/Outbound,,,C_FAKE_EMAIL,FAKE-WRAP-UP-DELETED,[LT] Fluxo_FAKE_v1,0afc13fb-6e8f-49bc-809b-61e40f46bb11
YES,,Queue: C_FAKE_EMAIL,email,Dr. Antônio da Mota,Novaes,06/24/25 04:42 PM,08/24/25 12:23 PM,417192,Inbound/Outbound,,,C_FAKE_SUPPORT,FAKE-WRAP-UP-COMPLETED,[LT] Fluxo_FAKE_v3,bfa4ce84-3987-41a2-9def-7af4d61c8113
YES,,Queue: C_FAKE_WHATSAPP,email,Lucca Silva,Melissa da Cruz,04/04/25 05:27 PM,08/21/25 02:53 PM,1743689,Inbound/Outbound,,,C_FAKE_WHATSAPP,FAKE-WRAP-UP-TIMEOUT,[LT] Fluxo_FAKE_v2,c5e9d3c3-7f44-43d5-89a1-f7a185713253
YES,,Queue: C_FAKE_EMAIL,email,Leandro Araújo,Ana Clara Cardoso,02/26/25 12:45 PM,09/07/25 02:16 AM,1395750,Inbound,,,C_FAKE_WHATSAPP,FAKE-WRAP-UP-COMPLETED,[LT] Fluxo_FAKE_v3,64ad2b39-4702-4e75-9e98-efdf0a3a1171
YES,,Queue: C_FAKE_EMAIL,email,Lucas Gabriel Mendes,Luiz Otávio Martins,04/30/25 04:05 PM,07/02/25 11:53 AM,364491,Inbound/Outbound,,,C_FAKE_CHAT,FAKE-WRAP-UP-DELETED,[LT] Fluxo_FAKE_v3,c1e62068-62d7-4bec-bcdf-a46982edbaad
YES,,Queue: C_FAKE_EMAIL,email,Dra. Olivia Cunha; Heloísa Carvalho,Sra. Heloísa Teixeira,07/20/25 06:46 PM,08/28/25 08:57 AM,1331784,Inbound/Outbound,,,C_FAKE_SUPPORT,FAKE-WRAP-UP-TIMEOUT,[LT] Fluxo_FAKE_v2,a10e1931-4068-4515-901c-778ca1a131b4
YES,,Queue: C_FAKE_EMAIL,email,Gabriel Gomes; Maitê Dias,Dr. Erick da Mota,05/16/25 08:22 AM,04/29/25 11:22 PM,899203,Inbound/Outbound,,,C_FAKE_CHAT,FAKE-WRAP-UP-TIMEOUT,[LT] Fluxo_FAKE_v1,848622e3-55c2-45e2-9363-621f311cdad4
YES,,Queue: C_FAKE_WHATSAPP,message,Júlia Freitas,Pereira,03/15/25 03:34 AM,08/27/25 02:04 AM,1645140,Inbound,,,C_FAKE_SUPPORT,FAKE-WRAP-UP-COMPLETED,[LT] Fluxo_FAKE_v1,cd5fe3f4-23a7-439d-8971-d849e3fb1c48
YES,,Queue: C_FAKE_CHAT,email,Sra. Caroline Moreira,da Rocha,06/29/25 04:35 PM,08/14/25 10:17 PM,259950,Outbound,,,C_FAKE_CHAT,FAKE-WRAP-UP-TIMEOUT,[LT] Fluxo_FAKE_v1,b97ee830-1e01-4646-ac64-f73d85261ad4
YES,,Queue: C_FAKE_WHATSAPP,message,Sra. Maysa Farias; Noah Mendes,Pedro Sales,05/26/25 03:14 PM,04/06/25 09:28 AM,719501,Inbound,,,C_FAKE_EMAIL,FAKE-WRAP-UP-COMPLETED,[LT] Fluxo_FAKE_v2,454f3fbf-b790-4752-bbfd-ec746441e11e
YES,,Queue: C_FAKE_WHATSAPP,call,Laís Teixeira,da Conceição,04/09/25 10:12 PM,08/24/25 08:10 AM,1024914,Inbound/Outbound,,,C_FAKE_WHATSAPP,FAKE-WRAP-UP-TIMEOUT,[LT] Fluxo_FAKE_v3,f76d7126-1fda-48c9-80a6-2de41271e295
YES,,Queue: C_FAKE_WHATSAPP,call,Maria Clara Novaes,Campos S.A.,04/09/25 11:00 PM,07/12/25 06:15 AM,799023,Inbound,,,C_FAKE_CHAT,FAKE-WRAP-UP-TIMEOUT,[LT] Fluxo_FAKE_v3,8cf70470-fda8-477a-af4b-d7a8746b302f
YES,,Queue: C_FAKE_WHATSAPP,call,Emilly Silva,da Paz,04/14/25 04:30 AM,01/20/25 07:17 PM,937876,Outbound,,,C_FAKE_WHATSAPP,FAKE-WRAP-UP-DELETED,[LT] Fluxo_FAKE_v3,fb5078f7-a0cb-4eca-ad7e-39bcfb48ac14
YES,,Queue: C_FAKE_CHAT,email,Maria Vitória Cavalcanti; Larissa Nogueira,Costa,02/24/25 06:21 AM,03/12/25 08:01 AM,1644502,Inbound,,,C_FAKE_SUPPORT,FAKE-WRAP-UP-COMPLETED,[LT] Fluxo_FAKE_v1,cd21fb86-c297-4392-9c80-72201f77765f
YES,,Queue: C_FAKE_CHAT,message,Augusto Campos; Calebe Vieira,Emanuelly Costela,02/07/25 05:45 AM,06/14/25 09:06 AM,916480,Outbound,,,C_FAKE_WHATSAPP,FAKE-WRAP-UP-DELETED,[LT] Fluxo_FAKE_v3,a9093889-e42c-4e33-8a39-561f3473d9d3
YES,,Queue: C_FAKE_WHATSAPP,call,Ana Carolina Alves,Joaquim Freitas,04/21/25 08:49 AM,06/16/25 10:03 PM,345256,Inbound/Outbound,,,C_FAKE_SUPPORT,FAKE-WRAP-UP-TIMEOUT,[LT] Fluxo_FAKE_v3,9e49b057-386e-495d-bb01-48933d9d38e3
YES,,Queue: C_FAKE_WHATSAPP,email,Maria Julia Fogaça; Isabella Duarte,Aragão Vieira - EI,05/04/25 12:01 AM,03/27/25 09:21 AM,691309,Outbound,,,C_FAKE_SUPPORT,FAKE-WRAP-UP-TIMEOUT,[LT] Fluxo_FAKE_v1,d33b05e6-f765-48a0-8e43-07c42bfddbf9
YES,,Queue: C_FAKE_WHATSAPP,message,Cecília Viana; Alexia da Cruz,Murilo Fogaça,07/08/25 08:14 PM,02/18/25 09:00 AM,440641,Inbound,,,C_FAKE_WHATSAPP,FAKE-WRAP-UP-DELETED,[LT] Fluxo_FAKE_v1,6809f986-d86a-48f9-bf06-8051187eb974
YES,,Queue: C_FAKE_WHATSAPP,email,Erick Ramos; Bárbara da Luz,Freitas Cavalcanti S/A,04/03/25 05:30 PM,04/30/25 07:22 PM,1493758,Outbound,,,C_FAKE_SUPPORT,FAKE-WRAP-UP-COMPLETED,[LT] Fluxo_FAKE_v2,99870266-dc63-4196-9463-20bc6f68d3b3
YES,,Queue: C_FAKE_WHATSAPP,email,Lavínia da Rosa,Castro Cardoso - ME,06/22/25 11:37 AM,06/21/25 08:39 PM,690608,Inbound,,,C_FAKE_SUPPORT,FAKE-WRAP-UP-COMPLETED,[LT] Fluxo_FAKE_v1,626cfccc-e35b-4a6d-bd39-e09d267faa83
YES,,Queue: C_FAKE_WHATSAPP,message,Sophia Nascimento,Viana Ltda.,03/21/25 03:56 PM,07/10/25 09:17 PM,954967,Inbound/Outbound,,,C_FAKE_EMAIL,FAKE-WRAP-UP-DELETED,[LT] Fluxo_FAKE_v1,8620a10a-e009-4d7a-8a22-6c566fc8503c
YES,,Queue: C_FAKE_WHATSAPP,message,Dr. Anthony Sales,Pires,08/24/25 01:29 PM,03/21/25 07:06 PM,1325619,Inbound/Outbound,,,C_FAKE_WHATSAPP,FAKE-WRAP-UP-TIMEOUT,[LT] Fluxo_FAKE_v3,13cdaa4c-b415-47cf-a4fe-fbbe5f7a6026
YES,,Queue: C_FAKE_EMAIL,email,Pietra Nascimento,Nunes da Rocha S.A.,05/03/25 12:39 AM,05/18/25 04:40 AM,1690726,Outbound,,,C_FAKE_EMAIL,FAKE-WRAP-UP-TIMEOUT,[LT] Fluxo_FAKE_v3,b705e692-3faf-4b34-862e-27af67b4c897
YES,,Queue: C_FAKE_WHATSAPP,email,Enzo Nascimento,Araújo,08/07/25 06:25 PM,04/05/25 06:55 PM,1713798,Inbound/Outbound,,,C_FAKE_WHATSAPP,FAKE-WRAP-UP-DELETED,[LT] Fluxo_FAKE_v1,73c66188-108f-494b-b294-a9b6a53dff52
YES,,Queue: C_FAKE_CHAT,message,Srta. Joana Monteiro,Nascimento,01/08/25 11:01 PM,07/10/25 04:03 PM,809038,Inbound,,,C_FAKE_EMAIL,FAKE-WRAP-UP-TIMEOUT,[LT] Fluxo_FAKE_v2,e8c08c02-7200-4c98-b963-c2fc6fb0d297
YES,,Queue: C_FAKE_WHATSAPP,message,Ana Laura Pinto; João Felipe Dias,Moreira,04/11/25 10:03 PM,07/05/25 08:13 PM,555911,Inbound/Outbound,,,C_FAKE_SUPPORT,FAKE-WRAP-UP-COMPLETED,[LT] Fluxo_FAKE_v3,da889b20-3819-48f2-ab25-8bdf28791fa4
YES,,Queue: C_FAKE_EMAIL,email,Melissa Silveira; Marcela da Paz,João Miguel Moreira,01/19/25 03:11 PM,03/30/25 06:31 PM,628111,Inbound/Outbound,,,C_FAKE_WHATSAPP,FAKE-WRAP-UP-TIMEOUT,[LT] Fluxo_FAKE_v3,28a414a7-ea75-43fa-b504-cdaf17087003
YES,,Queue: C_FAKE_EMAIL,message,Paulo Vieira,Fernando Cardoso,07/23/25 11:43 PM,04/10/25 02:07 AM,765897,Inbound/Outbound,,,C_FAKE_EMAIL,FAKE-WRAP-UP-DELETED,[LT] Fluxo_FAKE_v3,244220c6-4b0c-400c-a626-c97d73fe6a93
YES,,Queue: C_FAKE_CHAT,message,Emilly da Mata,Juan Lima,03/06/25 05:05 PM,07/22/25 03:29 AM,437864,Inbound,,,C_FAKE_WHATSAPP,FAKE-WRAP-UP-DELETED,[LT] Fluxo_FAKE_v3,179f1235-df2e-4280-bb58-44f511186c1a
YES,,Queue: C_FAKE_CHAT,message,Ana Beatriz da Luz; Marcos Vinicius Ribeiro,Bárbara Duarte,01/07/25 04:08 PM,03/17/25 09:07 PM,651556,Inbound/Outbound,,,C_FAKE_CHAT,FAKE-WRAP-UP-TIMEOUT,[LT] Fluxo_FAKE_v1,113ff40f-13b9-4213-b668-4e199a463e70
YES,,Queue: C_FAKE_EMAIL,call,Gabriel da Luz; Ana Vitória Rezende,Sophie Moura,03/11/25 11:41 AM,03/01/25 07:26 AM,1973901,Inbound/Outbound,,,C_FAKE_EMAIL,FAKE-WRAP-UP-TIMEOUT,[LT] Fluxo_FAKE_v2,3ee2b11c-2fd2-408f-aea1-63a7889dc47e
YES,,Queue: C_FAKE_CHAT,message,Igor da Cunha; Luiz Gustavo Aragão,Novaes S.A.,03/06/25 08:33 PM,01/19/25 06:36 PM,169000,Outbound,,,C_FAKE_EMAIL,FAKE-WRAP-UP-DELETED,[LT] Fluxo_FAKE_v3,21ddd27e-d8b6-4802-a7e9-add37814c492
YES,,Queue: C_FAKE_WHATSAPP,email,Otávio Moura,Rezende,04/06/25 10:55 AM,06/26/25 04:23 PM,957398,Inbound/Outbound,,,C_FAKE_EMAIL,FAKE-WRAP-UP-TIMEOUT,[LT] Fluxo_FAKE_v1,b6a35409-1c20-486b-b5d0-44fb2cd64d84
YES,,Queue: C_FAKE_WHATSAPP,email,Davi Lucca Barbosa,João Miguel Cunha,01/01/25 05:20 AM,04/22/25 12:55 PM,156731,Inbound/Outbound,,,C_FAKE_EMAIL,FAKE-WRAP-UP-DELETED,[LT] Fluxo_FAKE_v1,7d6dca57-cc80-4698-8765-88fe75f53328
YES,,Queue: C_FAKE_CHAT,message,Sophia Novaes,Souza,07/01/25 05:12 AM,09/09/25 09:46 AM,1698656,Inbound,,,C_FAKE_WHATSAPP,FAKE-WRAP-UP-COMPLETED,[LT] Fluxo_FAKE_v1,c950824d-5a9b-441d-8508-2f78f17b25ef
YES,,Queue: C_FAKE_CHAT,email,Maria Julia Nunes; Luiz Miguel Oliveira,Luiz Fernando Sales,02/19/25 12:38 AM,01/15/25 03:25 AM,1678777,Inbound/Outbound,,,C_FAKE_EMAIL,FAKE-WRAP-UP-COMPLETED,[LT] Fluxo_FAKE_v1,fea59d94-998c-403a-92cb-760434f6f0dd
YES,,Queue: C_FAKE_EMAIL,email,Dr. Carlos Eduardo Oliveira,Isis Jesus,05/26/25 02:25 AM,01/10/25 06:32 AM,590488,Outbound,,,C_FAKE_SUPPORT,FAKE-WRAP-UP-TIMEOUT,[LT] Fluxo_FAKE_v3,c0146804-32de-4097-bcba-8dea50860861
YES,,Queue: C_FAKE_CHAT,message,Enrico Pinto,Porto Cunha e Filhos,04/28/25 06:35 AM,06/03/25 10:21 PM,679897,Inbound/Outbound,,,C_FAKE_EMAIL,FAKE-WRAP-UP-COMPLETED,[LT] Fluxo_FAKE_v2,e6876705-0431-49ef-a46e-c70f3e97037d
YES,,Queue: C_FAKE_EMAIL,email,Leonardo Fernandes,Juliana Rezende,06/30/25 04:01 PM,05/25/25 07:15 AM,844700,Inbound,,,C_FAKE_SUPPORT,FAKE-WRAP-UP-DELETED,[LT] Fluxo_FAKE_v1,2162d1b7-769a-4892-b466-b8f9e1e3e199
YES,,Queue: C_FAKE_CHAT,email,Ana Beatriz Farias; Pedro Miguel Castro,João Lucas Barros,05/17/25 03:24 AM,06/30/25 02:56 PM,830076,Inbound,,,C_FAKE_SUPPORT,FAKE-WRAP-UP-COMPLETED,[LT] Fluxo_FAKE_v3,a747520f-e315-4b34-a2f5-63b1e8cdea8a
YES,,Queue: C_FAKE_CHAT,call,Ana Julia Gonçalves,Dr. Augusto Rocha,01/27/25 07:31 AM,05/17/25 09:22 PM,386172,Inbound,,,C_FAKE_EMAIL,FAKE-WRAP-UP-TIMEOUT,[LT] Fluxo_FAKE_v2,ec073a4c-4f72-4efc-b187-dc0954da1012
YES,,Queue: C_FAKE_CHAT,email,Bárbara Alves; Danilo Fogaça,Araújo - EI,03/26/25 10:22 PM,09/02/25 10:18 PM,387374,Inbound/Outbound,,,C_FAKE_CHAT,FAKE-WRAP-UP-COMPLETED,[LT] Fluxo_FAKE_v3,72c7a202-062e-4778-9f0b-5135856638c8
YES,,Queue: C_FAKE_WHATSAPP,message,Helena Ramos; Dr. Gustavo Henrique Moura,Luiz Henrique Costa,06/20/25 06:09 AM,07/09/25 07:59 AM,355416,Inbound,,,C_FAKE_EMAIL,FAKE-WRAP-UP-TIMEOUT,[LT] Fluxo_FAKE_v3,094183bf-8393-4544-837d-e35e6ef3d69b
YES,,Queue: C_FAKE_WHATSAPP,call,Stephany Vieira; Dra. Maria Fernanda Santos,da Costa - ME,05/09/25 05:14 AM,06/20/25 07:48 PM,1769163,Inbound/Outbound,,,C_FAKE_EMAIL,FAKE-WRAP-UP-COMPLETED,[LT] Fluxo_FAKE_v2,44610c94-a29c-464f-b8f8-9cbabb404bc8
YES,,Queue: C_FAKE_EMAIL,message,Danilo da Paz,Paulo Nogueira,04/18/25 02:16 AM,06/03/25 04:04 AM,192019,Inbound/Outbound,,,C_FAKE_EMAIL,FAKE-WRAP-UP-COMPLETED,[LT] Fluxo_FAKE_v1,4d8b876a-0b44-46b2-8ab9-694f38617ce9
YES,,Queue: C_FAKE_EMAIL,email,Daniel da Mota,Maria Fernanda da Mota,06/12/25 04:12 AM,02/28/25 09:26 PM,1722964,Inbound/Outbound,,,C_FAKE_SUPPORT,FAKE-WRAP-UP-COMPLETED,[LT] Fluxo_FAKE_v2,41515f1e-9174-4136-8c0b-dc3f6d4a1259
YES,,Queue: C_FAKE_CHAT,call,Alexandre Campos,Arthur Ferreira,07/07/25 10:45 AM,01/26/25 03:59 PM,1259702,Outbound,,,C_FAKE_EMAIL,FAKE-WRAP-UP-DELETED,[LT] Fluxo_FAKE_v2,fb2fbe8c-ea46-4911-b7e2-f124381692f5
YES,,Queue: C_FAKE_EMAIL,email,Renan Sales; Bruno Ramos,Moura,07/02/25 02:42 AM,04/11/25 05:30 AM,449762,Inbound/Outbound,,,C_FAKE_CHAT,FAKE-WRAP-UP-DELETED,[LT] Fluxo_FAKE_v2,e3a0aa3c-8c44-460f-8efe-59c393b91ea1
YES,,Queue: C_FAKE_CHAT,message,Sra. Marina Martins; Brenda Silveira,Emilly Farias,03/29/25 08:19 PM,01/09/25 03:09 PM,549110,Inbound,,,C_FAKE_WHATSAPP,FAKE-WRAP-UP-DELETED,[LT] Fluxo_FAKE_v3,5401e034-45ae-45d2-bbbf-d6926f125321
YES,,Queue: C_FAKE_CHAT,message,Fernanda Sales; Sra. Ana Beatriz Jesus,Cavalcanti,02/27/25 11:11 AM,08/04/25 01:06 PM,479346,Outbound,,,C_FAKE_EMAIL,FAKE-WRAP-UP-DELETED,[LT] Fluxo_FAKE_v1,380d4643-c891-49bc-9830-60dc393f8079
YES,,Queue: C_FAKE_CHAT,call,Lucas Gabriel da Costa,Samuel Viana,07/16/25 10:48 AM,05/21/25 11:20 PM,446407,Inbound,,,C_FAKE_SUPPORT,FAKE-WRAP-UP-COMPLETED,[LT] Fluxo_FAKE_v3,6b56b091-665c-4da5-be16-064069a31ab6
YES,,Queue: C_FAKE_EMAIL,call,Helena Jesus,Felipe da Cruz,08/30/25 11:19 PM,07/06/25 08:51 PM,839782,Inbound/Outbound,,,C_FAKE_WHATSAPP,FAKE-WRAP-UP-TIMEOUT,[LT] Fluxo_FAKE_v2,10fa62fc-a9b2-4838-adac-4484f2d058ca
YES,,Queue: C_FAKE_EMAIL,call,Sr. Leandro Nunes,da Costa,06/10/25 08:50 PM,07/03/25 06:18 PM,788235,Inbound,,,C_FAKE_WHATSAPP,FAKE-WRAP-UP-DELETED,[LT] Fluxo_FAKE_v3,f006296b-5572-4d41-87d5-1b96fa75b5fc
YES,,Queue: C_FAKE_EMAIL,call,Sr. Henrique Duarte,Rodrigues,06/03/25 10:12 PM,08/17/25 12:30 PM,1414529,Outbound,,,C_FAKE_EMAIL,FAKE-WRAP-UP-TIMEOUT,[LT] Fluxo_FAKE_v3,d9758f32-6e1b-470f-a7c2-e68436ca9390
YES,,Queue: C_FAKE_EMAIL,email,Gustavo Henrique Farias; Yasmin da Cunha,Sr. Noah Martins,08/19/25 11:19 AM,05/27/25 08:28 AM,1689291,Inbound,,,C_FAKE_SUPPORT,FAKE-WRAP-UP-TIMEOUT,[LT] Fluxo_FAKE_v1,15042b41-19c4-47d6-9537-846cda6b391d
YES,,Queue: C_FAKE_WHATSAPP,message,Vicente Alves; Marcelo Pereira,Ana Laura da Costa,01/20/25 10:41 PM,01/01/25 07:27 PM,1592704,Outbound,,,C_FAKE_SUPPORT,FAKE-WRAP-UP-DELETED,[LT] Fluxo_FAKE_v1,222bf62a-085e-4518-ad75-6dd378a118df
YES,,Queue: C_FAKE_WHATSAPP,call,João Guilherme Moraes; Maria Julia Carvalho,Davi Luiz Lima,05/09/25 05:08 AM,02/08/25 07:48 PM,657658,Outbound,,,C_FAKE_SUPPORT,FAKE-WRAP-UP-TIMEOUT,[LT] Fluxo_FAKE_v3,15149d1a-9536-4ae6-bf0e-88ea09f81e6f
YES,,Queue: C_FAKE_EMAIL,call,Paulo Almeida,Davi Luiz Novaes,07/10/25 10:29 AM,02/11/25 06:19 PM,1534636,Inbound,,,C_FAKE_CHAT,FAKE-WRAP-UP-DELETED,[LT] Fluxo_FAKE_v3,9d8d2752-4a9b-4dc7-97e7-1b55446fc213
YES,,Queue: C_FAKE_EMAIL,call,Ana Julia Gomes,Bernardo Rezende,08/24/25 09:53 AM,04/11/25 11:12 PM,1960722,Inbound,,,C_FAKE_SUPPORT,FAKE-WRAP-UP-DELETED,[LT] Fluxo_FAKE_v1,b32f7256-c6ac-4caf-a4ba-0ef5284af9d8
YES,,Queue: C_FAKE_CHAT,message,Ana Luiza Sales,Gomes Azevedo - ME,05/12/25 12:31 PM,03/05/25 05:28 AM,1667915,Inbound,,,C_FAKE_SUPPORT,FAKE-WRAP-UP-COMPLETED,[LT] Fluxo_FAKE_v1,73d79809-cf6d-4802-b900-4406b1e58a88
YES,,Queue: C_FAKE_EMAIL,email,Dr. Gustavo Nunes; Eduarda Lima,da Rocha,04/04/25 11:18 AM,06/29/25 03:30 AM,212035,Outbound,,,C_FAKE_SUPPORT,FAKE-WRAP-UP-DELETED,[LT] Fluxo_FAKE_v1,096b9227-27bc-4004-b407-2f12261292e0
YES,,Queue: C_FAKE_EMAIL,email,Benício Costa,Calebe Porto,02/18/25 11:25 PM,02/27/25 11:49 PM,1593149,Inbound/Outbound,,,C_FAKE_WHATSAPP,FAKE-WRAP-UP-COMPLETED,[LT] Fluxo_FAKE_v3,c536c0a2-4850-4c6b-92cd-1aebb9076ff3
YES,,Queue: C_FAKE_EMAIL,message,Dr. Nathan Duarte,Sra. Larissa Oliveira,02/17/25 02:53 PM,09/08/25 05:24 AM,1330420,Outbound,,,C_FAKE_WHATSAPP,FAKE-WRAP-UP-TIMEOUT,[LT] Fluxo_FAKE_v3,8d57c064-abf0-44f1-b14c-d6f2ab13b31a
YES,,Queue: C_FAKE_WHATSAPP,email,Dra. Fernanda da Rocha,Milena Azevedo,05/22/25 10:40 AM,03/02/25 06:58 PM,1950709,Inbound/Outbound,,,C_FAKE_EMAIL,FAKE-WRAP-UP-TIMEOUT,[LT] Fluxo_FAKE_v2,10e900ff-5857-4862-b105-65b6640b1814
YES,,Queue: C_FAKE_WHATSAPP,message,Arthur Fernandes; Carolina Sales,Novaes,05/06/25 03:58 PM,06/24/25 02:41 PM,541259,Inbound/Outbound,,,C_FAKE_EMAIL,FAKE-WRAP-UP-COMPLETED,[LT] Fluxo_FAKE_v2,becac08c-53b0-4133-90d7-09562205f294
YES,,Queue: C_FAKE_WHATSAPP,message,Sra. Mirella Lopes,Almeida da Cunha Ltda.,06/11/25 11:32 AM,02/06/25 04:50 AM,429095,Inbound/Outbound,,,C_FAKE_WHATSAPP,FAKE-WRAP-UP-COMPLETED,[LT] Fluxo_FAKE_v3,55a57ad7-fd05-4d92-a022-24327ca51928
YES,,Queue: C_FAKE_CHAT,message,Augusto Cunha,Silva Sales Ltda.,03/20/25 01:09 PM,03/12/25 02:30 AM,1406884,Inbound,,,C_FAKE_SUPPORT,FAKE-WRAP-UP-COMPLETED,[LT] Fluxo_FAKE_v2,025c9425-c557-43d3-89d7-cc9c6af98a8b
YES,,Queue: C_FAKE_EMAIL,email,Isabelly Mendes; Isadora Mendes,Calebe Rocha,07/14/25 02:22 PM,03/20/25 08:06 AM,348924,Inbound,,,C_FAKE_CHAT,FAKE-WRAP-UP-COMPLETED,[LT] Fluxo_FAKE_v3,ae2bcab8-551f-44f7-a5d6-9a97360824da
YES,,Queue: C_FAKE_EMAIL,call,Sarah Santos; Luiz Miguel Novaes,Pinto Barbosa - ME,08/18/25 12:17 PM,08/01/25 11:33 AM,1221299,Outbound,,,C_FAKE_EMAIL,FAKE-WRAP-UP-TIMEOUT,[LT] Fluxo_FAKE_v1,c17a608e-ff2d-4318-89ee-49ed4a4a1b64
YES,,Queue: C_FAKE_EMAIL,message,Amanda Gomes,Sr. Juan Campos,07/04/25 06:49 AM,06/12/25 01:00 AM,279354,Outbound,,,C_FAKE_EMAIL,FAKE-WRAP-UP-TIMEOUT,[LT] Fluxo_FAKE_v1,e265edda-ea02-4c7d-b6aa-c248edd61dd7
YES,,Queue: C_FAKE_WHATSAPP,email,Maria Julia Dias; Sr. Levi Ferreira,Pietro Azevedo,03/31/25 02:50 AM,08/14/25 01:55 AM,645007,Inbound/Outbound,,,C_FAKE_CHAT,FAKE-WRAP-UP-TIMEOUT,[LT] Fluxo_FAKE_v2,0118d2a5-43ef-4542-a512-6fe3410f71df
YES,,Queue: C_FAKE_EMAIL,email,Daniela Barbosa; Levi Duarte,Agatha Pinto,01/19/25 01:11 PM,01/30/25 01:21 PM,920047,Inbound/Outbound,,,C_FAKE_SUPPORT,FAKE-WRAP-UP-TIMEOUT,[LT] Fluxo_FAKE_v1,8906a4e2-460c-4c89-8da4-0209cd698214
YES,,Queue: C_FAKE_EMAIL,message,Kamilly Aragão,Sabrina Lima,08/22/25 02:41 AM,01/20/25 09:10 PM,339947,Inbound/Outbound,,,C_FAKE_EMAIL,FAKE-WRAP-UP-COMPLETED,[LT] Fluxo_FAKE_v2,36a25607-9486-4e3c-bd26-7a937f2382b5
YES,,Queue: C_FAKE_CHAT,message,Mirella Vieira,Yago Correia,04/02/25 04:48 AM,06/01/25 01:59 AM,1132564,Outbound,,,C_FAKE_WHATSAPP,FAKE-WRAP-UP-TIMEOUT,[LT] Fluxo_FAKE_v1,2d5f62b0-541e-4d9c-b9c8-ddd88f8d9ef2
YES,,Queue: C_FAKE_WHATSAPP,call,Milena da Paz; Rodrigo Pereira,Isaac Farias,07/06/25 08:39 AM,01/09/25 12:51 AM,1456312,Outbound,,,C_FAKE_SUPPORT,FAKE-WRAP-UP-COMPLETED,[LT] Fluxo_FAKE_v1,bfd95996-ee5b-4379-a13f-a67b197634e5
YES,,Queue: C_FAKE_CHAT,call,Sra. Bárbara Gonçalves; Eloah Peixoto,Pereira da Rocha e Filhos,03/05/25 03:43 PM,05/21/25 08:46 AM,1258175,Inbound,,,C_FAKE_EMAIL,FAKE-WRAP-UP-TIMEOUT,[LT] Fluxo_FAKE_v1,49ed6369-ee86-4beb-83dd-1d6a18fc9899
YES,,Queue: C_FAKE_EMAIL,message,Marcelo Vieira,Ana Clara Cardoso,03/02/25 10:00 AM,02/17/25 03:54 AM,1605367,Outbound,,,C_FAKE_EMAIL,FAKE-WRAP-UP-DELETED,[LT] Fluxo_FAKE_v1,f41e2e7c-00da-4e3f-afe5-f873da60314c
YES,,Queue: C_FAKE_CHAT,email,Bernardo Fogaça; Carlos Eduardo Porto,Sr. Luiz Fernando Teixeira,06/30/25 04:53 PM,07/18/25 08:48 AM,642301,Inbound/Outbound,,,C_FAKE_CHAT,FAKE-WRAP-UP-COMPLETED,[LT] Fluxo_FAKE_v2,9d47172c-ab01-4101-bb32-aadb1f41c851
YES,,Queue: C_FAKE_EMAIL,call,Yuri Cardoso; Sr. João Gabriel da Luz,Caroline Viana,04/08/25 04:44 AM,01/08/25 01:53 AM,1841325,Inbound,,,C_FAKE_CHAT,FAKE-WRAP-UP-DELETED,[LT] Fluxo_FAKE_v1,cdeb8ab9-9ece-4b21-a9f4-07eee9320c6a
YES,,Queue: C_FAKE_WHATSAPP,email,Bernardo da Cruz; Joaquim da Cruz,Rocha Monteiro S/A,05/13/25 02:42 AM,06/01/25 04:20 AM,898028,Inbound/Outbound,,,C_FAKE_EMAIL,FAKE-WRAP-UP-TIMEOUT,[LT] Fluxo_FAKE_v3,1a8385f9-6eb1-4e50-81ba-c834caec1d2d
YES,,Queue: C_FAKE_CHAT,call,Stephany Nunes,Davi Luiz da Mota,08/30/25 04:50 AM,09/05/25 01:49 PM,1728462,Inbound/Outbound,,,C_FAKE_CHAT,FAKE-WRAP-UP-TIMEOUT,[LT] Fluxo_FAKE_v2,bf6b8493-961b-43af-8601-b22f7bc19e2f
YES,,Queue: C_FAKE_WHATSAPP,message,Srta. Sofia Dias; Stephany Sales,Nogueira,05/06/25 03:15 AM,09/07/25 12:47 PM,503552,Outbound,,,C_FAKE_CHAT,FAKE-WRAP-UP-COMPLETED,[LT] Fluxo_FAKE_v2,0abe31af-e664-4803-b2f9-130d5e6e5122
YES,,Queue: C_FAKE_EMAIL,message,Levi da Mota,Murilo Moraes,01/07/25 03:34 PM,05/25/25 04:18 PM,716767,Outbound,,,C_FAKE_EMAIL,FAKE-WRAP-UP-DELETED,[LT] Fluxo_FAKE_v3,bfee7aef-6a60-4a4b-96b6-b8cca6124e53
YES,,Queue: C_FAKE_CHAT,message,Ian Rezende,Daniel Castro,08/19/25 10:31 PM,07/22/25 03:32 AM,1556800,Inbound/Outbound,,,C_FAKE_WHATSAPP,FAKE-WRAP-UP-DELETED,[LT] Fluxo_FAKE_v1,97c75839-1dd2-4b24-8420-c72d8fb8b736
YES,,Queue: C_FAKE_EMAIL,message,Lucas Sales; Maria Clara Mendes,Azevedo e Filhos,05/04/25 03:16 AM,04/06/25 01:14 PM,384243,Outbound,,,C_FAKE_CHAT,FAKE-WRAP-UP-DELETED,[LT] Fluxo_FAKE_v2,6cf6c879-d279-40a4-897e-2ce54fe30b6d
YES,,Queue: C_FAKE_EMAIL,message,Arthur Cavalcanti; Heitor Cunha,Sra. Isis da Costa,04/20/25 12:00 AM,05/13/25 12:28 AM,1325701,Outbound,,,C_FAKE_EMAIL,FAKE-WRAP-UP-COMPLETED,[LT] Fluxo_FAKE_v3,130bb2a3-fb37-4648-a97a-c96dd9885d2a
YES,,Queue: C_FAKE_EMAIL,call,Isabelly Cardoso; Gabriela Jesus,Alexia Araújo,04/21/25 05:50 PM,05/08/25 06:53 AM,629149,Inbound/Outbound,,,C_FAKE_WHATSAPP,FAKE-WRAP-UP-TIMEOUT,[LT] Fluxo_FAKE_v1,de97df42-17d3-4848-b638-8b9c2f4d7d4a
YES,,Queue: C_FAKE_WHATSAPP,message,Luiz Miguel Castro,Sr. Caio Ferreira,05/10/25 03:06 PM,05/04/25 02:52 PM,1335544,Inbound/Outbound,,,C_FAKE_CHAT,FAKE-WRAP-UP-TIMEOUT,[LT] Fluxo_FAKE_v1,938fb1ef-2ec0-4db7-9fac-9217e36ebb7f
YES,,Queue: C_FAKE_WHATSAPP,call,Nathan Cardoso,Barros Freitas Ltda.,08/02/25 04:18 PM,07/30/25 05:20 AM,1598198,Outbound,,,C_FAKE_EMAIL,FAKE-WRAP-UP-TIMEOUT,[LT] Fluxo_FAKE_v3,cfc3845b-1464-4da8-9bf7-fa26e9b89caf
YES,,Queue: C_FAKE_EMAIL,email,Dra. Maria Julia Viana; Marcos Vinicius Jesus,João Barbosa,05/02/25 03:02 AM,06/13/25 04:16 AM,330502,Outbound,,,C_FAKE_EMAIL,FAKE-WRAP-UP-DELETED,[LT] Fluxo_FAKE_v2,44e05787-5550-44ea-a86b-f8b517ccb76c
YES,,Queue: C_FAKE_EMAIL,call,Srta. Beatriz Campos; Nicolas Almeida,Lucca Barbosa,07/02/25 05:28 AM,05/21/25 05:57 AM,370855,Inbound,,,C_FAKE_EMAIL,FAKE-WRAP-UP-DELETED,[LT] Fluxo_FAKE_v1,43a8007e-1b5d-4449-8abe-2e0467eedfe9
YES,,Queue: C_FAKE_CHAT,call,Nicolas Farias; Isaac da Cunha,Cavalcanti Aragão - ME,03/26/25 07:48 PM,02/19/25 04:34 AM,293708,Inbound/Outbound,,,C_FAKE_CHAT,FAKE-WRAP-UP-COMPLETED,[LT] Fluxo_FAKE_v1,d27a1a33-f511-4f36-bce4-808b2b5bce12
YES,,Queue: C_FAKE_CHAT,message,Maitê Duarte; Agatha Silveira,da Mota,07/11/25 07:51 AM,08/01/25 03:39 PM,1030784,Outbound,,,C_FAKE_WHATSAPP,FAKE-WRAP-UP-DELETED,[LT] Fluxo_FAKE_v2,360496b6-6e02-4590-8f32-fb393ce7c807
YES,,Queue: C_FAKE_CHAT,call,Natália Nogueira,Souza Gonçalves Ltda.,02/22/25 09:34 PM,06/07/25 02:24 AM,1110913,Outbound,,,C_FAKE_EMAIL,FAKE-WRAP-UP-TIMEOUT,[LT] Fluxo_FAKE_v2,e926aa56-695a-4210-973c-b616f945cfd4
YES,,Queue: C_FAKE_EMAIL,email,Esther Fogaça; Paulo Costa,Sra. Eloah Sales,01/01/25 01:32 PM,02/14/25 12:14 PM,779290,Inbound,,,C_FAKE_CHAT,FAKE-WRAP-UP-COMPLETED,[LT] Fluxo_FAKE_v1,bf2d57e1-30f0-4f6b-973a-905867d1cb6f
YES,,Queue: C_FAKE_WHATSAPP,message,Ryan Costela,Costa Farias S.A.,01/16/25 02:44 PM,03/31/25 03:43 PM,1606440,Inbound/Outbound,,,C_FAKE_SUPPORT,FAKE-WRAP-UP-COMPLETED,[LT] Fluxo_FAKE_v2,0beba1de-beb0-4722-bfff-bc75ff866deb
YES,,Queue: C_FAKE_CHAT,email,Srta. Nina Novaes,da Rosa Freitas S/A,08/12/25 03:25 AM,01/02/25 02:15 AM,1333678,Inbound,,,C_FAKE_EMAIL,FAKE-WRAP-UP-COMPLETED,[LT] Fluxo_FAKE_v1,1c5bb4ce-b79c-4fc9-b5cf-fe16a6dfd693
YES,,Queue: C_FAKE_WHATSAPP,message,Srta. Júlia Cavalcanti; Sr. Levi da Conceição,Thiago Costa,05/24/25 05:03 AM,05/07/25 06:15 AM,1039989,Inbound,,,C_FAKE_CHAT,FAKE-WRAP-UP-TIMEOUT,[LT] Fluxo_FAKE_v3,a8d65147-60f4-4905-a93f-9bc7fa2d0e68
YES,,Queue: C_FAKE_WHATSAPP,message,Nina Freitas; Mirella da Paz,da Rocha Nogueira Ltda.,03/15/25 12:17 AM,04/05/25 06:45 AM,980650,Inbound/Outbound,,,C_FAKE_SUPPORT,FAKE-WRAP-UP-DELETED,[LT] Fluxo_FAKE_v2,461e24a3-f2fb-494a-bd29-6f9c7d6af5c4
YES,,Queue: C_FAKE_CHAT,call,Ana Beatriz Fernandes,Pinto - ME,03/03/25 02:18 PM,01/24/25 08:19 PM,1082912,Inbound,,,C_FAKE_CHAT,FAKE-WRAP-UP-TIMEOUT,[LT] Fluxo_FAKE_v3,0f417135-d56c-45e4-a391-5adcc8096083
YES,,Queue: C_FAKE_CHAT,message,Sra. Marcela Gonçalves,Oliveira Correia Ltda.,02/24/25 03:23 PM,04/21/25 01:54 AM,1786695,Inbound,,,C_FAKE_SUPPORT,FAKE-WRAP-UP-COMPLETED,[LT] Fluxo_FAKE_v1,c4e0b1c7-6d18-40e9-ad53-cf3047820b9c
YES,,Queue: C_FAKE_EMAIL,email,Lucas Souza; Nicolas Ramos,Jesus,09/08/25 04:50 AM,03/29/25 02:46 AM,156440,Inbound/Outbound,,,C_FAKE_EMAIL,FAKE-WRAP-UP-COMPLETED,[LT] Fluxo_FAKE_v1,dd252141-b03d-41eb-b36f-c177730825d1
YES,,Queue: C_FAKE_WHATSAPP,message,Lucca Nogueira; Davi Lucca Rocha,Leonardo Cunha,01/07/25 03:48 PM,04/02/25 12:57 AM,916196,Inbound/Outbound,,,C_FAKE_WHATSAPP,FAKE-WRAP-UP-COMPLETED,[LT] Fluxo_FAKE_v2,38080dba-6273-4164-bc64-1c58a52d2946
YES,,Queue: C_FAKE_WHATSAPP,message,Maitê da Conceição,Gabriel Moura,07/22/25 05:39 PM,04/09/25 11:00 PM,268204,Outbound,,,C_FAKE_CHAT,FAKE-WRAP-UP-COMPLETED,[LT] Fluxo_FAKE_v3,dcac3096-4595-4a60-994d-397db09dcd19
YES,,Queue: C_FAKE_EMAIL,message,Manuela Lima; Sra. Alexia Campos,Ana Lívia Duarte,04/20/25 08:00 PM,04/08/25 09:43 PM,1179702,Outbound,,,C_FAKE_CHAT,FAKE-WRAP-UP-DELETED,[LT] Fluxo_FAKE_v3,f52a72c4-c1fb-4bf5-be8a-1072cf492a27
YES,,Queue: C_FAKE_CHAT,email,Maria Eduarda Souza; Pedro Lucas Sales,da Costa S/A,05/08/25 03:22 AM,08/04/25 02:27 AM,1442177,Outbound,,,C_FAKE_EMAIL,FAKE-WRAP-UP-DELETED,[LT] Fluxo_FAKE_v1,005fb765-575f-4108-9165-3dbc6b732c7a
YES,,Queue: C_FAKE_CHAT,call,Caroline da Mata; Thomas Lima,Fernandes,04/16/25 02:40 PM,08/16/25 03:42 PM,657813,Inbound/Outbound,,,C_FAKE_WHATSAPP,FAKE-WRAP-UP-TIMEOUT,[LT] Fluxo_FAKE_v2,ab7a63e3-66e6-4f92-a0fc-1ea83310401b
YES,,Queue: C_FAKE_WHATSAPP,call,Maria Fernanda Moraes; João Miguel Ribeiro,Farias Martins S/A,05/11/25 01:07 PM,05/19/25 02:22 PM,1255733,Inbound,,,C_FAKE_SUPPORT,FAKE-WRAP-UP-COMPLETED,[LT] Fluxo_FAKE_v1,88510075-3dbd-410b-8249-024178ac9c5e
YES,,Queue: C_FAKE_EMAIL,message,Dr. Enzo Pinto; Alexia Cardoso,Miguel Cunha,03/31/25 07:54 PM,06/09/25 12:19 PM,362063,Inbound,,,C_FAKE_CHAT,FAKE-WRAP-UP-COMPLETED,[LT] Fluxo_FAKE_v2,7792be47-3478-4752-8b3b-81a9ddd652a8
YES,,Queue: C_FAKE_WHATSAPP,call,Maria Alice Cardoso; Rodrigo Vieira,Cunha,03/27/25 05:22 PM,03/25/25 07:35 AM,677569,Outbound,,,C_FAKE_SUPPORT,FAKE-WRAP-UP-DELETED,[LT] Fluxo_FAKE_v3,095fa845-18cb-413a-9ef1-cb5b37edae1a
YES,,Queue: C_FAKE_EMAIL,call,André Oliveira; Guilherme Porto,Carvalho Mendes S.A.,08/26/25 02:08 PM,02/16/25 03:06 AM,651566,Inbound,,,C_FAKE_WHATSAPP,FAKE-WRAP-UP-COMPLETED,[LT] Fluxo_FAKE_v2,ca857fe4-4014-40f8-8e2f-baf417f04802
YES,,Queue: C_FAKE_CHAT,call,Maria Alice Duarte; Lucas Freitas,Bárbara Almeida,07/10/25 02:55 AM,03/26/25 12:36 AM,682438,Inbound/Outbound,,,C_FAKE_WHATSAPP,FAKE-WRAP-UP-DELETED,[LT] Fluxo_FAKE_v3,54aba577-e331-4ee6-a96c-5060cbb474a3
YES,,Queue: C_FAKE_EMAIL,call,Bryan Santos; Daniela Freitas,Pereira e Filhos,05/16/25 12:31 PM,05/19/25 02:32 PM,1058254,Inbound/Outbound,,,C_FAKE_WHATSAPP,FAKE-WRAP-UP-DELETED,[LT] Fluxo_FAKE_v2,b2290f1c-8e68-40c1-b3cd-9709c0da1043
YES,,Queue: C_FAKE_WHATSAPP,email,Antônio Castro,Maria Julia Aragão,04/17/25 09:35 PM,03/16/25 06:38 PM,359925,Inbound/Outbound,,,C_FAKE_SUPPORT,FAKE-WRAP-UP-DELETED,[LT] Fluxo_FAKE_v2,3bf5d00a-282e-45e3-9283-2c0d2c0ca9c0
YES,,Queue: C_FAKE_CHAT,email,Srta. Sabrina da Luz,da Rocha da Paz S.A.,04/25/25 01:35 PM,06/28/25 11:28 PM,1867052,Inbound/Outbound,,,C_FAKE_EMAIL,FAKE-WRAP-UP-TIMEOUT,[LT] Fluxo_FAKE_v2,39c29259-7310-453d-a962-a21a0fafba84
YES,,Queue: C_FAKE_CHAT,message,Beatriz Azevedo,Thiago da Rocha,05/23/25 09:21 AM,09/01/25 01:16 PM,308260,Inbound,,,C_FAKE_WHATSAPP,FAKE-WRAP-UP-COMPLETED,[LT] Fluxo_FAKE_v1,4cb22b3d-c2d6-4712-a152-9522c1afd792
YES,,Queue: C_FAKE_CHAT,message,Larissa da Costa; Srta. Bruna Ribeiro,Agatha da Cunha,05/26/25 10:55 AM,01/14/25 03:25 PM,1061169,Inbound,,,C_FAKE_EMAIL,FAKE-WRAP-UP-COMPLETED,[LT] Fluxo_FAKE_v3,d7c8ccb8-af37-4fbe-acd3-13178874a1c5
YES,,Queue: C_FAKE_WHATSAPP,message,Ana Lívia Cardoso; Enrico Cardoso,Kaique Cavalcanti,06/18/25 06:56 PM,03/31/25 12:49 AM,1438618,Inbound/Outbound,,,C_FAKE_EMAIL,FAKE-WRAP-UP-COMPLETED,[LT] Fluxo_FAKE_v2,4421c1e1-2a8b-4fc8-9006-862ab31eb8f5
YES,,Queue: C_FAKE_CHAT,email,Dra. Raquel Souza,Porto,03/03/25 03:02 AM,08/19/25 06:59 PM,808421,Outbound,,,C_FAKE_SUPPORT,FAKE-WRAP-UP-TIMEOUT,[LT] Fluxo_FAKE_v1,3730bf79-913a-47af-a917-9e028868b644
YES,,Queue: C_FAKE_WHATSAPP,call,Lara da Luz,Vitória Pires,04/19/25 10:06 AM,05/03/25 02:49 PM,1935254,Outbound,,,C_FAKE_WHATSAPP,FAKE-WRAP-UP-DELETED,[LT] Fluxo_FAKE_v3,ed1c4d70-36d2-4823-9b35-4089429e5882
YES,,Queue: C_FAKE_CHAT,message,Srta. Catarina Nunes,João Miguel Teixeira,06/30/25 12:53 PM,02/05/25 08:24 AM,1253085,Inbound/Outbound,,,C_FAKE_CHAT,FAKE-WRAP-UP-DELETED,[LT] Fluxo_FAKE_v3,cbee1876-1d87-4a3e-94d6-cbb0dfedf5fa
YES,,Queue: C_FAKE_EMAIL,message,Srta. Ana Beatriz Dias; Dra. Maria Alice Correia,Luana Novaes,08/14/25 12:09 PM,02/22/25 12:19 PM,1668422,Inbound,,,C_FAKE_SUPPORT,FAKE-WRAP-UP-TIMEOUT,[LT] Fluxo_FAKE_v2,89fd911f-2e06-433a-8498-a96b0d8660ca
YES,,Queue: C_FAKE_WHATSAPP,email,Cauê Duarte; Luiz Gustavo Viana,Duarte - EI,08/03/25 11:35 AM,02/02/25 10:54 AM,1374713,Inbound/Outbound,,,C_FAKE_SUPPORT,FAKE-WRAP-UP-TIMEOUT,[LT] Fluxo_FAKE_v1,17f2029c-899d-44da-866b-5f4456d00a82
YES,,Queue: C_FAKE_WHATSAPP,email,Francisco Melo; Beatriz da Luz,Kevin Rodrigues,03/21/25 05:32 PM,02/24/25 06:12 AM,1129293,Inbound,,,C_FAKE_CHAT,FAKE-WRAP-UP-COMPLETED,[LT] Fluxo_FAKE_v3,b2e2f3cc-3873-435f-8a3f-48a4cd88e44e
YES,,Queue: C_FAKE_EMAIL,message,Ana Laura Silveira,Pires Cardoso - ME,09/04/25 03:57 AM,08/01/25 07:51 AM,639707,Outbound,,,C_FAKE_EMAIL,FAKE-WRAP-UP-COMPLETED,[LT] Fluxo_FAKE_v1,526443ba-c298-423a-bcdc-99ef14852949
YES,,Queue: C_FAKE_EMAIL,call,Bárbara Freitas,Araújo,01/13/25 08:34 PM,01/05/25 11:27 AM,1829410,Inbound/Outbound,,,C_FAKE_EMAIL,FAKE-WRAP-UP-TIMEOUT,[LT] Fluxo_FAKE_v1,aa35b738-c67a-46e3-86fe-8fcfc7b13265
YES,,Queue: C_FAKE_WHATSAPP,call,Srta. Rebeca Araújo; Igor da Cunha,Cardoso e Filhos,03/15/25 10:51 PM,07/06/25 05:11 PM,1368649,Outbound,,,C_FAKE_EMAIL,FAKE-WRAP-UP-TIMEOUT,[LT] Fluxo_FAKE_v1,7060ee63-1927-4b44-8e2c-f16bf3fd9e32
YES,,Queue: C_FAKE_CHAT,message,Melissa Moura; Yuri Araújo,Srta. Isabella Lopes,05/28/25 04:57 AM,02/14/25 05:20 PM,1748856,Inbound,,,C_FAKE_SUPPORT,FAKE-WRAP-UP-TIMEOUT,[LT] Fluxo_FAKE_v2,a54680ad-8107-45f3-aa0c-e0e1cb70c67b
YES,,Queue: C_FAKE_WHATSAPP,call,Vitor Gabriel Gonçalves; Davi Lucca Cardoso,Viana Rocha Ltda.,07/10/25 05:44 PM,07/22/25 07:27 PM,169837,Inbound,,,C_FAKE_SUPPORT,FAKE-WRAP-UP-DELETED,[LT] Fluxo_FAKE_v1,268c3b15-139c-4fd6-849a-cd85e9066120
YES,,Queue: C_FAKE_EMAIL,message,Vitor Hugo Gomes,Mariane Barbosa,05/02/25 11:45 PM,05/28/25 08:41 AM,1091596,Inbound,,,C_FAKE_SUPPORT,FAKE-WRAP-UP-DELETED,[LT] Fluxo_FAKE_v2,6f47d6b6-81d4-4b2f-8a56-8d1c780826ff
YES,,Queue: C_FAKE_WHATSAPP,call,Alice Barbosa,Almeida e Filhos,04/12/25 11:21 AM,04/06/25 09:16 AM,1325747,Inbound/Outbound,,,C_FAKE_WHATSAPP,FAKE-WRAP-UP-COMPLETED,[LT] Fluxo_FAKE_v3,576bd523-a2fc-4b34-9868-ffda60bdc662
YES,,Queue: C_FAKE_CHAT,message,João Guilherme Silveira; Luiz Miguel da Costa,Isis Costa,04/02/25 01:49 PM,06/10/25 09:10 AM,474344,Inbound/Outbound,,,C_FAKE_WHATSAPP,FAKE-WRAP-UP-COMPLETED,[LT] Fluxo_FAKE_v2,82fda101-44f8-41b9-8c36-13692636c245
YES,,Queue: C_FAKE_WHATSAPP,call,Igor Moura,Moreira Ltda.,03/08/25 02:42 AM,08/13/25 12:24 AM,1489068,Inbound,,,C_FAKE_WHATSAPP,FAKE-WRAP-UP-TIMEOUT,[LT] Fluxo_FAKE_v1,8d737aa2-0ab8-42ea-bac7-0b9c60155570
YES,,Queue: C_FAKE_WHATSAPP,email,Srta. Marina Ribeiro; Juan da Rocha,Juan Ramos,08/29/25 01:01 AM,05/18/25 09:33 PM,1238355,Outbound,,,C_FAKE_SUPPORT,FAKE-WRAP-UP-TIMEOUT,[LT] Fluxo_FAKE_v2,c5b9cf38-0459-4e16-bfad-7df2c95995ec
YES,,Queue: C_FAKE_EMAIL,email,Stephany Souza; Cauê Campos,Fogaça S/A,02/17/25 12:56 PM,06/02/25 02:41 AM,1004367,Inbound/Outbound,,,C_FAKE_EMAIL,FAKE-WRAP-UP-TIMEOUT,[LT] Fluxo_FAKE_v2,1fcfcb8e-8750-4e7b-95bb-e3a440b87dc3
YES,,Queue: C_FAKE_CHAT,email,Marcela Almeida,Pedro Lucas Ferreira,09/08/25 12:26 AM,03/10/25 09:54 PM,1001111,Outbound,,,C_FAKE_CHAT,FAKE-WRAP-UP-TIMEOUT,[LT] Fluxo_FAKE_v1,7f9a3ca7-7940-464f-b2cd-4e4b8c277f18
YES,,Queue: C_FAKE_EMAIL,call,Luiz Henrique da Mota,da Mota,07/25/25 04:18 AM,09/09/25 01:23 PM,1829298,Inbound/Outbound,,,C_FAKE_SUPPORT,FAKE-WRAP-UP-COMPLETED,[LT] Fluxo_FAKE_v1,3e0299f6-448e-4117-a653-4f79106d2d9c
YES,,Queue: C_FAKE_EMAIL,message,Renan Campos,Samuel Nunes,08/29/25 10:11 AM,04/25/25 03:00 PM,215042,Inbound/Outbound,,,C_FAKE_SUPPORT,FAKE-WRAP-UP-DELETED,[LT] Fluxo_FAKE_v2,92489bee-858f-4b60-abbe-35eab9da7480
YES,,Queue: C_FAKE_CHAT,email,Natália Lima; Fernanda da Cruz,Farias - ME,02/20/25 04:26 PM,05/24/25 12:23 AM,350476,Outbound,,,C_FAKE_EMAIL,FAKE-WRAP-UP-DELETED,[LT] Fluxo_FAKE_v1,87400c48-d854-43ef-b9a8-93f3b8e55770
YES,,Queue: C_FAKE_WHATSAPP,call,Clara Cavalcanti,Fernandes,02/01/25 09:51 PM,06/29/25 09:49 AM,1249707,Inbound/Outbound,,,C_FAKE_EMAIL,FAKE-WRAP-UP-DELETED,[LT] Fluxo_FAKE_v1,63e31ac9-d271-42f1-8a70-7ba8df9a09f5
YES,,Queue: C_FAKE_WHATSAPP,call,Pedro Lucas Nogueira,João Gabriel Moura,04/23/25 08:41 PM,01/17/25 10:26 AM,958267,Inbound/Outbound,,,C_FAKE_SUPPORT,FAKE-WRAP-UP-DELETED,[LT] Fluxo_FAKE_v2,3aa4ecd7-c9e5-4ebc-a73d-4de02fc44d65
YES,,Queue: C_FAKE_CHAT,call,Dra. Isadora Mendes; Nina da Mata,Diogo Aragão,02/02/25 08:35 PM,07/02/25 11:09 AM,640027,Inbound/Outbound,,,C_FAKE_WHATSAPP,FAKE-WRAP-UP-COMPLETED,[LT] Fluxo_FAKE_v1,cac6a853-6943-4ab7-8ec7-5bdc6094d74c
YES,,Queue: C_FAKE_EMAIL,email,Gustavo Silva,das Neves e Filhos,02/12/25 07:37 AM,05/24/25 01:28 AM,1536052,Outbound,,,C_FAKE_EMAIL,FAKE-WRAP-UP-DELETED,[LT] Fluxo_FAKE_v1,803f8f00-b289-45e7-8e5b-ef683dcf3be0
YES,,Queue: C_FAKE_EMAIL,message,Camila Freitas,Cunha,06/30/25 08:28 PM,08/25/25 10:29 PM,484346,Inbound/Outbound,,,C_FAKE_CHAT,FAKE-WRAP-UP-DELETED,[LT] Fluxo_FAKE_v1,ac7625b8-0fc0-4f77-b27b-14fdd4edc9d8
YES,,Queue: C_FAKE_CHAT,call,Sra. Alícia Gonçalves,Gonçalves S.A.,03/21/25 11:22 AM,03/25/25 10:30 PM,115909,Inbound/Outbound,,,C_FAKE_CHAT,FAKE-WRAP-UP-TIMEOUT,[LT] Fluxo_FAKE_v2,d2ed9291-c3da-4521-b840-596b357ce81a
YES,,Queue: C_FAKE_CHAT,message,Sr. Luiz Miguel Fernandes,Gabrielly Costa,06/03/25 07:03 AM,03/28/25 04:03 AM,1081769,Inbound/Outbound,,,C_FAKE_SUPPORT,FAKE-WRAP-UP-TIMEOUT,[LT] Fluxo_FAKE_v3,1a282f20-ce52-4b86-a433-d80dce8437fc
YES,,Queue: C_FAKE_CHAT,message,Caio Ramos,Letícia Costa,07/31/25 09:58 AM,01/19/25 06:28 PM,597165,Outbound,,,C_FAKE_EMAIL,FAKE-WRAP-UP-TIMEOUT,[LT] Fluxo_FAKE_v3,3db87d15-32d8-4ff9-b9c0-48829b40bb90
YES,,Queue: C_FAKE_CHAT,email,Ana Laura da Paz; Clara Cunha,Martins,03/29/25 03:50 PM,01/16/25 05:28 AM,1078536,Inbound,,,C_FAKE_CHAT,FAKE-WRAP-UP-COMPLETED,[LT] Fluxo_FAKE_v1,08e5dd93-dad5-4f42-a81a-035fe1e3d66c
YES,,Queue: C_FAKE_EMAIL,message,Srta. Ana Júlia Santos; Sophie Martins,Castro,06/29/25 07:28 AM,07/14/25 10:42 AM,1082063,Outbound,,,C_FAKE_WHATSAPP,FAKE-WRAP-UP-TIMEOUT,[LT] Fluxo_FAKE_v2,8d73e7aa-c766-4d63-a83e-1858dbbeb0d9
YES,,Queue: C_FAKE_EMAIL,email,Dra. Alana Alves; Emanuel Araújo,Cavalcanti Ltda.,06/11/25 04:17 AM,02/13/25 12:03 PM,1335340,Outbound,,,C_FAKE_CHAT,FAKE-WRAP-UP-COMPLETED,[LT] Fluxo_FAKE_v1,98e1e160-d66c-4da1-a0be-83948cbbca01
YES,,Queue: C_FAKE_WHATSAPP,email,Alana Farias; Sra. Helena Ribeiro,Ferreira,04/21/25 03:48 AM,08/20/25 11:47 AM,1082524,Outbound,,,C_FAKE_EMAIL,FAKE-WRAP-UP-DELETED,[LT] Fluxo_FAKE_v1,e86e8c8d-b98b-46f3-b5da-b6fe1ea4b89d
YES,,Queue: C_FAKE_WHATSAPP,email,Agatha da Rosa,Moura,08/25/25 07:12 PM,05/15/25 07:01 AM,1315047,Inbound,,,C_FAKE_EMAIL,FAKE-WRAP-UP-COMPLETED,[LT] Fluxo_FAKE_v2,13853f45-0ed5-4c8c-a2c9-4a442248fe75
YES,,Queue: C_FAKE_EMAIL,message,Otávio Cardoso,Luiz Miguel Gomes,02/12/25 06:36 AM,07/29/25 09:58 AM,1035551,Inbound,,,C_FAKE_EMAIL,FAKE-WRAP-UP-DELETED,[LT] Fluxo_FAKE_v1,65a1ee9c-3b39-48aa-b9d0-eb014ad07831
YES,,Queue: C_FAKE_WHATSAPP,call,Luana Mendes; Nicolas Cunha,da Mota,03/08/25 06:06 AM,03/03/25 05:39 AM,1570698,Inbound/Outbound,,,C_FAKE_WHATSAPP,FAKE-WRAP-UP-DELETED,[LT] Fluxo_FAKE_v1,9a1a59cf-9b48-4ff5-b730-9e25f10cb4f0
YES,,Queue: C_FAKE_CHAT,call,Bianca Cardoso,Porto Freitas Ltda.,05/12/25 03:32 AM,06/12/25 10:32 AM,157153,Inbound,,,C_FAKE_EMAIL,FAKE-WRAP-UP-DELETED,[LT] Fluxo_FAKE_v3,ef0c1132-4151-45db-979c-0a6413a5893a
YES,,Queue: C_FAKE_EMAIL,message,Samuel Gonçalves; Luiz Henrique Teixeira,Barbosa,05/23/25 11:09 AM,09/02/25 08:28 PM,171942,Outbound,,,C_FAKE_EMAIL,FAKE-WRAP-UP-COMPLETED,[LT] Fluxo_FAKE_v3,5665dd0b-cac2-4f1d-872c-37640570ea72
YES,,Queue: C_FAKE_CHAT,email,Luiz Felipe Novaes; Larissa Barbosa,Correia e Filhos,02/20/25 12:22 AM,06/15/25 03:25 PM,1519098,Inbound,,,C_FAKE_SUPPORT,FAKE-WRAP-UP-TIMEOUT,[LT] Fluxo_FAKE_v1,f0582911-0499-4aeb-98b6-a5b0c7c22f1b
YES,,Queue: C_FAKE_WHATSAPP,message,Diogo Caldeira; Cecília Moreira,Julia Carvalho,01/11/25 02:10 PM,05/31/25 12:25 AM,1764069,Outbound,,,C_FAKE_EMAIL,FAKE-WRAP-UP-COMPLETED,[LT] Fluxo_FAKE_v3,129b1e2d-74a4-4600-af56-2306276c01fb
YES,,Queue: C_FAKE_WHATSAPP,email,Sr. Caio da Luz,Fernando Mendes,05/19/25 04:15 AM,01/21/25 05:09 AM,515874,Outbound,,,C_FAKE_SUPPORT,FAKE-WRAP-UP-DELETED,[LT] Fluxo_FAKE_v3,8cdfe58d-8252-4aff-ae06-f176d140f967
YES,,Queue: C_FAKE_WHATSAPP,message,Leandro Cavalcanti,Marina Rodrigues,06/14/25 08:22 PM,08/07/25 12:21 AM,1712850,Inbound/Outbound,,,C_FAKE_EMAIL,FAKE-WRAP-UP-DELETED,[LT] Fluxo_FAKE_v3,9f0590b5-2481-4872-a704-db7da4e71358
YES,,Queue: C_FAKE_WHATSAPP,call,Luiz Miguel Ferreira; Vinicius Barbosa,Duarte Ltda.,08/04/25 08:36 AM,01/02/25 10:13 PM,238056,Inbound/Outbound,,,C_FAKE_SUPPORT,FAKE-WRAP-UP-COMPLETED,[LT] Fluxo_FAKE_v2,728ac5fd-fc32-464b-871e-8c56cb3738c2
YES,,Queue: C_FAKE_WHATSAPP,call,Joaquim Jesus,Lucca Vieira,07/25/25 06:58 AM,02/23/25 12:13 AM,1357496,Outbound,,,C_FAKE_WHATSAPP,FAKE-WRAP-UP-DELETED,[LT] Fluxo_FAKE_v2,3bd6df9b-3643-4f4d-8bce-8eeb684f1e52
YES,,Queue: C_FAKE_CHAT,call,Isadora Costa; Calebe Moura,Olivia Aragão,08/24/25 05:21 AM,01/19/25 10:39 AM,1439487,Inbound/Outbound,,,C_FAKE_SUPPORT,FAKE-WRAP-UP-COMPLETED,[LT] Fluxo_FAKE_v3,90809121-fe41-4b81-9e45-295681e4ee99
YES,,Queue: C_FAKE_WHATSAPP,email,Rafaela Campos; Gustavo Henrique da Mata,Porto Ltda.,08/15/25 09:00 AM,03/06/25 07:30 AM,627282,Outbound,,,C_FAKE_CHAT,FAKE-WRAP-UP-COMPLETED,[LT] Fluxo_FAKE_v1,b4c70241-990c-48bf-8197-8cb867218261
YES,,Queue: C_FAKE_CHAT,message,Mariane Peixoto,Maria Julia Nascimento,04/26/25 02:45 AM,08/03/25 03:31 PM,1982614,Inbound/Outbound,,,C_FAKE_WHATSAPP,FAKE-WRAP-UP-DELETED,[LT] Fluxo_FAKE_v2,99adf607-c26e-4dbd-9acb-0045a449aefa
YES,,Queue: C_FAKE_CHAT,email,Dra. Nicole Ramos; Luiz Henrique Gonçalves,Teixeira Moreira - EI,05/30/25 04:03 AM,09/05/25 07:11 AM,1170572,Outbound,,,C_FAKE_EMAIL,FAKE-WRAP-UP-DELETED,[LT] Fluxo_FAKE_v1,259d537f-3f8a-46b8-919a-5591f3b20598
YES,,Queue: C_FAKE_WHATSAPP,call,Sr. Gustavo Aragão,da Mota,03/10/25 12:16 AM,03/15/25 10:25 PM,108888,Inbound/Outbound,,,C_FAKE_SUPPORT,FAKE-WRAP-UP-COMPLETED,[LT] Fluxo_FAKE_v3,c7c40854-d6d4-4b06-af59-2f3e1bbd2513
YES,,Queue: C_FAKE_WHATSAPP,call,Gustavo da Conceição,Nunes,08/08/25 12:04 AM,08/06/25 10:10 AM,660643,Inbound/Outbound,,,C_FAKE_SUPPORT,FAKE-WRAP-UP-DELETED,[LT] Fluxo_FAKE_v2,6866d52e-0e05-426a-b001-e73cf5ebb7f9
YES,,Queue: C_FAKE_CHAT,email,Pietra Aragão,da Costa,06/04/25 01:34 PM,09/06/25 03:27 PM,691952,Inbound/Outbound,,,C_FAKE_EMAIL,FAKE-WRAP-UP-TIMEOUT,[LT] Fluxo_FAKE_v2,6aeea07a-c387-48eb-b509-d8ba1e22ade1
YES,,Queue: C_FAKE_EMAIL,call,Pedro Pires,da Rosa Lima - EI,03/30/25 02:08 PM,07/21/25 10:41 PM,521172,Inbound/Outbound,,,C_FAKE_EMAIL,FAKE-WRAP-UP-TIMEOUT,[LT] Fluxo_FAKE_v2,ab8eb995-5366-4145-b86b-f5fc9b52ba4d
YES,,Queue: C_FAKE_WHATSAPP,message,Maria Moreira,Elisa Silveira,02/23/25 07:07 PM,08/06/25 10:19 PM,224444,Inbound,,,C_FAKE_WHATSAPP,FAKE-WRAP-UP-DELETED,[LT] Fluxo_FAKE_v2,d19b1b23-d602-4639-847a-d506c1cb8d69
YES,,Queue: C_FAKE_EMAIL,call,Alexandre Monteiro; Mirella Costa,Pinto Mendes S/A,08/02/25 07:24 AM,02/27/25 04:23 AM,262948,Inbound/Outbound,,,C_FAKE_EMAIL,FAKE-WRAP-UP-DELETED,[LT] Fluxo_FAKE_v1,5bd537b1-c35a-4de3-972b-cd8d67fec003
YES,,Queue: C_FAKE_WHATSAPP,call,Nicole da Conceição,Fogaça,02/06/25 07:27 AM,08/02/25 08:05 PM,1169626,Inbound,,,C_FAKE_SUPPORT,FAKE-WRAP-UP-COMPLETED,[LT] Fluxo_FAKE_v2,583f66bd-60d8-439e-92aa-71d561e72ff5
YES,,Queue: C_FAKE_WHATSAPP,call,Marina Cardoso; André Rocha,Ana Luiza da Conceição,03/15/25 09:35 PM,07/25/25 06:01 AM,237912,Inbound/Outbound,,,C_FAKE_EMAIL,FAKE-WRAP-UP-TIMEOUT,[LT] Fluxo_FAKE_v1,fb0059ff-563b-46e0-924e-48b4504e4b66
YES,,Queue: C_FAKE_EMAIL,message,Fernando da Mota; João Viana,Erick Lima,07/17/25 04:30 PM,04/16/25 02:18 PM,1893397,Outbound,,,C_FAKE_SUPPORT,FAKE-WRAP-UP-COMPLETED,[LT] Fluxo_FAKE_v2,dac97c5a-0a62-46b9-a624-76fea0443dc9
YES,,Queue: C_FAKE_EMAIL,email,Davi Luiz Rocha; Alexandre Almeida,Maitê Pinto,08/22/25 04:03 AM,06/01/25 05:20 PM,1476083,Inbound,,,C_FAKE_CHAT,FAKE-WRAP-UP-TIMEOUT,[LT] Fluxo_FAKE_v2,1006e0eb-63a8-4422-a29e-ae63e8475ebd
YES,,Queue: C_FAKE_EMAIL,message,Carlos Eduardo Nogueira; Catarina Cardoso,Raul da Mota,08/26/25 03:13 PM,05/11/25 12:56 AM,1390019,Outbound,,,C_FAKE_EMAIL,FAKE-WRAP-UP-DELETED,[LT] Fluxo_FAKE_v1,dabd385c-d2c5-49ab-b830-aa05d2d4dd05
YES,,Queue: C_FAKE_EMAIL,message,Benjamin Campos,Souza,01/22/25 05:49 PM,08/26/25 04:53 PM,365808,Inbound,,,C_FAKE_CHAT,FAKE-WRAP-UP-COMPLETED,[LT] Fluxo_FAKE_v2,4b045067-1481-496b-877c-bc8ca5f604d7
YES,,Queue: C_FAKE_EMAIL,message,Maria Cardoso; Sra. Ana Beatriz Ramos,da Luz,09/02/25 11:42 AM,07/22/25 03:36 PM,957411,Outbound,,,C_FAKE_SUPPORT,FAKE-WRAP-UP-TIMEOUT,[LT] Fluxo_FAKE_v1,f30d6ea3-951c-4200-9f30-f2f53226786f
YES,,Queue: C_FAKE_EMAIL,email,Melissa Oliveira,Barros Moura S.A.,09/05/25 01:57 PM,04/19/25 03:55 PM,1584012,Inbound/Outbound,,,C_FAKE_SUPPORT,FAKE-WRAP-UP-COMPLETED,[LT] Fluxo_FAKE_v1,7ec9ef95-e54d-4e58-844e-2d9b4526aeed
YES,,Queue: C_FAKE_EMAIL,message,Laura Gomes,Bruna Caldeira,06/24/25 09:13 AM,02/24/25 06:22 AM,631562,Inbound,,,C_FAKE_SUPPORT,FAKE-WRAP-UP-DELETED,[LT] Fluxo_FAKE_v3,dceea2eb-c351-4359-a739-6010b9dc86a9
YES,,Queue: C_FAKE_WHATSAPP,message,Natália Costela; Beatriz Monteiro,Matheus Carvalho,07/11/25 02:38 AM,08/31/25 09:03 PM,1923918,Inbound/Outbound,,,C_FAKE_SUPPORT,FAKE-WRAP-UP-COMPLETED,[LT] Fluxo_FAKE_v1,626cd59a-ec3e-43c3-b961-3250d3752185
YES,,Queue: C_FAKE_WHATSAPP,email,Davi Lucca Campos; Anthony Novaes,Campos,03/17/25 08:02 PM,03/19/25 01:35 AM,1217648,Outbound,,,C_FAKE_CHAT,FAKE-WRAP-UP-TIMEOUT,[LT] Fluxo_FAKE_v3,16d4f2f7-3b6b-43b7-b430-974033e1f2af
YES,,Queue: C_FAKE_CHAT,message,Ian Moraes,Srta. Catarina Monteiro,06/05/25 08:30 PM,02/12/25 05:16 AM,518810,Outbound,,,C_FAKE_WHATSAPP,FAKE-WRAP-UP-TIMEOUT,[LT] Fluxo_FAKE_v3,14433a8e-ed5a-4ddc-8b70-80c27799f25b
YES,,Queue: C_FAKE_EMAIL,call,Alana da Rocha,Cavalcanti Cardoso - EI,03/05/25 10:50 AM,01/01/25 04:19 AM,1730612,Inbound,,,C_FAKE_CHAT,FAKE-WRAP-UP-COMPLETED,[LT] Fluxo_FAKE_v2,c016215d-3807-4f3a-9cd4-aa85613c826a
YES,,Queue: C_FAKE_EMAIL,message,Eduarda Silva,Costela,07/01/25 03:32 PM,07/12/25 12:42 PM,1156654,Inbound/Outbound,,,C_FAKE_EMAIL,FAKE-WRAP-UP-COMPLETED,[LT] Fluxo_FAKE_v1,584fa41f-f9f7-452c-92cc-adb28bce0c24
YES,,Queue: C_FAKE_EMAIL,email,Ana Vitória da Mota,Levi Cardoso,07/31/25 05:31 PM,04/26/25 05:42 AM,312650,Inbound,,,C_FAKE_SUPPORT,FAKE-WRAP-UP-DELETED,[LT] Fluxo_FAKE_v2,0c975601-97b1-4fbd-83bc-bd124e9dfdb6
YES,,Queue: C_FAKE_CHAT,message,Srta. Maria Luiza Martins,Danilo Novaes,04/25/25 04:25 AM,07/18/25 04:02 AM,1357043,Outbound,,,C_FAKE_WHATSAPP,FAKE-WRAP-UP-COMPLETED,[LT] Fluxo_FAKE_v1,18323765-d145-4528-b91b-ad400b022156
YES,,Queue: C_FAKE_EMAIL,call,Emilly Gomes; Erick Porto,Rodrigo Fernandes,02/09/25 11:07 AM,06/04/25 04:58 PM,281675,Inbound/Outbound,,,C_FAKE_CHAT,FAKE-WRAP-UP-DELETED,[LT] Fluxo_FAKE_v2,ed7cb20d-1bb8-48d5-88c0-23d7786c014f
YES,,Queue: C_FAKE_WHATSAPP,call,Lucas Gabriel Sales; Maitê da Cunha,Breno Alves,03/04/25 05:04 PM,09/06/25 04:29 AM,1878219,Outbound,,,C_FAKE_WHATSAPP,FAKE-WRAP-UP-TIMEOUT,[LT] Fluxo_FAKE_v1,e4eea1bc-7dd7-4170-a0d0-807c179ee93b
YES,,Queue: C_FAKE_EMAIL,email,Maria Alice da Mata; Pedro Lucas da Mota,Silveira,06/13/25 01:27 AM,03/08/25 03:36 PM,1558668,Inbound,,,C_FAKE_CHAT,FAKE-WRAP-UP-DELETED,[LT] Fluxo_FAKE_v1,bc0b55fe-5713-412e-8bce-da589290a83a
YES,,Queue: C_FAKE_CHAT,email,Valentina Pires,Pereira Dias - EI,04/05/25 09:11 AM,02/14/25 03:44 PM,519814,Inbound/Outbound,,,C_FAKE_WHATSAPP,FAKE-WRAP-UP-DELETED,[LT] Fluxo_FAKE_v3,8b239607-2d5e-414d-83ea-b8b5d91b8378
YES,,Queue: C_FAKE_CHAT,call,Gabrielly Oliveira; Joaquim Dias,Sophia Porto,01/09/25 09:37 PM,07/11/25 09:28 AM,1958948,Inbound/Outbound,,,C_FAKE_CHAT,FAKE-WRAP-UP-COMPLETED,[LT] Fluxo_FAKE_v2,8b6acc43-96af-4fcb-b3eb-f780c91d95c7
YES,,Queue: C_FAKE_EMAIL,email,Dra. Lara Nunes,Ramos - ME,01/24/25 05:23 PM,06/06/25 09:03 AM,335994,Outbound,,,C_FAKE_EMAIL,FAKE-WRAP-UP-COMPLETED,[LT] Fluxo_FAKE_v2,3c6736b0-7f18-4a88-b02d-81dddc6434ef
YES,,Queue: C_FAKE_EMAIL,message,Manuela da Conceição,Moreira S/A,05/27/25 01:39 AM,07/29/25 10:56 PM,1068147,Outbound,,,C_FAKE_EMAIL,FAKE-WRAP-UP-TIMEOUT,[LT] Fluxo_FAKE_v2,d736d90c-a8ae-4c67-9598-203e24c4e6ca
YES,,Queue: C_FAKE_WHATSAPP,call,Diego das Neves,Martins,03/03/25 08:00 PM,02/03/25 11:20 AM,742032,Inbound/Outbound,,,C_FAKE_SUPPORT,FAKE-WRAP-UP-TIMEOUT,[LT] Fluxo_FAKE_v2,df9a7704-adc2-4f16-a4b3-0768fdfd984e
YES,,Queue: C_FAKE_EMAIL,email,Isabelly Alves; Dr. Calebe Ferreira,Maria Fernanda da Costa,01/29/25 07:07 AM,07/23/25 01:11 AM,1155129,Outbound,,,C_FAKE_SUPPORT,FAKE-WRAP-UP-TIMEOUT,[LT] Fluxo_FAKE_v3,2c99562c-efe3-4150-8524-a1bea6bbb51c
YES,,Queue: C_FAKE_CHAT,call,Murilo Cunha,Dr. Lorenzo Barbosa,08/05/25 12:31 PM,08/18/25 09:05 AM,1777376,Inbound/Outbound,,,C_FAKE_SUPPORT,FAKE-WRAP-UP-COMPLETED,[LT] Fluxo_FAKE_v2,44bd8fcd-ae8e-4200-85c7-34b488c53b17
YES,,Queue: C_FAKE_EMAIL,call,Leandro Viana,Viana,01/07/25 06:40 AM,03/03/25 11:48 AM,412329,Inbound/Outbound,,,C_FAKE_EMAIL,FAKE-WRAP-UP-COMPLETED,[LT] Fluxo_FAKE_v1,09ac7ba5-eb28-43e6-a465-aed7207ad1d4
YES,,Queue: C_FAKE_EMAIL,email,Sr. Otávio Dias,Maria Cecília Pinto,08/21/25 07:50 AM,04/08/25 09:21 AM,517740,Outbound,,,C_FAKE_EMAIL,FAKE-WRAP-UP-COMPLETED,[LT] Fluxo_FAKE_v3,a5fb9e9a-4ab7-45e0-b814-af2e81e26ceb
YES,,Queue: C_FAKE_EMAIL,call,Heitor Mendes; Dra. Maitê Vieira,Cardoso Ltda.,05/15/25 04:13 PM,06/25/25 11:40 AM,729313,Outbound,,,C_FAKE_SUPPORT,FAKE-WRAP-UP-COMPLETED,[LT] Fluxo_FAKE_v1,7537fb16-81ed-4eb3-8bb2-7f15a045d9e6
YES,,Queue: C_FAKE_EMAIL,message,Ryan Pires,João Gabriel da Luz,04/02/25 08:58 AM,07/31/25 06:09 AM,950297,Inbound,,,C_FAKE_EMAIL,FAKE-WRAP-UP-COMPLETED,[LT] Fluxo_FAKE_v3,7a44167a-63f7-4edf-b294-8c6466d2c0a7
YES,,Queue: C_FAKE_WHATSAPP,message,Marcelo da Mata; Paulo Porto,Nascimento,01/31/25 06:56 AM,08/27/25 11:07 AM,299548,Outbound,,,C_FAKE_EMAIL,FAKE-WRAP-UP-DELETED,[LT] Fluxo_FAKE_v1,a9e7bb4f-a0b8-4ebf-b82b-2b9310404bf3
YES,,Queue: C_FAKE_WHATSAPP,message,Luna Teixeira,Nogueira,07/30/25 11:35 AM,02/28/25 05:19 AM,1582290,Outbound,,,C_FAKE_CHAT,FAKE-WRAP-UP-COMPLETED,[LT] Fluxo_FAKE_v1,ea524c69-9318-4472-9fa6-f3eadb65e8d6
YES,,Queue: C_FAKE_WHATSAPP,message,Lívia Sales; Srta. Ana Lopes,Maria Julia da Paz,07/11/25 07:32 PM,01/15/25 07:51 PM,1151674,Inbound,,,C_FAKE_EMAIL,FAKE-WRAP-UP-TIMEOUT,[LT] Fluxo_FAKE_v1,517915b7-883a-4ef5-a4af-ade6ca600b2d
YES,,Queue: C_FAKE_EMAIL,call,Marcela Almeida; Melissa da Mata,Marina Duarte,05/24/25 04:21 AM,01/21/25 03:28 AM,301495,Inbound/Outbound,,,C_FAKE_SUPPORT,FAKE-WRAP-UP-TIMEOUT,[LT] Fluxo_FAKE_v2,07a7611d-e20d-4100-84f2-a0dbb20c651e
YES,,Queue: C_FAKE_CHAT,email,Isabelly Nogueira; Sabrina Melo,Azevedo,01/12/25 09:31 PM,02/18/25 11:27 AM,1597060,Inbound/Outbound,,,C_FAKE_SUPPORT,FAKE-WRAP-UP-DELETED,[LT] Fluxo_FAKE_v3,8ab171e0-e657-4d38-8793-acb12afcc87e
YES,,Queue: C_FAKE_EMAIL,call,Yago Mendes,Dr. Fernando da Mata,07/23/25 08:09 AM,06/02/25 04:38 PM,1029964,Inbound/Outbound,,,C_FAKE_SUPPORT,FAKE-WRAP-UP-TIMEOUT,[LT] Fluxo_FAKE_v2,323415b1-64e1-4340-97f5-d62875ef8169
YES,,Queue: C_FAKE_CHAT,call,João Gabriel Gonçalves,Farias Cunha e Filhos,07/26/25 09:09 PM,08/12/25 05:12 PM,813161,Inbound/Outbound,,,C_FAKE_WHATSAPP,FAKE-WRAP-UP-DELETED,[LT] Fluxo_FAKE_v2,6431d4a9-ca1e-48d9-84ed-bacfd8c42832
YES,,Queue: C_FAKE_WHATSAPP,call,Diogo Viana,Mendes - ME,03/05/25 08:31 PM,04/12/25 06:09 AM,921154,Inbound,,,C_FAKE_SUPPORT,FAKE-WRAP-UP-COMPLETED,[LT] Fluxo_FAKE_v2,ea7ec9ac-ae37-4e39-af39-609514611ef1
YES,,Queue: C_FAKE_CHAT,call,Sr. Luiz Otávio Mendes; Sra. Camila Mendes,da Cunha,08/12/25 11:31 AM,03/08/25 05:49 PM,826903,Inbound/Outbound,,,C_FAKE_WHATSAPP,FAKE-WRAP-UP-TIMEOUT,[LT] Fluxo_FAKE_v3,38be318f-96d0-489d-b231-4c7d6755b2d4
YES,,Queue: C_FAKE_WHATSAPP,message,Srta. Heloísa Souza,Valentina Moura,02/09/25 04:45 PM,03/28/25 07:40 PM,1279015,Outbound,,,C_FAKE_SUPPORT,FAKE-WRAP-UP-COMPLETED,[LT] Fluxo_FAKE_v3,8125aedb-f088-4735-bdce-4f12dc4676c7
YES,,Queue: C_FAKE_WHATSAPP,call,Matheus Novaes,Moreira,01/10/25 11:09 PM,09/08/25 07:29 PM,1208731,Inbound/Outbound,,,C_FAKE_EMAIL,FAKE-WRAP-UP-DELETED,[LT] Fluxo_FAKE_v2,f4cd6362-434a-4842-84d8-ec6a7d5887a5
YES,,Queue: C_FAKE_EMAIL,message,Maria Eduarda Martins,Paulo Martins,07/09/25 10:19 AM,04/22/25 01:52 PM,1574042,Inbound/Outbound,,,C_FAKE_WHATSAPP,FAKE-WRAP-UP-COMPLETED,[LT] Fluxo_FAKE_v1,01f239e4-3965-4c7a-82ff-3b13d32a27d1
YES,,Queue: C_FAKE_EMAIL,call,Henrique Costa,Maitê Cardoso,02/13/25 11:04 PM,07/06/25 09:16 PM,1402432,Outbound,,,C_FAKE_WHATSAPP,FAKE-WRAP-UP-DELETED,[LT] Fluxo_FAKE_v3,0c00f8ff-2a31-4f1d-bbf7-bf91995821e0
YES,,Queue: C_FAKE_EMAIL,message,Luiz Henrique Melo,Eduarda Fogaça,01/15/25 03:18 PM,02/03/25 09:40 AM,1153465,Outbound,,,C_FAKE_WHATSAPP,FAKE-WRAP-UP-COMPLETED,[LT] Fluxo_FAKE_v3,64fff7a6-35ce-4da8-9d3d-c371d6ac0d84
YES,,Queue: C_FAKE_EMAIL,email,Bryan Martins,Lorenzo Cavalcanti,05/07/25 09:41 PM,05/08/25 07:00 AM,201982,Inbound/Outbound,,,C_FAKE_WHATSAPP,FAKE-WRAP-UP-TIMEOUT,[LT] Fluxo_FAKE_v1,ba9b519a-3772-43a3-9b72-ea6c33c9bfa1
YES,,Queue: C_FAKE_EMAIL,message,João Guilherme da Rosa,Lorena Souza,02/07/25 07:37 PM,04/03/25 11:42 AM,1684081,Outbound,,,C_FAKE_CHAT,FAKE-WRAP-UP-DELETED,[LT] Fluxo_FAKE_v1,d9ffcacd-7284-4356-ad1e-b9b4cc7e66de
YES,,Queue: C_FAKE_EMAIL,message,Sr. Anthony Fogaça,Samuel Cavalcanti,04/21/25 02:12 AM,02/03/25 08:10 PM,1330220,Inbound/Outbound,,,C_FAKE_EMAIL,FAKE-WRAP-UP-COMPLETED,[LT] Fluxo_FAKE_v1,2d6527a1-5a96-4960-86bd-ce4309025afd
YES,,Queue: C_FAKE_EMAIL,email,Joana Souza,Samuel Souza,07/03/25 03:37 PM,08/07/25 01:25 AM,1553731,Inbound/Outbound,,,C_FAKE_CHAT,FAKE-WRAP-UP-TIMEOUT,[LT] Fluxo_FAKE_v3,d5bccd83-bb85-4c91-9ae5-fbbc0f657cc9
YES,,Queue: C_FAKE_WHATSAPP,email,Vitor Gabriel Rocha,Fogaça Ltda.,02/20/25 09:35 AM,04/02/25 06:27 AM,173079,Inbound/Outbound,,,C_FAKE_CHAT,FAKE-WRAP-UP-TIMEOUT,[LT] Fluxo_FAKE_v2,8ecc4bd9-86db-41b4-83a6-4431d83e6704
YES,,Queue: C_FAKE_EMAIL,call,Dr. Davi Lucca Cunha; Dr. Kaique Caldeira,Dr. Vitor Gabriel Porto,07/29/25 07:03 AM,06/21/25 05:36 PM,1740457,Inbound,,,C_FAKE_EMAIL,FAKE-WRAP-UP-COMPLETED,[LT] Fluxo_FAKE_v2,2ae72b5d-dcd2-4fd4-8c74-5676478fcedd
YES,,Queue: C_FAKE_WHATSAPP,message,Luiz Felipe Mendes; Heloísa Freitas,Marina Mendes,08/17/25 11:33 AM,06/13/25 08:59 PM,1462617,Inbound,,,C_FAKE_EMAIL,FAKE-WRAP-UP-TIMEOUT,[LT] Fluxo_FAKE_v2,dde630e0-cbee-4346-9d1c-153ef6ebcacf
YES,,Queue: C_FAKE_WHATSAPP,email,Dr. Davi Santos; Heitor Costa,Ryan Pereira,05/10/25 01:12 AM,01/10/25 08:42 PM,990648,Inbound/Outbound,,,C_FAKE_SUPPORT,FAKE-WRAP-UP-COMPLETED,[LT] Fluxo_FAKE_v1,019a1843-d9db-4f58-aebd-342d22d91b18
YES,,Queue: C_FAKE_WHATSAPP,call,Augusto da Costa; João Lucas Dias,Cardoso Duarte S.A.,09/07/25 01:56 PM,02/14/25 10:42 PM,1730151,Outbound,,,C_FAKE_WHATSAPP,FAKE-WRAP-UP-COMPLETED,[LT] Fluxo_FAKE_v1,513f9d0f-de55-4a06-9373-56f2cc9fb7d4
YES,,Queue: C_FAKE_EMAIL,call,Emanuel Almeida; Dr. Lucca Azevedo,Cecília Pereira,08/04/25 06:03 PM,03/12/25 05:45 PM,937387,Inbound/Outbound,,,C_FAKE_CHAT,FAKE-WRAP-UP-DELETED,[LT] Fluxo_FAKE_v2,4da29b5e-48ae-4aba-99b1-cec8ae973869
YES,,Queue: C_FAKE_WHATSAPP,call,Luiz Henrique Souza,Nogueira,08/16/25 05:57 PM,08/29/25 06:28 PM,1523574,Inbound/Outbound,,,C_FAKE_WHATSAPP,FAKE-WRAP-UP-TIMEOUT,[LT] Fluxo_FAKE_v3,24e1ed79-7d99-4386-b77c-1be6febee6a6
YES,,Queue: C_FAKE_CHAT,call,Olivia das Neves,Lavínia Pires,04/24/25 03:51 PM,09/07/25 06:33 PM,1225699,Inbound/Outbound,,,C_FAKE_WHATSAPP,FAKE-WRAP-UP-TIMEOUT,[LT] Fluxo_FAKE_v3,01a1296e-bf34-4889-a653-0bd469ccaeb0
YES,,Queue: C_FAKE_EMAIL,call,João Guilherme Silva; Dra. Bárbara Moura,Emanuel Campos,07/24/25 05:04 AM,03/26/25 07:59 PM,1787244,Inbound,,,C_FAKE_CHAT,FAKE-WRAP-UP-TIMEOUT,[LT] Fluxo_FAKE_v2,b5230821-2c41-46f7-9045-f17ece2db215
YES,,Queue: C_FAKE_EMAIL,email,Ana Lívia Cunha; Bernardo Costela,da Conceição Almeida e Filhos,04/29/25 09:35 AM,08/31/25 08:44 AM,1846789,Inbound/Outbound,,,C_FAKE_EMAIL,FAKE-WRAP-UP-COMPLETED,[LT] Fluxo_FAKE_v1,bd00ff19-608d-4135-8f19-9b9217b4e6d0
YES,,Queue: C_FAKE_WHATSAPP,message,Bryan Silveira,Peixoto Ferreira - ME,03/04/25 04:42 AM,03/21/25 05:01 AM,1870358,Inbound,,,C_FAKE_SUPPORT,FAKE-WRAP-UP-DELETED,[LT] Fluxo_FAKE_v1,585262b1-7693-4d1f-8d80-c2feb7b10072
YES,,Queue: C_FAKE_CHAT,call,Luiz Otávio da Cunha,Juliana Silveira,02/03/25 07:45 PM,06/27/25 02:29 AM,1242454,Outbound,,,C_FAKE_WHATSAPP,FAKE-WRAP-UP-DELETED,[LT] Fluxo_FAKE_v3,e65cad51-2e40-4311-8973-c84e2d4c0413
YES,,Queue: C_FAKE_EMAIL,message,Dr. Lucas Gabriel Martins,Vinicius Moreira,08/07/25 06:36 AM,09/01/25 06:54 PM,739604,Inbound/Outbound,,,C_FAKE_SUPPORT,FAKE-WRAP-UP-DELETED,[LT] Fluxo_FAKE_v3,61003856-22bb-4c8d-bbdc-80ac4400592c
YES,,Queue: C_FAKE_CHAT,call,Murilo Azevedo; Sr. Pedro Henrique Carvalho,Stephany Ramos,05/29/25 12:20 PM,08/04/25 01:47 AM,1011995,Inbound,,,C_FAKE_SUPPORT,FAKE-WRAP-UP-DELETED,[LT] Fluxo_FAKE_v1,647a96e9-1a2d-4d7a-bac4-32f83db8014a
YES,,Queue: C_FAKE_WHATSAPP,message,Marcos Vinicius da Mata; Sra. Ana Vitória Ribeiro,Bernardo Ramos,03/25/25 12:35 PM,03/19/25 12:29 AM,1675259,Outbound,,,C_FAKE_SUPPORT,FAKE-WRAP-UP-TIMEOUT,[LT] Fluxo_FAKE_v1,ba72186e-b79a-4c86-8986-b3e47161c888
YES,,Queue: C_FAKE_CHAT,message,Miguel da Mata,Igor da Mata,03/09/25 12:13 AM,03/02/25 06:29 AM,1403891,Inbound,,,C_FAKE_SUPPORT,FAKE-WRAP-UP-COMPLETED,[LT] Fluxo_FAKE_v1,e8de4479-911e-41cd-b487-83eb939f3536
YES,,Queue: C_FAKE_WHATSAPP,call,Clara Oliveira; Caio Pereira,Cardoso,09/06/25 04:33 PM,04/28/25 06:00 PM,1500568,Inbound,,,C_FAKE_CHAT,FAKE-WRAP-UP-DELETED,[LT] Fluxo_FAKE_v1,24d4dba9-8cf7-4bd8-8d9a-58d83c7c5372
YES,,Queue: C_FAKE_EMAIL,message,Davi Luiz Martins; Isabelly Farias,Lopes Lima Ltda.,06/12/25 06:52 AM,02/17/25 10:34 AM,465169,Outbound,,,C_FAKE_WHATSAPP,FAKE-WRAP-UP-TIMEOUT,[LT] Fluxo_FAKE_v2,7688f76e-a504-4e5a-b98b-94597d35de60
YES,,Queue: C_FAKE_CHAT,email,Dra. Luna das Neves,Novaes Gonçalves S.A.,01/08/25 02:18 PM,08/10/25 06:30 PM,332131,Outbound,,,C_FAKE_CHAT,FAKE-WRAP-UP-TIMEOUT,[LT] Fluxo_FAKE_v2,40ff5822-dd8d-4747-82d3-61aa5526db8e
YES,,Queue: C_FAKE_EMAIL,email,Stephany Sales; Raquel Correia,Porto Pires S/A,03/14/25 01:03 PM,08/10/25 06:30 PM,178038,Inbound/Outbound,,,C_FAKE_SUPPORT,FAKE-WRAP-UP-TIMEOUT,[LT] Fluxo_FAKE_v3,297eb3ce-11e3-4175-b0ad-20702ca0ed97
YES,,Queue: C_FAKE_EMAIL,call,Isaac Farias; Maria Vitória Rezende,Correia,03/25/25 04:50 AM,07/10/25 10:11 AM,1656828,Outbound,,,C_FAKE_WHATSAPP,FAKE-WRAP-UP-COMPLETED,[LT] Fluxo_FAKE_v2,53ae322e-d147-4235-a537-cd52b53a2800
YES,,Queue: C_FAKE_CHAT,email,Nathan Silveira,Costela da Costa S/A,02/08/25 06:36 AM,02/22/25 07:38 AM,607409,Outbound,,,C_FAKE_SUPPORT,FAKE-WRAP-UP-TIMEOUT,[LT] Fluxo_FAKE_v1,baad0da4-65aa-4c06-9d43-3dc2cb115be6
YES,,Queue: C_FAKE_EMAIL,email,Srta. Maria Clara da Mota,Azevedo Barbosa Ltda.,08/04/25 05:36 AM,07/09/25 09:18 PM,600228,Outbound,,,C_FAKE_EMAIL,FAKE-WRAP-UP-TIMEOUT,[LT] Fluxo_FAKE_v2,af9ea625-f091-40f9-8f92-bd959b48d302
YES,,Queue: C_FAKE_WHATSAPP,message,Manuela Santos; Maria Fernanda Pires,Sr. Ryan Moura,07/19/25 05:56 PM,05/19/25 06:52 PM,990965,Inbound/Outbound,,,C_FAKE_CHAT,FAKE-WRAP-UP-COMPLETED,[LT] Fluxo_FAKE_v2,88f51390-a32e-4cb4-bc9e-a73a2f45a112
YES,,Queue: C_FAKE_EMAIL,message,Ana Carolina Barbosa,Anthony Freitas,04/28/25 07:48 AM,04/02/25 06:21 PM,404960,Inbound,,,C_FAKE_WHATSAPP,FAKE-WRAP-UP-TIMEOUT,[LT] Fluxo_FAKE_v3,14fe9960-a539-4212-a34a-35ebec2be308
YES,,Queue: C_FAKE_CHAT,message,Vitória Martins; Lorenzo Campos,Sr. Emanuel Carvalho,01/09/25 08:53 PM,02/27/25 10:47 PM,836200,Outbound,,,C_FAKE_EMAIL,FAKE-WRAP-UP-TIMEOUT,[LT] Fluxo_FAKE_v3,c77afed5-2adf-4941-93c2-9f31a495dbf9
YES,,Queue: C_FAKE_EMAIL,email,Dra. Sofia Monteiro,Alice Carvalho,04/28/25 02:12 PM,03/19/25 05:19 AM,1827373,Outbound,,,C_FAKE_SUPPORT,FAKE-WRAP-UP-DELETED,[LT] Fluxo_FAKE_v1,de2bdf8c-a75c-47c0-86f5-8ae67a5c28ca
YES,,Queue: C_FAKE_CHAT,call,Dra. Caroline Caldeira,Almeida Peixoto - ME,02/02/25 02:20 AM,03/23/25 05:13 PM,594496,Inbound,,,C_FAKE_EMAIL,FAKE-WRAP-UP-COMPLETED,[LT] Fluxo_FAKE_v2,17ca35a2-7ff7-4b20-97ee-a179afd063d6
YES,,Queue: C_FAKE_CHAT,message,Ana Sophia da Conceição,Ana Beatriz da Costa,02/28/25 10:45 PM,02/14/25 09:05 PM,1047719,Inbound/Outbound,,,C_FAKE_WHATSAPP,FAKE-WRAP-UP-TIMEOUT,[LT] Fluxo_FAKE_v3,dde2134c-1e3a-4063-a84b-aa23350e0c9a
YES,,Queue: C_FAKE_EMAIL,call,Pietra Ramos,Letícia Cunha,01/21/25 06:41 PM,02/14/25 05:25 PM,1783743,Outbound,,,C_FAKE_EMAIL,FAKE-WRAP-UP-TIMEOUT,[LT] Fluxo_FAKE_v3,ac6669e6-befb-4cb8-8578-f4f49b18276a
YES,,Queue: C_FAKE_WHATSAPP,call,Carlos Eduardo Correia,Nunes,02/10/25 02:03 PM,02/20/25 07:03 AM,612193,Outbound,,,C_FAKE_WHATSAPP,FAKE-WRAP-UP-COMPLETED,[LT] Fluxo_FAKE_v2,1ef70629-0ab6-4155-ae42-d010e9cd1072
YES,,Queue: C_FAKE_CHAT,call,Rebeca Azevedo,Beatriz Mendes,07/25/25 12:05 PM,06/19/25 11:04 PM,1237330,Inbound,,,C_FAKE_EMAIL,FAKE-WRAP-UP-DELETED,[LT] Fluxo_FAKE_v3,ecec73f2-32ac-4022-bfa9-16f9eeb1ecb9
YES,,Queue: C_FAKE_CHAT,email,Sofia da Rosa; Gustavo da Mota,Nascimento,05/11/25 11:59 PM,03/22/25 10:26 PM,1329133,Outbound,,,C_FAKE_CHAT,FAKE-WRAP-UP-COMPLETED,[LT] Fluxo_FAKE_v1,2dc84e80-a90b-4c3a-836e-c6cb8941069b
YES,,Queue: C_FAKE_EMAIL,message,Milena Jesus,Ana Lívia da Costa,04/20/25 12:50 PM,03/10/25 09:43 AM,1788936,Inbound,,,C_FAKE_WHATSAPP,FAKE-WRAP-UP-TIMEOUT,[LT] Fluxo_FAKE_v3,05d04902-48d1-4e77-9710-d2f519b7a8e8
YES,,Queue: C_FAKE_EMAIL,email,Nina Novaes; Marcela Cunha,Alves,08/12/25 08:42 PM,05/07/25 08:29 PM,1632088,Outbound,,,C_FAKE_CHAT,FAKE-WRAP-UP-COMPLETED,[LT] Fluxo_FAKE_v1,98a8a428-266e-4b23-a277-63f8fb634b0b
YES,,Queue: C_FAKE_EMAIL,call,João Miguel Costela; Nicolas da Mota,Sra. Isabel Nascimento,01/26/25 03:19 PM,01/01/25 11:31 AM,1268150,Inbound,,,C_FAKE_SUPPORT,FAKE-WRAP-UP-COMPLETED,[LT] Fluxo_FAKE_v3,b7365e1b-36f1-474d-ae42-6792ce2c36df
YES,,Queue: C_FAKE_EMAIL,message,Maria Fernanda Monteiro; Yago Sales,Castro S.A.,06/26/25 05:06 AM,02/16/25 01:54 AM,456459,Inbound,,,C_FAKE_SUPPORT,FAKE-WRAP-UP-DELETED,[LT] Fluxo_FAKE_v3,6c823a41-30d5-49ed-8684-ac7324522ef6
YES,,Queue: C_FAKE_EMAIL,message,Dr. Marcelo Moreira,Gabriela Costela,03/24/25 08:06 AM,01/11/25 12:03 PM,1778176,Inbound,,,C_FAKE_WHATSAPP,FAKE-WRAP-UP-COMPLETED,[LT] Fluxo_FAKE_v3,e35aac0c-132f-4ba1-b106-f95542653ccf
YES,,Queue: C_FAKE_CHAT,call,Srta. Alice da Conceição,Barros,06/14/25 01:36 AM,02/17/25 07:29 PM,255183,Inbound/Outbound,,,C_FAKE_SUPPORT,FAKE-WRAP-UP-TIMEOUT,[LT] Fluxo_FAKE_v1,7ab417d6-2975-4ef7-9d3f-904a5ca0678b
YES,,Queue: C_FAKE_CHAT,call,Matheus Sales,Caldeira,03/06/25 02:30 PM,08/21/25 03:42 PM,1793142,Inbound/Outbound,,,C_FAKE_EMAIL,FAKE-WRAP-UP-COMPLETED,[LT] Fluxo_FAKE_v1,b805f666-716f-44f5-8fbf-ae319e929f50
YES,,Queue: C_FAKE_WHATSAPP,email,Srta. Larissa Pereira; Alexia Oliveira,Costela Costela Ltda.,07/26/25 05:43 AM,02/11/25 01:40 PM,568304,Inbound,,,C_FAKE_SUPPORT,FAKE-WRAP-UP-TIMEOUT,[LT] Fluxo_FAKE_v3,f3f233b7-42d4-431c-91c6-80ca57a6e460
YES,,Queue: C_FAKE_WHATSAPP,call,Rodrigo Almeida; Samuel Gomes,Farias S/A,02/18/25 10:14 AM,01/07/25 01:08 PM,989217,Inbound,,,C_FAKE_CHAT,FAKE-WRAP-UP-COMPLETED,[LT] Fluxo_FAKE_v2,e7b4638b-e871-490e-9cf9-cefa9dbb2aeb
YES,,Queue: C_FAKE_CHAT,email,Luna Porto; Dr. Yuri Lima,Ana Clara Moura,06/21/25 11:18 PM,08/18/25 04:20 AM,894203,Inbound/Outbound,,,C_FAKE_EMAIL,FAKE-WRAP-UP-COMPLETED,[LT] Fluxo_FAKE_v1,5918a225-ff7f-44ec-8743-eed3ad545be9
YES,,Queue: C_FAKE_CHAT,message,Dr. Kevin da Luz,Fernando Rocha,02/11/25 07:57 AM,02/23/25 03:37 AM,940172,Outbound,,,C_FAKE_WHATSAPP,FAKE-WRAP-UP-DELETED,[LT] Fluxo_FAKE_v2,7634fa48-4048-4f7b-8f61-ea35d6369272
YES,,Queue: C_FAKE_EMAIL,call,Agatha Correia; Matheus Caldeira,Yuri Silva,02/17/25 03:03 PM,01/16/25 12:59 AM,214587,Inbound,,,C_FAKE_WHATSAPP,FAKE-WRAP-UP-COMPLETED,[LT] Fluxo_FAKE_v3,e955f593-ce5c-4b20-86d2-3bde350c559f
YES,,Queue: C_FAKE_EMAIL,message,Sra. Maria Clara Dias; Levi Nunes,Vitor Hugo Carvalho,07/09/25 09:39 PM,03/04/25 08:46 PM,1052394,Outbound,,,C_FAKE_CHAT,FAKE-WRAP-UP-DELETED,[LT] Fluxo_FAKE_v2,8b5c0140-0ae9-4eb4-842a-ebac6c7e80ad
YES,,Queue: C_FAKE_CHAT,email,Luiz Henrique Castro,Dra. Isabelly Porto,02/11/25 05:03 PM,02/27/25 12:41 PM,1001011,Outbound,,,C_FAKE_CHAT,FAKE-WRAP-UP-COMPLETED,[LT] Fluxo_FAKE_v1,b8445438-de51-4932-87cd-abeb97be4ad9
YES,,Queue: C_FAKE_EMAIL,email,Joaquim Caldeira,Cardoso,03/17/25 10:03 PM,07/17/25 10:17 AM,1775203,Inbound/Outbound,,,C_FAKE_SUPPORT,FAKE-WRAP-UP-COMPLETED,[LT] Fluxo_FAKE_v3,1a06cff0-73f5-4452-a899-25840ade0b41
YES,,Queue: C_FAKE_WHATSAPP,email,Benjamin Rezende; Srta. Helena Cardoso,Gomes Ltda.,07/26/25 02:25 AM,04/18/25 12:17 AM,494655,Inbound/Outbound,,,C_FAKE_EMAIL,FAKE-WRAP-UP-DELETED,[LT] Fluxo_FAKE_v2,cd101511-3312-42d1-8cdc-4dcd7df5e219
YES,,Queue: C_FAKE_CHAT,message,Camila Correia,Srta. Alice Aragão,08/08/25 11:24 AM,06/18/25 11:23 PM,1849033,Inbound/Outbound,,,C_FAKE_WHATSAPP,FAKE-WRAP-UP-COMPLETED,[LT] Fluxo_FAKE_v1,dc01ef9d-881c-424c-9953-b5d42e859607
YES,,Queue: C_FAKE_WHATSAPP,call,Nicole Moraes; Lara Pereira,Sales,01/12/25 12:40 PM,03/21/25 10:39 AM,1847768,Inbound,,,C_FAKE_WHATSAPP,FAKE-WRAP-UP-DELETED,[LT] Fluxo_FAKE_v3,55717909-0166-43b7-8fae-987e1ed8d9a2
YES,,Queue: C_FAKE_EMAIL,message,Raul da Paz; Juliana da Cruz,Fernandes,06/19/25 09:33 PM,06/02/25 08:50 PM,364826,Inbound/Outbound,,,C_FAKE_CHAT,FAKE-WRAP-UP-COMPLETED,[LT] Fluxo_FAKE_v1,1434faeb-261f-42ea-92bc-c8046fd2b471
YES,,Queue: C_FAKE_EMAIL,message,Sr. Luiz Miguel Duarte,Ribeiro Aragão S/A,01/23/25 08:41 AM,04/14/25 07:20 AM,998607,Inbound,,,C_FAKE_CHAT,FAKE-WRAP-UP-COMPLETED,[LT] Fluxo_FAKE_v1,19a48e55-6cf1-4b98-aa30-98aa6729fb46
YES,,Queue: C_FAKE_EMAIL,email,Isaac Araújo; Carlos Eduardo Barros,Rodrigues,07/01/25 12:05 PM,02/18/25 06:46 AM,1851434,Outbound,,,C_FAKE_SUPPORT,FAKE-WRAP-UP-COMPLETED,[LT] Fluxo_FAKE_v1,0507a453-098f-417b-8097-d297e9f746e7
YES,,Queue: C_FAKE_WHATSAPP,call,Dra. Emanuella Duarte; Stella Vieira,Fogaça - EI,01/02/25 04:12 AM,05/03/25 08:27 AM,1014394,Inbound/Outbound,,,C_FAKE_SUPPORT,FAKE-WRAP-UP-DELETED,[LT] Fluxo_FAKE_v2,b52db8c8-ff5b-4d52-aaef-05913fd180e5
YES,,Queue: C_FAKE_CHAT,email,Ian da Luz; Fernando Santos,Jesus e Filhos,08/21/25 05:08 AM,07/12/25 11:29 PM,1035510,Inbound/Outbound,,,C_FAKE_CHAT,FAKE-WRAP-UP-COMPLETED,[LT] Fluxo_FAKE_v1,c8880b2c-651e-4bd2-a99e-9370ede40cf0
YES,,Queue: C_FAKE_WHATSAPP,message,Marcela Sales,Campos da Paz - ME,08/18/25 06:09 AM,06/20/25 11:56 AM,472332,Inbound,,,C_FAKE_EMAIL,FAKE-WRAP-UP-DELETED,[LT] Fluxo_FAKE_v3,6a21ab97-d04c-4e8e-9eca-88d3af665d67
YES,,Queue: C_FAKE_WHATSAPP,message,Maria Gonçalves; Juan Nascimento,da Costa S.A.,07/08/25 08:06 AM,04/22/25 07:49 AM,622247,Outbound,,,C_FAKE_WHATSAPP,FAKE-WRAP-UP-TIMEOUT,[LT] Fluxo_FAKE_v1,7ada31a6-7c2a-4ca2-8c92-1749f3da143e
YES,,Queue: C_FAKE_CHAT,call,Emanuelly Farias; Davi Martins,da Mata,03/23/25 10:03 PM,07/20/25 03:45 AM,321738,Inbound/Outbound,,,C_FAKE_EMAIL,FAKE-WRAP-UP-TIMEOUT,[LT] Fluxo_FAKE_v3,4a02d7c1-9859-4f42-974a-2447ab73860c
YES,,Queue: C_FAKE_CHAT,email,Maria Fernanda Correia; Lavínia Alves,Ferreira S.A.,06/17/25 07:13 AM,02/24/25 04:51 AM,565996,Inbound/Outbound,,,C_FAKE_WHATSAPP,FAKE-WRAP-UP-DELETED,[LT] Fluxo_FAKE_v1,0d0d13d3-779e-483d-b6df-223906bc0d71
YES,,Queue: C_FAKE_EMAIL,call,Laís Viana,Calebe Carvalho,06/09/25 12:23 PM,01/22/25 07:54 AM,1815509,Outbound,,,C_FAKE_CHAT,FAKE-WRAP-UP-TIMEOUT,[LT] Fluxo_FAKE_v1,aa54e68f-a927-4d42-a88a-2e51d74d930e
YES,,Queue: C_FAKE_WHATSAPP,call,Alice Ferreira; Marcelo Cardoso,João Lucas Silva,08/20/25 06:13 AM,07/15/25 09:52 PM,685009,Inbound/Outbound,,,C_FAKE_CHAT,FAKE-WRAP-UP-TIMEOUT,[LT] Fluxo_FAKE_v1,95afbf6f-c7b0-49e2-be38-9c35e28c259c
YES,,Queue: C_FAKE_EMAIL,message,Bianca Correia; Leonardo Aragão,Silva,01/12/25 08:36 PM,01/28/25 10:07 AM,149966,Inbound/Outbound,,,C_FAKE_CHAT,FAKE-WRAP-UP-TIMEOUT,[LT] Fluxo_FAKE_v1,6624f8ed-ed96-4f31-8bef-2ae1f87339cc
YES,,Queue: C_FAKE_EMAIL,call,Heitor Teixeira; Davi Lucca Costa,Isabella Silveira,07/19/25 06:51 AM,04/01/25 01:00 PM,249333,Inbound/Outbound,,,C_FAKE_CHAT,FAKE-WRAP-UP-DELETED,[LT] Fluxo_FAKE_v2,f8f703ec-70bb-434d-bb9c-73769232cc60
YES,,Queue: C_FAKE_CHAT,email,Isadora Pires,Marcelo da Luz,01/24/25 11:13 PM,01/10/25 11:28 PM,669601,Outbound,,,C_FAKE_SUPPORT,FAKE-WRAP-UP-TIMEOUT,[LT] Fluxo_FAKE_v3,6b35a9b9-0bfc-4c45-8a43-aa23426ea2f9
YES,,Queue: C_FAKE_CHAT,email,Gabrielly Ribeiro; Ana Laura da Mata,João Miguel Cardoso,04/27/25 08:03 AM,08/20/25 08:08 AM,1423909,Outbound,,,C_FAKE_WHATSAPP,FAKE-WRAP-UP-COMPLETED,[LT] Fluxo_FAKE_v3,a5e02e86-c3bd-4384-976c-c975673a0c97
YES,,Queue: C_FAKE_EMAIL,message,Ana Júlia da Cruz; Luna Fogaça,Noah Pereira,08/06/25 08:40 AM,07/16/25 12:01 AM,1320531,Inbound,,,C_FAKE_CHAT,FAKE-WRAP-UP-COMPLETED,[LT] Fluxo_FAKE_v1,c08d551f-b9e8-4990-b69e-b31c26830a4c
YES,,Queue: C_FAKE_CHAT,call,Maria Luiza Rocha,Fogaça S/A,08/17/25 04:24 PM,05/18/25 05:29 PM,1073283,Inbound,,,C_FAKE_EMAIL,FAKE-WRAP-UP-DELETED,[LT] Fluxo_FAKE_v2,4236fb0e-1e2f-4c71-b6a0-33e63ab5d8d0
YES,,Queue: C_FAKE_WHATSAPP,email,Nathan Pereira,João Gabriel Pereira,01/18/25 02:18 AM,07/11/25 11:43 PM,459571,Outbound,,,C_FAKE_CHAT,FAKE-WRAP-UP-DELETED,[LT] Fluxo_FAKE_v1,3f843c8f-a46f-47b5-8d45-e921e64b5523
YES,,Queue: C_FAKE_CHAT,email,Luigi Gomes; Olivia Vieira,Clarice Melo,05/27/25 01:30 PM,05/18/25 11:54 AM,896240,Inbound,,,C_FAKE_CHAT,FAKE-WRAP-UP-COMPLETED,[LT] Fluxo_FAKE_v3,75d24173-ee56-4ea4-876e-8e041b64ef32
YES,,Queue: C_FAKE_CHAT,email,Yasmin Novaes,Gustavo Barbosa,08/23/25 08:38 PM,06/13/25 05:53 PM,1419718,Inbound,,,C_FAKE_EMAIL,FAKE-WRAP-UP-COMPLETED,[LT] Fluxo_FAKE_v3,d5c83c5d-4875-4ef8-a3c0-5d75b3b6feb4
YES,,Queue: C_FAKE_WHATSAPP,email,Isis Nogueira; Elisa Ferreira,Lara Araújo,04/14/25 03:59 AM,06/25/25 10:49 PM,278982,Outbound,,,C_FAKE_SUPPORT,FAKE-WRAP-UP-DELETED,[LT] Fluxo_FAKE_v3,10941b53-26d5-4dc1-8ff9-083182fecfdc
YES,,Queue: C_FAKE_CHAT,message,Alana da Costa; Heloísa Cavalcanti,Bianca da Cruz,05/19/25 02:09 AM,08/14/25 05:58 AM,543853,Outbound,,,C_FAKE_WHATSAPP,FAKE-WRAP-UP-DELETED,[LT] Fluxo_FAKE_v2,a15c6648-d355-441e-be3f-9b1ec29295fd
YES,,Queue: C_FAKE_WHATSAPP,email,Emilly Viana; Ana Almeida,Maria Julia das Neves,04/14/25 06:32 AM,07/27/25 03:02 PM,608907,Inbound,,,C_FAKE_EMAIL,FAKE-WRAP-UP-COMPLETED,[LT] Fluxo_FAKE_v3,80768a77-b25a-4225-885f-40aa666ef491
YES,,Queue: C_FAKE_CHAT,call,Paulo Barbosa,Beatriz Ferreira,06/03/25 11:25 AM,07/06/25 05:29 AM,1416022,Inbound,,,C_FAKE_SUPPORT,FAKE-WRAP-UP-TIMEOUT,[LT] Fluxo_FAKE_v1,c0bdbeaf-fcce-4fb6-bd97-a59526be21e5
YES,,Queue: C_FAKE_EMAIL,call,Laura Campos,Aragão,08/31/25 01:00 AM,01/25/25 03:01 PM,1625043,Inbound,,,C_FAKE_EMAIL,FAKE-WRAP-UP-DELETED,[LT] Fluxo_FAKE_v3,36e65004-12e8-489e-8cc6-39c916d49f2d
YES,,Queue: C_FAKE_WHATSAPP,call,Nicolas Farias; Sr. Emanuel Oliveira,Enzo da Rosa,07/04/25 12:20 PM,06/08/25 07:24 AM,837351,Inbound,,,C_FAKE_SUPPORT,FAKE-WRAP-UP-COMPLETED,[LT] Fluxo_FAKE_v3,2fc3bb1c-577b-4d97-801b-d08ee4fa2e93
YES,,Queue: C_FAKE_WHATSAPP,message,Augusto Fernandes,Sr. João Melo,01/09/25 12:24 PM,03/06/25 07:15 AM,1865340,Inbound/Outbound,,,C_FAKE_EMAIL,FAKE-WRAP-UP-DELETED,[LT] Fluxo_FAKE_v2,47465064-f4c6-41ef-a80b-bc7a5c3dae7b
YES,,Queue: C_FAKE_CHAT,email,Luiz Felipe da Conceição,Cauã Castro,06/16/25 01:48 PM,05/04/25 10:53 AM,1489952,Outbound,,,C_FAKE_SUPPORT,FAKE-WRAP-UP-COMPLETED,[LT] Fluxo_FAKE_v1,3178bdbb-df7f-4cac-8814-b225a6792090
YES,,Queue: C_FAKE_EMAIL,email,Sra. Emilly Araújo,Nunes,01/25/25 12:52 PM,07/02/25 01:08 PM,1093477,Outbound,,,C_FAKE_CHAT,FAKE-WRAP-UP-DELETED,[LT] Fluxo_FAKE_v1,e585fc3d-7bf7-402e-bd86-a1abc16f5ca3
YES,,Queue: C_FAKE_CHAT,call,Srta. Stella Silveira,Samuel Ferreira,08/19/25 09:34 PM,07/29/25 12:45 AM,868103,Outbound,,,C_FAKE_SUPPORT,FAKE-WRAP-UP-COMPLETED,[LT] Fluxo_FAKE_v3,a167974e-8bef-4d54-80c5-249592bf804e
YES,,Queue: C_FAKE_CHAT,call,Marcelo Viana; Srta. Juliana Rezende,Bianca Castro,04/16/25 10:33 AM,01/31/25 10:06 PM,1947669,Inbound/Outbound,,,C_FAKE_SUPPORT,FAKE-WRAP-UP-DELETED,[LT] Fluxo_FAKE_v3,84584019-69e8-4561-8557-bdcb715eae42
YES,,Queue: C_FAKE_CHAT,email,Yuri das Neves,Sr. João Vitor Nascimento,04/13/25 10:13 PM,08/01/25 12:17 AM,228145,Inbound,,,C_FAKE_SUPPORT,FAKE-WRAP-UP-TIMEOUT,[LT] Fluxo_FAKE_v2,89d4d409-a9c5-4ff9-9dd0-db9c6c1452b4
YES,,Queue: C_FAKE_WHATSAPP,email,Elisa Novaes; Dra. Maria Clara Pires,Santos,05/29/25 12:41 AM,08/09/25 06:53 AM,951098,Inbound/Outbound,,,C_FAKE_CHAT,FAKE-WRAP-UP-DELETED,[LT] Fluxo_FAKE_v2,dde22a23-e47c-466a-b04d-ee794ff6308a
YES,,Queue: C_FAKE_CHAT,email,Igor Mendes,Emanuella Lopes,01/20/25 03:30 AM,02/12/25 11:17 PM,257234,Outbound,,,C_FAKE_SUPPORT,FAKE-WRAP-UP-TIMEOUT,[LT] Fluxo_FAKE_v1,b8edffe8-2280-429d-9d1b-40f51fc61eb3
YES,,Queue: C_FAKE_CHAT,email,Nicole da Mata,Rodrigo Rocha,05/21/25 07:42 AM,04/06/25 04:34 PM,1576019,Inbound/Outbound,,,C_FAKE_WHATSAPP,FAKE-WRAP-UP-COMPLETED,[LT] Fluxo_FAKE_v3,e39f95a1-61a9-429d-adc2-735db26dfebe
YES,,Queue: C_FAKE_CHAT,call,Srta. Isabel Correia; Lucas Cardoso,Caldeira,03/30/25 04:26 AM,08/20/25 11:11 AM,1690742,Inbound,,,C_FAKE_EMAIL,FAKE-WRAP-UP-TIMEOUT,[LT] Fluxo_FAKE_v1,8e242b1d-c573-4b1c-80b1-5ca389ae67cb
YES,,Queue: C_FAKE_WHATSAPP,message,Cecília Peixoto; Sr. Juan Costela,Luiz Gustavo Ferreira,05/08/25 05:57 AM,05/25/25 02:54 PM,1099529,Inbound/Outbound,,,C_FAKE_WHATSAPP,FAKE-WRAP-UP-TIMEOUT,[LT] Fluxo_FAKE_v1,7c4a42db-6105-4668-8e49-a74399786dc1
YES,,Queue: C_FAKE_EMAIL,message,Benjamin Araújo,Milena Jesus,02/22/25 06:33 PM,04/27/25 12:12 AM,1128464,Inbound/Outbound,,,C_FAKE_EMAIL,FAKE-WRAP-UP-TIMEOUT,[LT] Fluxo_FAKE_v1,400e4540-9492-4a69-b8a5-764a87c53450
YES,,Queue: C_FAKE_WHATSAPP,message,Benjamin Gonçalves; Isis Freitas,Pinto,07/13/25 05:04 AM,06/09/25 09:46 AM,646938,Inbound/Outbound,,,C_FAKE_EMAIL,FAKE-WRAP-UP-TIMEOUT,[LT] Fluxo_FAKE_v3,6f90d9af-ca07-406e-93ae-0bce0cccf432
YES,,Queue: C_FAKE_WHATSAPP,call,Davi Lucca Alves; Ian Pereira,Rodrigues,06/22/25 01:57 AM,05/13/25 12:15 AM,779706,Inbound/Outbound,,,C_FAKE_SUPPORT,FAKE-WRAP-UP-COMPLETED,[LT] Fluxo_FAKE_v1,923ad413-0778-4dae-a478-7edc899ac6ce
YES,,Queue: C_FAKE_CHAT,email,Valentina Lima; Sr. Diogo Santos,Pereira S.A.,04/05/25 04:25 AM,05/24/25 12:15 PM,816696,Inbound/Outbound,,,C_FAKE_WHATSAPP,FAKE-WRAP-UP-COMPLETED,[LT] Fluxo_FAKE_v1,e03a0ab6-6789-478d-8c86-ac854212173f
YES,,Queue: C_FAKE_CHAT,message,Valentina Costela,Carolina Peixoto,05/11/25 04:28 PM,04/23/25 07:27 AM,1375377,Inbound,,,C_FAKE_WHATSAPP,FAKE-WRAP-UP-TIMEOUT,[LT] Fluxo_FAKE_v2,a1f3a5bc-6580-44de-9bc0-04500ddf8da3
YES,,Queue: C_FAKE_EMAIL,message,Dr. Enzo Barros; Ryan Pereira,Diego Costa,03/09/25 10:15 PM,03/01/25 02:11 AM,1903541,Outbound,,,C_FAKE_CHAT,FAKE-WRAP-UP-DELETED,[LT] Fluxo_FAKE_v3,c314d41c-f699-434e-ae58-e57a4b4af20d
YES,,Queue: C_FAKE_WHATSAPP,message,Lara Rocha,Lima,06/05/25 07:47 PM,02/22/25 04:06 AM,436940,Inbound,,,C_FAKE_CHAT,FAKE-WRAP-UP-COMPLETED,[LT] Fluxo_FAKE_v3,113cb009-9cff-47c5-90e5-b83bc388fb0e
YES,,Queue: C_FAKE_CHAT,message,Alice Cavalcanti,Davi Freitas,02/08/25 07:16 PM,02/05/25 08:17 PM,808029,Outbound,,,C_FAKE_SUPPORT,FAKE-WRAP-UP-DELETED,[LT] Fluxo_FAKE_v2,da0eb3c3-f8f0-41ae-a924-e01a5f5cc473
YES,,Queue: C_FAKE_CHAT,message,Eloah Teixeira; Maysa Nogueira,Alexandre Teixeira,01/06/25 07:56 PM,02/12/25 01:52 AM,1628474,Outbound,,,C_FAKE_CHAT,FAKE-WRAP-UP-TIMEOUT,[LT] Fluxo_FAKE_v2,fb62f1dc-842a-4b95-96bc-3f42797e6c89
YES,,Queue: C_FAKE_WHATSAPP,message,Luana Sales; Ana da Paz,Davi Moraes,06/22/25 11:12 AM,01/06/25 06:56 AM,1555097,Outbound,,,C_FAKE_CHAT,FAKE-WRAP-UP-DELETED,[LT] Fluxo_FAKE_v1,72349df0-45f0-4f1c-8d4a-3c8eee550e96
YES,,Queue: C_FAKE_EMAIL,message,Theo Oliveira,da Cunha,09/06/25 12:07 AM,06/15/25 01:10 AM,1510375,Inbound,,,C_FAKE_EMAIL,FAKE-WRAP-UP-DELETED,[LT] Fluxo_FAKE_v2,1c6472c8-bafe-40d2-a5b3-cc2e137de405
YES,,Queue: C_FAKE_EMAIL,call,Benjamin da Rocha,Dias,07/05/25 10:00 PM,05/13/25 09:04 PM,1749285,Inbound/Outbound,,,C_FAKE_WHATSAPP,FAKE-WRAP-UP-DELETED,[LT] Fluxo_FAKE_v2,b249848c-5881-4e2d-ae19-f7733a5ca1bc
YES,,Queue: C_FAKE_EMAIL,message,Sabrina Nogueira,Rezende - EI,05/17/25 01:32 AM,09/04/25 07:49 PM,1117232,Outbound,,,C_FAKE_EMAIL,FAKE-WRAP-UP-DELETED,[LT] Fluxo_FAKE_v3,43c527a4-fbc0-4c38-9e55-bd482b36b6f5
YES,,Queue: C_FAKE_CHAT,email,Camila Lima,Cauã Dias,07/15/25 12:36 PM,05/06/25 10:41 PM,1317345,Inbound,,,C_FAKE_EMAIL,FAKE-WRAP-UP-TIMEOUT,[LT] Fluxo_FAKE_v2,cc02ae53-5cad-41a9-80d2-e1bee0ef3416
YES,,Queue: C_FAKE_CHAT,email,Benjamin Azevedo,Fernandes,04/29/25 03:29 PM,05/23/25 04:40 PM,1796235,Outbound,,,C_FAKE_WHATSAPP,FAKE-WRAP-UP-TIMEOUT,[LT] Fluxo_FAKE_v1,56aa814e-779b-4ee4-a6f7-0a504903528a
YES,,Queue: C_FAKE_WHATSAPP,message,Srta. Catarina Cardoso; Daniel da Mota,Porto Gomes - EI,08/27/25 06:08 PM,07/10/25 06:48 PM,1597879,Outbound,,,C_FAKE_SUPPORT,FAKE-WRAP-UP-TIMEOUT,[LT] Fluxo_FAKE_v3,bbc2b67c-9eec-4868-b0a9-68a6aea2d49e
YES,,Queue: C_FAKE_WHATSAPP,email,Levi Pires,da Rocha,04/05/25 07:57 AM,04/24/25 11:20 PM,1455824,Outbound,,,C_FAKE_EMAIL,FAKE-WRAP-UP-TIMEOUT,[LT] Fluxo_FAKE_v2,be04d96e-adb3-4ea8-a43a-5edaa522f92f
YES,,Queue: C_FAKE_EMAIL,email,Luigi da Cunha; Diogo Teixeira,Nina da Cunha,01/29/25 06:19 AM,07/04/25 08:49 AM,1424447,Inbound,,,C_FAKE_CHAT,FAKE-WRAP-UP-TIMEOUT,[LT] Fluxo_FAKE_v2,a7b1abcd-033a-4676-b6d6-e9205a878212
YES,,Queue: C_FAKE_EMAIL,call,Ana Carolina Campos,Valentina Nogueira,04/06/25 09:37 PM,01/17/25 04:41 AM,720417,Inbound/Outbound,,,C_FAKE_CHAT,FAKE-WRAP-UP-DELETED,[LT] Fluxo_FAKE_v1,a2a5c00c-b6fa-4472-9436-273c41431647
YES,,Queue: C_FAKE_EMAIL,call,Arthur Nogueira; Vitória Dias,Viana,07/15/25 08:41 AM,02/26/25 05:52 AM,922614,Outbound,,,C_FAKE_EMAIL,FAKE-WRAP-UP-COMPLETED,[LT] Fluxo_FAKE_v2,3abc666c-e4cf-42f3-9fc6-ea49444abb9a
YES,,Queue: C_FAKE_EMAIL,message,Sr. Henrique Alves; Samuel Cavalcanti,Ana Clara Novaes,06/21/25 02:08 AM,07/04/25 03:35 AM,1907523,Inbound,,,C_FAKE_EMAIL,FAKE-WRAP-UP-COMPLETED,[LT] Fluxo_FAKE_v2,e7ae468b-83a1-4cf0-895e-fe408151ef6c
YES,,Queue: C_FAKE_EMAIL,email,Kevin Monteiro; Guilherme Fernandes,Moreira,04/12/25 02:46 PM,04/12/25 04:58 PM,437088,Inbound/Outbound,,,C_FAKE_SUPPORT,FAKE-WRAP-UP-DELETED,[LT] Fluxo_FAKE_v2,881fea11-d36b-46cd-8db1-565d6d70799e
YES,,Queue: C_FAKE_WHATSAPP,message,Luiz Otávio Moreira,Ribeiro - EI,08/29/25 02:32 PM,03/26/25 10:42 AM,1886741,Outbound,,,C_FAKE_SUPPORT,FAKE-WRAP-UP-COMPLETED,[LT] Fluxo_FAKE_v2,8d6ebe62-c8c6-4501-b45f-252f73493fec
YES,,Queue: C_FAKE_CHAT,call,André Martins; Pedro Costa,Teixeira Ramos - EI,07/19/25 12:46 AM,04/10/25 05:01 AM,718214,Inbound/Outbound,,,C_FAKE_SUPPORT,FAKE-WRAP-UP-TIMEOUT,[LT] Fluxo_FAKE_v1,62d0abcd-bc3f-412e-89f3-2a99dfc735f8
YES,,Queue: C_FAKE_EMAIL,call,Maria Fernanda Pereira; Marcela Silva,Caldeira Lima Ltda.,07/06/25 09:29 PM,08/13/25 06:34 PM,280685,Outbound,,,C_FAKE_SUPPORT,FAKE-WRAP-UP-TIMEOUT,[LT] Fluxo_FAKE_v3,7ab61c3c-d667-459d-a202-1f9fb3fce44c
YES,,Queue: C_FAKE_WHATSAPP,call,Guilherme Porto,Beatriz Fernandes,05/27/25 08:25 AM,04/01/25 07:32 AM,1629451,Inbound/Outbound,,,C_FAKE_CHAT,FAKE-WRAP-UP-DELETED,[LT] Fluxo_FAKE_v3,dca21033-16ec-44b5-8f6a-d43f09536c4a
YES,,Queue: C_FAKE_EMAIL,call,Dra. Maria Cecília Nascimento,Sra. Camila Fogaça,02/21/25 08:12 AM,03/21/25 02:56 AM,322322,Outbound,,,C_FAKE_WHATSAPP,FAKE-WRAP-UP-DELETED,[LT] Fluxo_FAKE_v2,39f44feb-a611-49cf-8e86-f9b2d4e675f7
YES,,Queue: C_FAKE_EMAIL,message,Lavínia da Cruz,Duarte Cavalcanti S.A.,02/13/25 06:42 PM,09/08/25 09:49 PM,1410114,Outbound,,,C_FAKE_WHATSAPP,FAKE-WRAP-UP-TIMEOUT,[LT] Fluxo_FAKE_v1,07b38e70-7ffd-4ae1-8cb9-8201a8d705bf
YES,,Queue: C_FAKE_CHAT,message,Bruna da Rocha,Silveira Silva S/A,08/13/25 12:02 PM,08/05/25 08:02 AM,1842225,Inbound,,,C_FAKE_SUPPORT,FAKE-WRAP-UP-COMPLETED,[LT] Fluxo_FAKE_v2,254cf7b6-2af3-47cd-b64b-9aa2ec9353cd
YES,,Queue: C_FAKE_CHAT,message,Augusto Correia,da Mata S.A.,03/10/25 05:54 AM,01/01/25 07:41 PM,952119,Inbound,,,C_FAKE_EMAIL,FAKE-WRAP-UP-TIMEOUT,[LT] Fluxo_FAKE_v3,85a33467-b110-4489-9022-c8a1042ac25f
YES,,Queue: C_FAKE_CHAT,message,Letícia Pinto; Ana Sophia Barbosa,Luiz Gustavo Rocha,05/30/25 11:57 PM,02/17/25 06:21 AM,1873265,Inbound/Outbound,,,C_FAKE_SUPPORT,FAKE-WRAP-UP-COMPLETED,[LT] Fluxo_FAKE_v3,d15d4c43-1567-4e9b-8c38-c18b02de4556
YES,,Queue: C_FAKE_EMAIL,email,Diogo Moura,Carvalho,04/23/25 03:28 AM,01/24/25 11:11 PM,300211,Inbound,,,C_FAKE_WHATSAPP,FAKE-WRAP-UP-TIMEOUT,[LT] Fluxo_FAKE_v1,e5d25bc3-3c38-46aa-b979-38acead22702
YES,,Queue: C_FAKE_EMAIL,call,Evelyn Lopes,Elisa Cardoso,08/17/25 11:46 PM,07/18/25 04:39 AM,1044218,Outbound,,,C_FAKE_CHAT,FAKE-WRAP-UP-DELETED,[LT] Fluxo_FAKE_v2,7b8ae091-c942-4b82-8c20-1760c14f5b9f
YES,,Queue: C_FAKE_CHAT,call,Kaique Vieira; Beatriz da Mota,Dr. Juan Lopes,02/07/25 10:14 PM,01/14/25 01:00 PM,1926557,Outbound,,,C_FAKE_WHATSAPP,FAKE-WRAP-UP-DELETED,[LT] Fluxo_FAKE_v3,c5e98866-bbbb-4bd1-b2d4-8c8200ef3377
YES,,Queue: C_FAKE_CHAT,call,Lorenzo Nunes; Alexandre Moura,Melo,08/17/25 11:35 AM,05/28/25 06:18 AM,1846659,Inbound/Outbound,,,C_FAKE_WHATSAPP,FAKE-WRAP-UP-TIMEOUT,[LT] Fluxo_FAKE_v2,54d71e4a-1314-4627-9586-ff5070024916
YES,,Queue: C_FAKE_CHAT,message,Ryan Barbosa; Larissa Nogueira,Fogaça,02/05/25 05:45 PM,01/29/25 04:06 PM,365591,Inbound/Outbound,,,C_FAKE_CHAT,FAKE-WRAP-UP-COMPLETED,[LT] Fluxo_FAKE_v3,649ad218-a5b5-4511-a7ad-3be20356b6fe
YES,,Queue: C_FAKE_CHAT,message,Dr. Bryan Carvalho; Srta. Esther Almeida,Viana,05/06/25 07:15 PM,02/09/25 01:23 AM,1780442,Outbound,,,C_FAKE_EMAIL,FAKE-WRAP-UP-COMPLETED,[LT] Fluxo_FAKE_v3,ec221123-d164-4651-9d36-dea066194848
YES,,Queue: C_FAKE_CHAT,email,Emanuelly Ribeiro,Silveira - EI,01/06/25 08:13 PM,05/23/25 03:20 PM,1799752,Inbound/Outbound,,,C_FAKE_WHATSAPP,FAKE-WRAP-UP-COMPLETED,[LT] Fluxo_FAKE_v2,31d46873-c29d-4b1c-8fcb-6df2c5e3b186
YES,,Queue: C_FAKE_CHAT,email,Kamilly Vieira,Gonçalves Vieira S.A.,05/27/25 06:28 PM,07/27/25 11:59 AM,537513,Outbound,,,C_FAKE_EMAIL,FAKE-WRAP-UP-COMPLETED,[LT] Fluxo_FAKE_v2,9f30418c-9089-4cfd-9145-9617b9c1f1b2
YES,,Queue: C_FAKE_WHATSAPP,call,Bruna Nogueira,Alves,07/25/25 12:53 AM,04/01/25 09:46 PM,1151628,Inbound,,,C_FAKE_CHAT,FAKE-WRAP-UP-TIMEOUT,[LT] Fluxo_FAKE_v1,8e300e9c-8edb-4ef1-aef6-84198a393869
YES,,Queue: C_FAKE_EMAIL,message,Maysa Costa,Marcela Rodrigues,08/27/25 02:17 PM,01/29/25 05:07 AM,929607,Outbound,,,C_FAKE_CHAT,FAKE-WRAP-UP-DELETED,[LT] Fluxo_FAKE_v3,cd87a06a-5ef9-43c3-87d7-afec5d34a219
YES,,Queue: C_FAKE_WHATSAPP,email,Lara da Mata,Ramos,01/31/25 02:40 AM,08/10/25 02:43 AM,1485009,Outbound,,,C_FAKE_CHAT,FAKE-WRAP-UP-COMPLETED,[LT] Fluxo_FAKE_v1,05fbd075-6086-45f3-a594-2c30745830d6
YES,,Queue: C_FAKE_CHAT,call,Dra. Eduarda Costela,Bryan Costela,06/17/25 02:55 PM,05/20/25 05:31 AM,916473,Inbound,,,C_FAKE_EMAIL,FAKE-WRAP-UP-DELETED,[LT] Fluxo_FAKE_v3,a18d218d-f6a0-401f-9969-c458745d8729
YES,,Queue: C_FAKE_WHATSAPP,email,Maria Julia da Mata,Alves,04/28/25 01:36 PM,01/31/25 01:09 PM,732822,Inbound/Outbound,,,C_FAKE_WHATSAPP,FAKE-WRAP-UP-COMPLETED,[LT] Fluxo_FAKE_v1,c2d454e1-017f-440e-9ad2-e66e8da4ced1
YES,,Queue: C_FAKE_CHAT,call,Isadora Cunha; Yuri Rezende,Melo,07/18/25 06:10 AM,05/03/25 01:59 AM,866505,Inbound,,,C_FAKE_EMAIL,FAKE-WRAP-UP-COMPLETED,[LT] Fluxo_FAKE_v2,75e7f531-1e26-4c3d-b514-083ef8b53c16
YES,,Queue: C_FAKE_CHAT,message,Laís Gonçalves; Srta. Natália Cunha,Gonçalves,05/30/25 01:21 PM,08/22/25 08:11 PM,1602461,Inbound/Outbound,,,C_FAKE_CHAT,FAKE-WRAP-UP-COMPLETED,[LT] Fluxo_FAKE_v2,18b8f130-131a-46fa-88b8-0c6c2f542dc6
YES,,Queue: C_FAKE_WHATSAPP,call,Nicole Vieira; Guilherme Carvalho,Cunha,06/19/25 05:24 AM,04/14/25 09:49 AM,862301,Inbound,,,C_FAKE_SUPPORT,FAKE-WRAP-UP-DELETED,[LT] Fluxo_FAKE_v2,9a68990e-2412-447e-a9a7-f0412d519614
YES,,Queue: C_FAKE_WHATSAPP,message,Helena Silva,Ana Julia Porto,01/21/25 05:40 PM,04/13/25 03:46 PM,495991,Inbound,,,C_FAKE_WHATSAPP,FAKE-WRAP-UP-COMPLETED,[LT] Fluxo_FAKE_v3,4432dbd9-5dcf-49aa-bb3d-c51cb893dae9
YES,,Queue: C_FAKE_WHATSAPP,email,Calebe Vieira; Dr. João Lucas Rodrigues,Ian Pinto,07/16/25 10:22 AM,02/19/25 02:18 AM,1451448,Outbound,,,C_FAKE_WHATSAPP,FAKE-WRAP-UP-DELETED,[LT] Fluxo_FAKE_v1,243bb306-93f6-4b6f-984c-cc2000bd2562
YES,,Queue: C_FAKE_WHATSAPP,email,João Guilherme Sales,Thales Aragão,01/20/25 07:59 AM,01/25/25 02:38 PM,236772,Inbound,,,C_FAKE_SUPPORT,FAKE-WRAP-UP-COMPLETED,[LT] Fluxo_FAKE_v1,ece321fd-3834-480b-a638-6c22a1d280a2
YES,,Queue: C_FAKE_EMAIL,email,Sra. Júlia Freitas; Lorenzo da Cunha,Cunha Freitas - ME,03/10/25 11:35 PM,07/15/25 09:13 AM,1209187,Inbound/Outbound,,,C_FAKE_WHATSAPP,FAKE-WRAP-UP-COMPLETED,[LT] Fluxo_FAKE_v2,9c6c3c4e-8f5b-4149-ab67-212a29b76b37
YES,,Queue: C_FAKE_CHAT,email,Dr. Alexandre Caldeira; Luigi Silveira,Manuela da Mata,03/04/25 11:51 AM,04/12/25 04:18 PM,195220,Outbound,,,C_FAKE_WHATSAPP,FAKE-WRAP-UP-COMPLETED,[LT] Fluxo_FAKE_v1,17101a77-3d88-4b62-b3df-2a11b79257a3
YES,,Queue: C_FAKE_EMAIL,email,Kaique Cardoso; Maria Cecília Moura,Lucca Campos,01/23/25 09:09 PM,05/17/25 11:35 AM,860943,Outbound,,,C_FAKE_SUPPORT,FAKE-WRAP-UP-TIMEOUT,[LT] Fluxo_FAKE_v1,b2b11b81-a438-4f8a-8ffd-43cff1668e89
YES,,Queue: C_FAKE_WHATSAPP,email,Bryan Correia; Isadora Almeida,Rezende Cavalcanti e Filhos,02/03/25 11:11 AM,05/03/25 07:51 AM,258116,Outbound,,,C_FAKE_SUPPORT,FAKE-WRAP-UP-DELETED,[LT] Fluxo_FAKE_v1,bf5e39fb-14b3-4352-ad6a-53cb2f991807
YES,,Queue: C_FAKE_WHATSAPP,message,Vinicius Moreira; Leonardo Barros,Beatriz da Paz,01/18/25 12:42 AM,01/13/25 05:58 PM,1972830,Inbound,,,C_FAKE_CHAT,FAKE-WRAP-UP-TIMEOUT,[LT] Fluxo_FAKE_v2,6e20cc72-cf46-4215-9225-33fd765e3ce8
YES,,Queue: C_FAKE_CHAT,message,Gabrielly Alves,Lucca Fernandes,02/03/25 03:23 PM,07/15/25 07:17 PM,285715,Inbound/Outbound,,,C_FAKE_EMAIL,FAKE-WRAP-UP-DELETED,[LT] Fluxo_FAKE_v3,8fd0720c-4ff0-4a31-8903-5d4c92f1d3d0
YES,,Queue: C_FAKE_CHAT,email,Sra. Pietra Gonçalves; Pedro da Conceição,Oliveira,08/19/25 08:04 AM,08/04/25 04:04 PM,1519290,Outbound,,,C_FAKE_EMAIL,FAKE-WRAP-UP-TIMEOUT,[LT] Fluxo_FAKE_v3,db82b67d-dd7e-4ae6-b69d-5ad492b5a7e3
YES,,Queue: C_FAKE_EMAIL,email,Isabel Costela,Eloah Freitas,07/03/25 09:23 AM,02/14/25 09:09 PM,439749,Outbound,,,C_FAKE_WHATSAPP,FAKE-WRAP-UP-TIMEOUT,[LT] Fluxo_FAKE_v1,168d1def-bb92-4370-9619-e0ce69d5ddf5
YES,,Queue: C_FAKE_WHATSAPP,email,Vitória Silva,Lucas da Paz,05/01/25 05:22 PM,07/29/25 02:26 AM,446655,Outbound,,,C_FAKE_EMAIL,FAKE-WRAP-UP-COMPLETED,[LT] Fluxo_FAKE_v3,c5404be9-e6d5-4568-b695-6a3815280e7c
YES,,Queue: C_FAKE_EMAIL,call,Srta. Alícia Ferreira; Sr. Davi Lucas Moraes,Mirella Nunes,03/28/25 03:07 AM,03/13/25 03:19 AM,359383,Outbound,,,C_FAKE_CHAT,FAKE-WRAP-UP-COMPLETED,[LT] Fluxo_FAKE_v2,4bf91d08-e474-42d0-b7e0-ad891197aeb0
YES,,Queue: C_FAKE_CHAT,message,Yuri Moreira; Eloah Souza,Mendes da Costa - ME,07/25/25 07:23 PM,01/24/25 11:40 AM,585320,Outbound,,,C_FAKE_WHATSAPP,FAKE-WRAP-UP-TIMEOUT,[LT] Fluxo_FAKE_v1,faa0a297-45e3-4268-9cae-edcd67d77873
YES,,Queue: C_FAKE_EMAIL,message,Larissa Azevedo,Porto,03/17/25 05:56 AM,08/17/25 11:13 AM,1945627,Inbound/Outbound,,,C_FAKE_CHAT,FAKE-WRAP-UP-COMPLETED,[LT] Fluxo_FAKE_v2,b7be51df-fd5e-4636-b812-4f7f8c46b173
YES,,Queue: C_FAKE_CHAT,message,Heitor Viana,Vieira Jesus S.A.,05/04/25 11:13 AM,03/30/25 11:43 AM,1983336,Outbound,,,C_FAKE_WHATSAPP,FAKE-WRAP-UP-DELETED,[LT] Fluxo_FAKE_v2,cc3c33f5-fb3c-49c8-abcf-a81a61f3b780
YES,,Queue: C_FAKE_EMAIL,call,Fernanda Nunes; Marcelo Barros,Dr. Benjamin Porto,06/22/25 01:29 PM,04/18/25 11:01 AM,1564236,Outbound,,,C_FAKE_EMAIL,FAKE-WRAP-UP-TIMEOUT,[LT] Fluxo_FAKE_v2,5c2fe996-64ba-4ea1-8cd4-ba10b4666d99
YES,,Queue: C_FAKE_WHATSAPP,message,Mariane Melo; Sr. João Guilherme Novaes,Emanuel da Mata,01/04/25 06:43 PM,08/19/25 05:06 PM,1086721,Inbound/Outbound,,,C_FAKE_WHATSAPP,FAKE-WRAP-UP-DELETED,[LT] Fluxo_FAKE_v2,5553931a-efd9-409a-8a74-a19a08b52947
YES,,Queue: C_FAKE_EMAIL,email,Sr. Augusto Sales; Pietra Lima,Cavalcanti S.A.,02/08/25 05:32 PM,02/02/25 08:44 AM,1911868,Inbound/Outbound,,,C_FAKE_CHAT,FAKE-WRAP-UP-DELETED,[LT] Fluxo_FAKE_v3,c766978e-7673-4d16-99a1-459dff2d10f4
YES,,Queue: C_FAKE_WHATSAPP,message,Joana Castro,Nina Aragão,02/25/25 06:33 AM,05/08/25 02:09 PM,380371,Inbound,,,C_FAKE_SUPPORT,FAKE-WRAP-UP-COMPLETED,[LT] Fluxo_FAKE_v1,f1430eea-b443-4da3-8b80-a8c6ce3166c3
YES,,Queue: C_FAKE_CHAT,call,Nina Nogueira,Rodrigo da Luz,03/07/25 07:38 AM,09/04/25 03:52 AM,1277047,Inbound/Outbound,,,C_FAKE_CHAT,FAKE-WRAP-UP-COMPLETED,[LT] Fluxo_FAKE_v1,9ef8b5a9-b792-4f65-a7f7-aba406174c62
YES,,Queue: C_FAKE_EMAIL,call,Sr. Ian Fogaça; Srta. Nina da Luz,Bruno Cunha,03/12/25 06:36 PM,06/20/25 12:00 AM,1278321,Outbound,,,C_FAKE_CHAT,FAKE-WRAP-UP-DELETED,[LT] Fluxo_FAKE_v1,cb3c211d-c8f1-4809-9051-b949e6af993c
YES,,Queue: C_FAKE_WHATSAPP,call,Isabella Caldeira; Davi Lucca Peixoto,Cardoso Ltda.,02/13/25 02:32 AM,05/11/25 11:29 PM,1209240,Inbound,,,C_FAKE_EMAIL,FAKE-WRAP-UP-DELETED,[LT] Fluxo_FAKE_v3,ee355704-b82f-46ef-9ce2-02f536eff201
YES,,Queue: C_FAKE_WHATSAPP,email,João Felipe Ferreira,Mendes,01/13/25 10:10 AM,06/20/25 03:01 AM,1216380,Inbound,,,C_FAKE_SUPPORT,FAKE-WRAP-UP-TIMEOUT,[LT] Fluxo_FAKE_v2,d5b26840-f4b3-493f-8b38-2c494853338d
YES,,Queue: C_FAKE_EMAIL,call,Ana Luiza Pires; Srta. Ana Rezende,Moraes e Filhos,08/18/25 02:08 AM,05/23/25 04:50 AM,207154,Inbound,,,C_FAKE_EMAIL,FAKE-WRAP-UP-DELETED,[LT] Fluxo_FAKE_v1,3b089388-e9d8-44b6-872e-4e7aa4d7809a
YES,,Queue: C_FAKE_CHAT,call,Sophia Campos,Alves - ME,04/22/25 06:54 PM,08/30/25 01:50 PM,907662,Inbound,,,C_FAKE_CHAT,FAKE-WRAP-UP-TIMEOUT,[LT] Fluxo_FAKE_v3,c5da3dcc-4dd7-4974-b847-16b7375af79e
YES,,Queue: C_FAKE_CHAT,call,Srta. Cecília Costa; Guilherme Monteiro,Arthur da Rosa,06/16/25 09:03 AM,01/18/25 05:05 PM,1668473,Outbound,,,C_FAKE_EMAIL,FAKE-WRAP-UP-COMPLETED,[LT] Fluxo_FAKE_v2,f8e8e938-b2df-42fe-9c90-282181a8d2b0
YES,,Queue: C_FAKE_WHATSAPP,message,Bernardo Cardoso; Fernanda Castro,Pietro Mendes,08/27/25 11:41 PM,08/28/25 11:07 AM,428396,Inbound/Outbound,,,C_FAKE_WHATSAPP,FAKE-WRAP-UP-DELETED,[LT] Fluxo_FAKE_v2,8ba22d11-f5b8-4c17-ac9c-763be4540286
YES,,Queue: C_FAKE_EMAIL,message,Dr. Vitor Hugo Farias; Dr. Danilo Barbosa,Dr. Breno Azevedo,01/24/25 12:56 AM,06/08/25 06:42 AM,941967,Inbound,,,C_FAKE_CHAT,FAKE-WRAP-UP-TIMEOUT,[LT] Fluxo_FAKE_v1,f0c935a9-91c3-4637-bca5-013cf6b896c2
YES,,Queue: C_FAKE_CHAT,email,Alana Aragão; Maria Julia Pereira,Cardoso - EI,05/31/25 05:46 AM,06/20/25 01:56 PM,248306,Inbound/Outbound,,,C_FAKE_SUPPORT,FAKE-WRAP-UP-DELETED,[LT] Fluxo_FAKE_v3,c73e4517-0b49-47db-8344-c2697a3d7b8e
YES,,Queue: C_FAKE_EMAIL,message,Srta. Luana Santos,Costela,03/26/25 02:04 PM,03/17/25 06:46 AM,1307142,Outbound,,,C_FAKE_WHATSAPP,FAKE-WRAP-UP-TIMEOUT,[LT] Fluxo_FAKE_v2,4e879c62-49fa-455e-9928-c01191fd9b9d
YES,,Queue: C_FAKE_EMAIL,call,Pietra Moura; Anthony Almeida,Luiza Ramos,05/27/25 09:40 AM,03/03/25 12:58 AM,1592625,Outbound,,,C_FAKE_SUPPORT,FAKE-WRAP-UP-COMPLETED,[LT] Fluxo_FAKE_v2,37cca228-020f-4fa5-93fd-d1f7558c7208
YES,,Queue: C_FAKE_EMAIL,email,Pedro Miguel Monteiro; Breno Sales,Nascimento Lopes Ltda.,02/20/25 11:45 AM,06/01/25 09:54 PM,526228,Inbound,,,C_FAKE_SUPPORT,FAKE-WRAP-UP-DELETED,[LT] Fluxo_FAKE_v2,7599d475-1b13-4a48-892e-b70c2f035a0c
YES,,Queue: C_FAKE_WHATSAPP,call,Eloah da Mata; Ana Carolina da Mata,Maria Julia da Costa,03/26/25 11:41 PM,03/27/25 10:52 PM,1052064,Inbound,,,C_FAKE_CHAT,FAKE-WRAP-UP-COMPLETED,[LT] Fluxo_FAKE_v2,18623b8c-db23-415e-94be-61704ec66d97
YES,,Queue: C_FAKE_WHATSAPP,email,André Azevedo,Amanda Peixoto,01/19/25 12:25 AM,05/19/25 07:44 AM,1367426,Inbound,,,C_FAKE_SUPPORT,FAKE-WRAP-UP-COMPLETED,[LT] Fluxo_FAKE_v3,c3a98532-a31f-4add-8170-38743e897b35
YES,,Queue: C_FAKE_CHAT,email,Maria Eduarda Oliveira,Farias,01/06/25 09:58 AM,02/28/25 07:46 PM,1615697,Inbound,,,C_FAKE_EMAIL,FAKE-WRAP-UP-COMPLETED,[LT] Fluxo_FAKE_v2,16a07b2c-1ddc-490a-a721-5e6ce2eb0222
YES,,Queue: C_FAKE_EMAIL,message,Julia Pires; Daniel Almeida,Melo,06/27/25 07:14 AM,05/10/25 05:52 PM,309870,Outbound,,,C_FAKE_EMAIL,FAKE-WRAP-UP-COMPLETED,[LT] Fluxo_FAKE_v1,9004c585-fefb-4480-a05f-8184c115ae8e
YES,,Queue: C_FAKE_EMAIL,message,Vitória Viana; Giovanna da Mata,da Cunha - EI,08/19/25 12:43 PM,06/14/25 11:17 AM,1811738,Outbound,,,C_FAKE_WHATSAPP,FAKE-WRAP-UP-DELETED,[LT] Fluxo_FAKE_v1,0be29694-652e-4957-aae0-6f264fca946a
YES,,Queue: C_FAKE_CHAT,message,Erick Peixoto; Yasmin da Luz,da Conceição - ME,05/24/25 05:03 PM,05/18/25 08:56 AM,584495,Inbound,,,C_FAKE_EMAIL,FAKE-WRAP-UP-DELETED,[LT] Fluxo_FAKE_v3,417e5edc-13e6-4df3-afc0-fe9c854a05f9
YES,,Queue: C_FAKE_EMAIL,message,Letícia Araújo,Dra. Ana Almeida,06/22/25 06:55 PM,02/14/25 11:32 AM,1272351,Inbound/Outbound,,,C_FAKE_SUPPORT,FAKE-WRAP-UP-DELETED,[LT] Fluxo_FAKE_v1,d783b9d0-5820-4a4f-8d18-5ea51740e77b
YES,,Queue: C_FAKE_WHATSAPP,message,Enzo Gabriel Vieira; Diego da Mota,da Cunha,02/08/25 10:30 AM,09/09/25 06:48 AM,287232,Outbound,,,C_FAKE_SUPPORT,FAKE-WRAP-UP-TIMEOUT,[LT] Fluxo_FAKE_v3,a9065b41-b9be-4d00-9ba5-85aecb964524
YES,,Queue: C_FAKE_EMAIL,email,Bernardo Moraes; Valentina Costa,Maria Julia Rodrigues,01/02/25 03:51 PM,05/23/25 03:45 AM,1085848,Outbound,,,C_FAKE_EMAIL,FAKE-WRAP-UP-COMPLETED,[LT] Fluxo_FAKE_v2,1b3e144b-6f09-4f45-982e-bfd290c773ba
YES,,Queue: C_FAKE_WHATSAPP,message,Luiz Fernando Pinto,Teixeira Moura Ltda.,08/02/25 04:35 PM,08/02/25 07:58 PM,247892,Inbound,,,C_FAKE_EMAIL,FAKE-WRAP-UP-DELETED,[LT] Fluxo_FAKE_v1,e1772a38-96aa-43ca-baf6-e89f14e0a8d3
YES,,Queue: C_FAKE_WHATSAPP,message,Dr. Ryan Ribeiro; Thales Castro,Maria Eduarda Silveira,01/18/25 06:22 AM,01/20/25 01:14 PM,723540,Inbound,,,C_FAKE_SUPPORT,FAKE-WRAP-UP-TIMEOUT,[LT] Fluxo_FAKE_v1,56f4927f-c5eb-4017-be0e-eda1c01b07c4
YES,,Queue: C_FAKE_CHAT,email,Lucca Teixeira,Campos Vieira - ME,08/25/25 09:05 AM,03/02/25 12:43 AM,242712,Outbound,,,C_FAKE_EMAIL,FAKE-WRAP-UP-COMPLETED,[LT] Fluxo_FAKE_v3,7ac68859-94f6-414e-a89a-fbfe822e6328
YES,,Queue: C_FAKE_WHATSAPP,call,Luiz Gustavo Freitas,Dr. Benjamin Castro,07/19/25 02:01 PM,02/23/25 03:12 PM,635755,Inbound/Outbound,,,C_FAKE_EMAIL,FAKE-WRAP-UP-COMPLETED,[LT] Fluxo_FAKE_v3,7a0dbbe1-c105-4b46-b8ee-0ec62b0a0050
YES,,Queue: C_FAKE_CHAT,message,Alexandre Barros; Marcos Vinicius da Rosa,Evelyn Teixeira,02/19/25 12:01 PM,08/31/25 07:57 PM,644043,Outbound,,,C_FAKE_EMAIL,FAKE-WRAP-UP-DELETED,[LT] Fluxo_FAKE_v2,3a880cec-fab8-4d39-96b3-e81aed370c84
YES,,Queue: C_FAKE_WHATSAPP,email,Rafael da Costa,Fernandes S/A,04/18/25 05:46 PM,04/19/25 06:05 AM,1240120,Outbound,,,C_FAKE_EMAIL,FAKE-WRAP-UP-COMPLETED,[LT] Fluxo_FAKE_v2,a7a32e37-475c-439f-bcc6-713a7cbe08bc
YES,,Queue: C_FAKE_WHATSAPP,email,Thomas Costela,Campos - ME,05/20/25 06:31 PM,08/13/25 04:35 AM,1363772,Inbound/Outbound,,,C_FAKE_WHATSAPP,FAKE-WRAP-UP-TIMEOUT,[LT] Fluxo_FAKE_v1,b37b574e-323f-4bb2-b5e5-f62a9a39bc36
YES,,Queue: C_FAKE_CHAT,message,Renan Costela,Dra. Sarah Alves,02/19/25 01:08 PM,01/15/25 12:37 AM,406297,Outbound,,,C_FAKE_EMAIL,FAKE-WRAP-UP-DELETED,[LT] Fluxo_FAKE_v2,0cfb2d8a-fa8a-4ad2-b536-2888a250b2fc
YES,,Queue: C_FAKE_WHATSAPP,message,Theo da Costa; Cauê Costela,Sra. Luna Moraes,02/19/25 09:30 AM,02/10/25 02:13 AM,1499877,Inbound/Outbound,,,C_FAKE_EMAIL,FAKE-WRAP-UP-DELETED,[LT] Fluxo_FAKE_v3,31a79435-b7c5-4ba7-9f78-63183e63131e
YES,,Queue: C_FAKE_CHAT,call,Yago Costela,Ana Laura Peixoto,05/11/25 06:45 AM,01/19/25 06:23 AM,1518859,Outbound,,,C_FAKE_CHAT,FAKE-WRAP-UP-COMPLETED,[LT] Fluxo_FAKE_v1,32714f01-6557-4cee-80e3-200c683b81bc
YES,,Queue: C_FAKE_CHAT,call,Rodrigo Caldeira,Sr. Leonardo Ramos,06/28/25 11:46 AM,05/19/25 04:50 AM,966069,Inbound,,,C_FAKE_EMAIL,FAKE-WRAP-UP-DELETED,[LT] Fluxo_FAKE_v3,18906db4-95a5-4e44-a731-207b65dbb404
YES,,Queue: C_FAKE_CHAT,email,Maria Alice das Neves,Cardoso Aragão e Filhos,03/04/25 09:00 PM,08/21/25 07:46 AM,1566559,Outbound,,,C_FAKE_EMAIL,FAKE-WRAP-UP-COMPLETED,[LT] Fluxo_FAKE_v3,e22a75cc-aec1-4f6e-aa6c-021616f3e1c8
YES,,Queue: C_FAKE_EMAIL,message,Sofia Cardoso; Fernanda Nascimento,da Cruz - EI,07/26/25 04:12 AM,03/26/25 05:29 PM,1680568,Inbound,,,C_FAKE_CHAT,FAKE-WRAP-UP-TIMEOUT,[LT] Fluxo_FAKE_v1,0777cad1-c900-40bf-b1b1-59b61e8c8499
YES,,Queue: C_FAKE_EMAIL,message,Felipe Viana,Bernardo Nogueira,06/02/25 04:36 AM,03/04/25 11:50 PM,275508,Inbound/Outbound,,,C_FAKE_CHAT,FAKE-WRAP-UP-TIMEOUT,[LT] Fluxo_FAKE_v1,cd2c614b-14c6-4496-9146-f70a269d2c22
YES,,Queue: C_FAKE_EMAIL,call,Cauã Peixoto; Alana Santos,Moreira - ME,08/05/25 09:17 AM,05/24/25 03:21 AM,1158542,Inbound/Outbound,,,C_FAKE_EMAIL,FAKE-WRAP-UP-COMPLETED,[LT] Fluxo_FAKE_v1,d7684211-6aed-4760-975b-6911f805d526
YES,,Queue: C_FAKE_CHAT,call,Laís Barbosa; Daniela Novaes,Bruno Silva,06/02/25 09:42 PM,05/21/25 02:33 PM,1115024,Inbound/Outbound,,,C_FAKE_WHATSAPP,FAKE-WRAP-UP-COMPLETED,[LT] Fluxo_FAKE_v2,94ca68d9-4d9e-4c77-8f79-4b765c96703d
YES,,Queue: C_FAKE_CHAT,email,Yago Fernandes; Pietro Azevedo,Pinto,06/02/25 01:11 AM,03/18/25 06:05 AM,527310,Outbound,,,C_FAKE_CHAT,FAKE-WRAP-UP-COMPLETED,[LT] Fluxo_FAKE_v1,c52c7f93-9aca-4159-8e61-20f3af52d77c
YES,,Queue: C_FAKE_WHATSAPP,call,Theo das Neves,Kamilly Monteiro,01/04/25 07:33 AM,04/28/25 09:38 AM,431012,Inbound,,,C_FAKE_CHAT,FAKE-WRAP-UP-TIMEOUT,[LT] Fluxo_FAKE_v1,2ad285f1-607e-483f-9ac1-b7f0a5b06be6
YES,,Queue: C_FAKE_EMAIL,email,Caroline Costela,Nogueira Cunha - ME,02/15/25 02:54 PM,02/04/25 08:30 AM,1468737,Inbound,,,C_FAKE_SUPPORT,FAKE-WRAP-UP-TIMEOUT,[LT] Fluxo_FAKE_v1,4177497a-2598-4d51-b7f9-efbc4ba70c70
YES,,Queue: C_FAKE_EMAIL,email,Yuri Oliveira,Beatriz Mendes,08/04/25 11:09 AM,05/05/25 11:50 AM,469068,Outbound,,,C_FAKE_SUPPORT,FAKE-WRAP-UP-COMPLETED,[LT] Fluxo_FAKE_v2,19f620a2-26bb-4675-ac6a-e5e1443cf3a1
YES,,Queue: C_FAKE_EMAIL,email,Maitê Silva,Teixeira e Filhos,07/11/25 11:01 AM,08/19/25 05:35 PM,942721,Outbound,,,C_FAKE_WHATSAPP,FAKE-WRAP-UP-TIMEOUT,[LT] Fluxo_FAKE_v3,191c2be6-9e21-49db-afef-2e1cf34b83b9
YES,,Queue: C_FAKE_CHAT,message,Dra. Júlia da Conceição; Eduarda Lima,Srta. Mirella Nascimento,04/13/25 09:34 AM,03/27/25 04:10 PM,442925,Inbound,,,C_FAKE_CHAT,FAKE-WRAP-UP-COMPLETED,[LT] Fluxo_FAKE_v1,ce145868-56bd-4bf5-8f48-de0a337599d9
YES,,Queue: C_FAKE_CHAT,call,Daniel Gomes; Carolina Moreira,Ana Carolina Moreira,07/26/25 11:08 AM,04/02/25 02:17 PM,1023618,Inbound/Outbound,,,C_FAKE_CHAT,FAKE-WRAP-UP-TIMEOUT,[LT] Fluxo_FAKE_v2,f30113f0-42bf-4d8b-beda-91503993e371
YES,,Queue: C_FAKE_WHATSAPP,call,Arthur Duarte; Bruno Moreira,Nunes,01/11/25 08:52 PM,05/26/25 04:38 AM,526141,Outbound,,,C_FAKE_EMAIL,FAKE-WRAP-UP-DELETED,[LT] Fluxo_FAKE_v2,5eaae175-445f-4ad1-b801-2d83faea5054
YES,,Queue: C_FAKE_WHATSAPP,message,Stephany Nogueira,Dra. Nicole Fogaça,07/13/25 10:33 PM,05/09/25 11:30 AM,731633,Inbound/Outbound,,,C_FAKE_CHAT,FAKE-WRAP-UP-TIMEOUT,[LT] Fluxo_FAKE_v3,963a4320-66c0-4e7b-b41a-a26dcbcafbdb
YES,,Queue: C_FAKE_CHAT,message,Dra. Yasmin Fogaça; Dra. Helena da Paz,Duarte,06/19/25 01:16 PM,05/24/25 11:20 PM,651171,Outbound,,,C_FAKE_SUPPORT,FAKE-WRAP-UP-TIMEOUT,[LT] Fluxo_FAKE_v1,db747f33-fdba-43eb-b8e1-524090771f71
YES,,Queue: C_FAKE_CHAT,message,João Vitor Nogueira,Dra. Stephany Santos,05/29/25 11:21 AM,01/25/25 04:37 PM,1519702,Inbound/Outbound,,,C_FAKE_WHATSAPP,FAKE-WRAP-UP-COMPLETED,[LT] Fluxo_FAKE_v1,47c57d53-e7eb-4f3f-b568-3bea6e4ffcf3
YES,,Queue: C_FAKE_CHAT,call,Bruno da Luz; Dr. João Lucas Aragão,Melo - EI,04/29/25 11:23 PM,07/17/25 07:19 AM,1952753,Outbound,,,C_FAKE_CHAT,FAKE-WRAP-UP-COMPLETED,[LT] Fluxo_FAKE_v2,2f7410dd-5779-4735-9094-805e1668e9f8
YES,,Queue: C_FAKE_CHAT,call,Maria Vitória da Conceição; Dr. Murilo Nascimento,Jesus,06/23/25 11:23 AM,03/12/25 01:47 PM,1423038,Inbound,,,C_FAKE_SUPPORT,FAKE-WRAP-UP-TIMEOUT,[LT] Fluxo_FAKE_v2,3d51c7fc-ec32-406d-9a7b-9adb1ce33118
YES,,Queue: C_FAKE_CHAT,email,Lorenzo Freitas; Erick Moura,Fogaça S.A.,05/30/25 10:39 AM,02/17/25 02:09 PM,552834,Inbound/Outbound,,,C_FAKE_SUPPORT,FAKE-WRAP-UP-TIMEOUT,[LT] Fluxo_FAKE_v3,0d79c20f-4931-4d94-904a-8ff9eee14ab3
YES,,Queue: C_FAKE_CHAT,email,Emanuella Viana; Catarina Farias,Kaique Correia,04/27/25 09:29 PM,05/04/25 12:10 AM,733350,Outbound,,,C_FAKE_WHATSAPP,FAKE-WRAP-UP-COMPLETED,[LT] Fluxo_FAKE_v2,b7e8b0a4-36a7-481e-8f17-1a4ee2d97970
YES,,Queue: C_FAKE_WHATSAPP,call,Levi Oliveira,Ramos das Neves S/A,01/08/25 12:26 AM,01/12/25 03:30 PM,128106,Inbound/Outbound,,,C_FAKE_EMAIL,FAKE-WRAP-UP-DELETED,[LT] Fluxo_FAKE_v1,bb1a56bd-afae-421d-a547-20e088be9288
YES,,Queue: C_FAKE_EMAIL,email,Luiz Felipe Souza,Sr. Danilo Costa,01/31/25 08:04 PM,05/24/25 01:22 AM,1841218,Outbound,,,C_FAKE_CHAT,FAKE-WRAP-UP-DELETED,[LT] Fluxo_FAKE_v3,17a61711-7256-4d7c-8c8a-22f6bada092a
YES,,Queue: C_FAKE_CHAT,call,Emilly Lopes; Emanuel Moreira,da Luz,06/18/25 03:20 AM,07/16/25 07:28 AM,703347,Inbound,,,C_FAKE_CHAT,FAKE-WRAP-UP-DELETED,[LT] Fluxo_FAKE_v1,445dff54-427f-4c4b-b5ed-76cfcc29a582
YES,,Queue: C_FAKE_CHAT,message,Milena Sales; Carlos Eduardo Sales,Pedro da Cruz,01/10/25 07:57 PM,07/25/25 10:58 AM,1891203,Outbound,,,C_FAKE_EMAIL,FAKE-WRAP-UP-TIMEOUT,[LT] Fluxo_FAKE_v3,e01473df-5768-4c78-8bf0-1dcb6932317a
YES,,Queue: C_FAKE_WHATSAPP,call,Srta. Clarice Pires,Porto,02/21/25 06:51 AM,08/13/25 04:52 AM,1953917,Outbound,,,C_FAKE_EMAIL,FAKE-WRAP-UP-COMPLETED,[LT] Fluxo_FAKE_v2,52ec03ca-ae95-4e1c-a67a-63706e12d255
YES,,Queue: C_FAKE_CHAT,call,Caroline da Mota; Agatha Correia,Benício Barbosa,09/02/25 09:29 AM,05/19/25 04:30 PM,1280181,Inbound/Outbound,,,C_FAKE_CHAT,FAKE-WRAP-UP-TIMEOUT,[LT] Fluxo_FAKE_v2,7077d33e-d04c-44db-a70a-4855d0b6eada
YES,,Queue: C_FAKE_EMAIL,call,Ana Clara Araújo,Martins,07/21/25 02:46 PM,01/18/25 05:18 PM,1839675,Outbound,,,C_FAKE_EMAIL,FAKE-WRAP-UP-COMPLETED,[LT] Fluxo_FAKE_v2,26e85cb6-ebb7-46cc-867b-30d1094f5166
YES,,Queue: C_FAKE_WHATSAPP,message,Nina da Luz; Srta. Ana Clara Lima,Ian Rezende,03/17/25 04:17 PM,02/16/25 01:41 PM,1527705,Outbound,,,C_FAKE_CHAT,FAKE-WRAP-UP-DELETED,[LT] Fluxo_FAKE_v3,4d167503-9aad-4ae8-86c6-b8c26ce87f51
YES,,Queue: C_FAKE_EMAIL,message,Murilo Costa,Novaes Souza e Filhos,02/03/25 05:27 PM,07/11/25 11:55 PM,1715620,Inbound/Outbound,,,C_FAKE_CHAT,FAKE-WRAP-UP-TIMEOUT,[LT] Fluxo_FAKE_v3,08fb27dc-e88f-42a4-aa1b-41edfe530a7e
YES,,Queue: C_FAKE_WHATSAPP,message,Cauã da Paz,Mariane Monteiro,05/17/25 08:09 AM,03/01/25 09:00 PM,1981070,Inbound/Outbound,,,C_FAKE_CHAT,FAKE-WRAP-UP-TIMEOUT,[LT] Fluxo_FAKE_v3,2d0f0209-6409-43ec-868b-751f84a2092d
YES,,Queue: C_FAKE_CHAT,call,Srta. Maria Vitória da Mata,Farias,05/14/25 02:01 PM,02/19/25 03:22 PM,974075,Inbound,,,C_FAKE_EMAIL,FAKE-WRAP-UP-DELETED,[LT] Fluxo_FAKE_v3,9d88e7a4-f763-41e6-9f9f-9701b819544a
YES,,Queue: C_FAKE_CHAT,email,Sr. Erick da Conceição,da Costa Pires S.A.,08/28/25 05:03 AM,03/15/25 07:53 PM,1719562,Inbound/Outbound,,,C_FAKE_CHAT,FAKE-WRAP-UP-COMPLETED,[LT] Fluxo_FAKE_v3,9ba0e399-9a77-401f-85af-b75be4c46071
YES,,Queue: C_FAKE_EMAIL,message,Alexandre Gomes,Ribeiro,03/28/25 05:44 AM,05/18/25 11:52 AM,982517,Outbound,,,C_FAKE_WHATSAPP,FAKE-WRAP-UP-DELETED,[LT] Fluxo_FAKE_v3,6c589836-3a04-44d7-a113-6ce039ba7d2f
YES,,Queue: C_FAKE_EMAIL,message,Ana Laura Santos,Azevedo,07/02/25 08:27 AM,06/04/25 05:12 AM,600252,Outbound,,,C_FAKE_WHATSAPP,FAKE-WRAP-UP-DELETED,[LT] Fluxo_FAKE_v3,8d1d37a3-0c88-4f7b-a84b-3c5517759710
YES,,Queue: C_FAKE_EMAIL,email,Amanda Silva,Nogueira Sales S/A,07/16/25 09:09 AM,03/03/25 12:20 PM,1776400,Inbound/Outbound,,,C_FAKE_WHATSAPP,FAKE-WRAP-UP-TIMEOUT,[LT] Fluxo_FAKE_v2,6191ee64-332c-4cc7-9a81-9b74d46b78f3
YES,,Queue: C_FAKE_WHATSAPP,email,Caio Alves,Ana Vitória da Costa,06/03/25 10:57 PM,02/08/25 05:59 PM,1287462,Inbound/Outbound,,,C_FAKE_SUPPORT,FAKE-WRAP-UP-DELETED,[LT] Fluxo_FAKE_v1,f3c01d85-d867-41f3-a512-04385aae363d
YES,,Queue: C_FAKE_CHAT,email,Clarice da Mata,Srta. Luna Pinto,04/12/25 07:18 PM,07/27/25 10:28 AM,873131,Outbound,,,C_FAKE_WHATSAPP,FAKE-WRAP-UP-COMPLETED,[LT] Fluxo_FAKE_v2,670cada1-c783-470a-821e-0683dc0a1c8e
YES,,Queue: C_FAKE_EMAIL,email,Catarina Martins; Sophia Ferreira,da Conceição da Rocha S.A.,03/01/25 07:53 AM,02/25/25 12:07 AM,1507539,Inbound/Outbound,,,C_FAKE_WHATSAPP,FAKE-WRAP-UP-TIMEOUT,[LT] Fluxo_FAKE_v2,b64a46f5-eb6d-435f-a950-94bbf3c8e316
YES,,Queue: C_FAKE_CHAT,message,Alexia Cavalcanti,Evelyn Fernandes,03/01/25 07:05 PM,05/15/25 09:56 AM,894944,Outbound,,,C_FAKE_CHAT,FAKE-WRAP-UP-TIMEOUT,[LT] Fluxo_FAKE_v2,dbaa1aa2-ab9c-405d-bd8a-2b0a8f6a201a
YES,,Queue: C_FAKE_WHATSAPP,message,Dra. Brenda da Mata; Thomas Moraes,Caldeira,05/27/25 10:08 AM,03/13/25 02:03 AM,283505,Inbound/Outbound,,,C_FAKE_EMAIL,FAKE-WRAP-UP-COMPLETED,[LT] Fluxo_FAKE_v2,fe2ee066-9e30-41d6-a370-01f6d2308588
YES,,Queue: C_FAKE_WHATSAPP,email,Sr. João Lucas Barros; Elisa Rocha,Bernardo Correia,07/26/25 10:36 AM,01/22/25 12:34 PM,1648055,Inbound,,,C_FAKE_CHAT,FAKE-WRAP-UP-DELETED,[LT] Fluxo_FAKE_v1,cb00ebbf-af05-45d3-a595-fa904584b215
YES,,Queue: C_FAKE_EMAIL,message,Emilly Cavalcanti; Alexandre Rodrigues,Gabrielly Dias,08/06/25 01:14 AM,04/29/25 09:47 AM,1446062,Outbound,,,C_FAKE_EMAIL,FAKE-WRAP-UP-TIMEOUT,[LT] Fluxo_FAKE_v1,8fca9026-a738-40e8-9f3d-0200c5acf275
YES,,Queue: C_FAKE_WHATSAPP,email,Sr. André Cardoso; Yago Nogueira,João Caldeira,07/17/25 01:35 PM,04/22/25 09:23 AM,1279248,Inbound,,,C_FAKE_SUPPORT,FAKE-WRAP-UP-DELETED,[LT] Fluxo_FAKE_v2,922731e9-3aaf-4187-a638-4b25a9f9f36c
YES,,Queue: C_FAKE_EMAIL,call,Sra. Mirella Moreira; Ana Clara Lopes,Ribeiro,01/18/25 11:44 AM,05/21/25 09:43 AM,464833,Inbound/Outbound,,,C_FAKE_WHATSAPP,FAKE-WRAP-UP-DELETED,[LT] Fluxo_FAKE_v2,129ddfde-9194-4072-805d-861c51840088
YES,,Queue: C_FAKE_WHATSAPP,email,Pedro Lucas Campos,Carvalho,06/16/25 06:21 AM,04/14/25 10:50 PM,1992236,Inbound/Outbound,,,C_FAKE_EMAIL,FAKE-WRAP-UP-TIMEOUT,[LT] Fluxo_FAKE_v1,c4349170-90f4-4724-93d6-9792126ff5ed
YES,,Queue: C_FAKE_CHAT,call,Heloísa Melo; Emanuelly Aragão,Natália Carvalho,08/12/25 06:52 PM,05/27/25 12:20 AM,1790882,Outbound,,,C_FAKE_CHAT,FAKE-WRAP-UP-DELETED,[LT] Fluxo_FAKE_v1,97477da7-3626-4c14-bc19-9ebc97a92b57
YES,,Queue: C_FAKE_WHATSAPP,email,Dr. Marcos Vinicius Sales,da Mata,01/24/25 09:05 AM,07/05/25 07:27 AM,1719085,Outbound,,,C_FAKE_CHAT,FAKE-WRAP-UP-DELETED,[LT] Fluxo_FAKE_v3,231830a3-cfab-47f4-8022-994ccdad7736
YES,,Queue: C_FAKE_CHAT,call,Fernando da Cunha; Bruna Alves,Pedro Henrique Sales,02/07/25 07:39 AM,02/22/25 07:11 PM,703826,Inbound/Outbound,,,C_FAKE_SUPPORT,FAKE-WRAP-UP-COMPLETED,[LT] Fluxo_FAKE_v2,2650d902-16fd-4c70-a960-bd87ba9d64d4
YES,,Queue: C_FAKE_CHAT,message,Breno da Paz,Pinto Nunes - ME,07/26/25 02:24 PM,08/09/25 12:26 AM,409454,Inbound,,,C_FAKE_CHAT,FAKE-WRAP-UP-DELETED,[LT] Fluxo_FAKE_v3,094d4b8a-67ee-47f2-b433-005aa5b33e2e
YES,,Queue: C_FAKE_EMAIL,call,Manuela Ribeiro,Cardoso da Cunha - ME,07/10/25 12:15 PM,07/07/25 10:01 PM,160282,Outbound,,,C_FAKE_WHATSAPP,FAKE-WRAP-UP-DELETED,[LT] Fluxo_FAKE_v1,9a18e0e8-cc42-42cd-9474-849f3b38102b
YES,,Queue: C_FAKE_WHATSAPP,message,Cauê Pires; Joana Araújo,Mendes,08/12/25 11:56 PM,07/25/25 11:51 PM,1755775,Inbound,,,C_FAKE_WHATSAPP,FAKE-WRAP-UP-TIMEOUT,[LT] Fluxo_FAKE_v3,a6145f1b-79a3-46a8-9f23-a1b588e65e96
YES,,Queue: C_FAKE_CHAT,message,Kamilly Moraes; Pedro Miguel da Rocha,Nina Lima,03/20/25 08:14 PM,02/14/25 06:33 PM,1012234,Outbound,,,C_FAKE_WHATSAPP,FAKE-WRAP-UP-COMPLETED,[LT] Fluxo_FAKE_v1,c51c5229-a145-476d-9779-5b669a452aca
YES,,Queue: C_FAKE_WHATSAPP,call,Helena Lima; Antônio Silva,da Mata,04/01/25 01:20 PM,02/18/25 10:11 AM,1233909,Outbound,,,C_FAKE_SUPPORT,FAKE-WRAP-UP-DELETED,[LT] Fluxo_FAKE_v3,1efd393b-2896-4c25-8bb1-bad8250d235f
YES,,Queue: C_FAKE_EMAIL,call,Ana Clara Moraes; Yago Monteiro,Nascimento,04/16/25 05:54 PM,04/20/25 07:46 PM,616243,Inbound,,,C_FAKE_EMAIL,FAKE-WRAP-UP-COMPLETED,[LT] Fluxo_FAKE_v3,ccaeb64c-74c2-411d-a3dc-896e902369ab
YES,,Queue: C_FAKE_EMAIL,call,Lucca Almeida,Almeida S.A.,06/13/25 10:44 AM,08/06/25 11:20 PM,443190,Inbound,,,C_FAKE_EMAIL,FAKE-WRAP-UP-COMPLETED,[LT] Fluxo_FAKE_v1,4f26de21-4e61-4e34-a548-dfc876da3747
YES,,Queue: C_FAKE_CHAT,message,Natália Pinto; Juliana Jesus,Lavínia Porto,05/01/25 04:50 AM,02/04/25 01:47 PM,392338,Outbound,,,C_FAKE_CHAT,FAKE-WRAP-UP-DELETED,[LT] Fluxo_FAKE_v1,62ba6966-3388-4f1b-90f3-83cd6b775489
YES,,Queue: C_FAKE_WHATSAPP,email,Dr. Ryan Azevedo; Isaac Azevedo,Juan Farias,05/18/25 02:13 AM,05/03/25 05:32 AM,1547698,Inbound/Outbound,,,C_FAKE_WHATSAPP,FAKE-WRAP-UP-DELETED,[LT] Fluxo_FAKE_v3,32fd7344-7862-41cf-b878-a369b2f3bc00
YES,,Queue: C_FAKE_WHATSAPP,call,Nicolas Nogueira,Pereira,08/28/25 09:48 AM,03/14/25 10:02 AM,520515,Inbound/Outbound,,,C_FAKE_CHAT,FAKE-WRAP-UP-COMPLETED,[LT] Fluxo_FAKE_v3,143e77c2-70fe-4e06-b6e3-1e8ef67fb352
YES,,Queue: C_FAKE_EMAIL,call,Pedro Miguel Moraes; Miguel Nascimento,Martins da Rocha S/A,05/25/25 01:36 AM,08/19/25 12:25 PM,1645040,Inbound,,,C_FAKE_CHAT,FAKE-WRAP-UP-DELETED,[LT] Fluxo_FAKE_v2,2de3153d-0209-48dc-b811-6c2677489b6b
YES,,Queue: C_FAKE_CHAT,message,Dr. Carlos Eduardo da Cruz; Bruna Rezende,Nicole da Rocha,06/15/25 03:53 PM,04/27/25 09:29 AM,1656299,Outbound,,,C_FAKE_EMAIL,FAKE-WRAP-UP-COMPLETED,[LT] Fluxo_FAKE_v2,da738817-140f-4b24-bcc9-66c63c19ef42
YES,,Queue: C_FAKE_WHATSAPP,email,Dr. Luiz Miguel Melo,Monteiro,04/20/25 09:34 AM,06/10/25 06:16 PM,268828,Inbound,,,C_FAKE_CHAT,FAKE-WRAP-UP-COMPLETED,[LT] Fluxo_FAKE_v3,4c6ced6d-3f7d-4313-af43-8da3a84f3d75
YES,,Queue: C_FAKE_CHAT,message,Dr. Gustavo das Neves; Thales Fernandes,Lima - EI,02/17/25 02:42 AM,06/03/25 02:31 PM,1548181,Outbound,,,C_FAKE_SUPPORT,FAKE-WRAP-UP-DELETED,[LT] Fluxo_FAKE_v3,96ce7d17-9a7d-44b4-ad91-9b5591c33f13
YES,,Queue: C_FAKE_EMAIL,call,Vitor Gabriel Farias; Sra. Emilly Porto,das Neves,08/12/25 06:38 AM,04/15/25 05:13 PM,1277209,Outbound,,,C_FAKE_EMAIL,FAKE-WRAP-UP-DELETED,[LT] Fluxo_FAKE_v1,0465a8d7-4388-46fe-a8f0-6068e087e259
YES,,Queue: C_FAKE_WHATSAPP,call,Sophie da Cunha,das Neves Barros - EI,05/08/25 10:56 AM,07/14/25 09:02 AM,1952618,Inbound,,,C_FAKE_EMAIL,FAKE-WRAP-UP-DELETED,[LT] Fluxo_FAKE_v2,b91340e3-9afe-48a7-a0d8-82e46b8d8642
YES,,Queue: C_FAKE_WHATSAPP,message,Rebeca da Rosa; Natália Teixeira,Castro,04/07/25 06:30 PM,03/03/25 05:48 AM,883185,Outbound,,,C_FAKE_WHATSAPP,FAKE-WRAP-UP-DELETED,[LT] Fluxo_FAKE_v2,ff69af1c-020a-48a8-b7a3-79871a8645c4
YES,,Queue: C_FAKE_CHAT,message,Lavínia Costela,Ryan da Luz,02/14/25 05:12 PM,07/05/25 10:09 PM,1832917,Inbound,,,C_FAKE_SUPPORT,FAKE-WRAP-UP-COMPLETED,[LT] Fluxo_FAKE_v2,53aab43a-7a9b-4b2c-8b19-1955c2fdb44a
YES,,Queue: C_FAKE_CHAT,message,Luiz Henrique Monteiro; Gustavo Henrique Oliveira,Mendes,07/03/25 01:06 PM,08/16/25 10:14 AM,993850,Inbound,,,C_FAKE_WHATSAPP,FAKE-WRAP-UP-TIMEOUT,[LT] Fluxo_FAKE_v2,202b50d1-c71a-4cec-9bf0-d42a21c4f6d5
YES,,Queue: C_FAKE_EMAIL,email,Felipe Alves,Heitor Freitas,08/09/25 01:53 AM,06/18/25 02:20 AM,427985,Outbound,,,C_FAKE_EMAIL,FAKE-WRAP-UP-DELETED,[LT] Fluxo_FAKE_v2,edcc6a95-61aa-442d-8dec-48e4d92757a8
YES,,Queue: C_FAKE_CHAT,call,Danilo das Neves; Ana Beatriz Araújo,Moraes Cavalcanti S.A.,02/14/25 02:00 PM,03/21/25 05:47 AM,1771570,Outbound,,,C_FAKE_WHATSAPP,FAKE-WRAP-UP-DELETED,[LT] Fluxo_FAKE_v3,55545bb9-7622-459a-9d20-525ebbdcdd1f
YES,,Queue: C_FAKE_EMAIL,email,Isabella Souza,da Mota,05/09/25 10:58 AM,08/15/25 03:53 AM,941244,Inbound/Outbound,,,C_FAKE_WHATSAPP,FAKE-WRAP-UP-DELETED,[LT] Fluxo_FAKE_v3,d6eee772-ad73-4097-a0c4-e637565ea7b8
YES,,Queue: C_FAKE_CHAT,message,Agatha Pinto,Murilo da Rosa,01/27/25 05:06 PM,04/12/25 09:32 AM,1566581,Outbound,,,C_FAKE_SUPPORT,FAKE-WRAP-UP-DELETED,[LT] Fluxo_FAKE_v2,4c60507b-8d73-42a6-9c49-7ad1b4b06014
YES,,Queue: C_FAKE_CHAT,call,Francisco Martins,Nogueira,03/27/25 10:32 PM,02/02/25 08:55 PM,493727,Inbound/Outbound,,,C_FAKE_SUPPORT,FAKE-WRAP-UP-DELETED,[LT] Fluxo_FAKE_v1,8ac31e08-ef3e-4770-b90a-e185128dfb82
YES,,Queue: C_FAKE_WHATSAPP,call,Isadora Barros,Gonçalves da Mata S.A.,06/08/25 05:12 AM,03/03/25 04:40 AM,1878650,Outbound,,,C_FAKE_EMAIL,FAKE-WRAP-UP-COMPLETED,[LT] Fluxo_FAKE_v2,22bf52d3-bda9-4c8a-abb6-2c94eecb343b
YES,,Queue: C_FAKE_WHATSAPP,email,Felipe da Mota,Ramos,04/24/25 04:40 PM,03/13/25 02:43 AM,392560,Inbound/Outbound,,,C_FAKE_CHAT,FAKE-WRAP-UP-DELETED,[LT] Fluxo_FAKE_v2,a7f12456-3539-4d22-a815-760743df1c14
YES,,Queue: C_FAKE_WHATSAPP,message,Anthony Jesus,Rafael Porto,08/14/25 12:49 AM,06/11/25 10:28 AM,1350040,Inbound,,,C_FAKE_EMAIL,FAKE-WRAP-UP-DELETED,[LT] Fluxo_FAKE_v1,acbf81d4-b172-4b65-bdcf-c42b8122a1db
YES,,Queue: C_FAKE_CHAT,email,Julia Viana,Arthur Vieira,05/02/25 08:45 PM,02/24/25 04:59 PM,303811,Inbound/Outbound,,,C_FAKE_SUPPORT,FAKE-WRAP-UP-DELETED,[LT] Fluxo_FAKE_v1,61a55642-47d4-4385-9c40-410491af4892
YES,,Queue: C_FAKE_EMAIL,message,Ana Beatriz da Costa; Ana Laura Rodrigues,Gomes,01/26/25 12:21 AM,06/30/25 09:43 PM,853702,Inbound/Outbound,,,C_FAKE_WHATSAPP,FAKE-WRAP-UP-COMPLETED,[LT] Fluxo_FAKE_v3,099c3693-fe59-489f-b035-fa61437478bd
YES,,Queue: C_FAKE_CHAT,email,Emanuel Lopes,Davi Lucas Dias,07/28/25 09:06 AM,05/23/25 09:04 AM,1830934,Inbound/Outbound,,,C_FAKE_CHAT,FAKE-WRAP-UP-DELETED,[LT] Fluxo_FAKE_v3,2977fb6e-29d2-45d6-8c03-b6d6f27eec3b
YES,,Queue: C_FAKE_EMAIL,call,Mariana Freitas; Julia Mendes,Levi Mendes,03/03/25 10:29 PM,03/19/25 06:32 AM,1728461,Outbound,,,C_FAKE_WHATSAPP,FAKE-WRAP-UP-COMPLETED,[LT] Fluxo_FAKE_v2,fe77d9f9-8533-4baf-a22b-853733777a82
YES,,Queue: C_FAKE_CHAT,call,Pedro Henrique Dias; Daniel Aragão,Isaac Nunes,08/11/25 06:29 PM,02/11/25 08:50 PM,483829,Inbound/Outbound,,,C_FAKE_EMAIL,FAKE-WRAP-UP-TIMEOUT,[LT] Fluxo_FAKE_v1,028ccae1-e0b8-4731-b454-4a6a372cba50
YES,,Queue: C_FAKE_EMAIL,message,Anthony das Neves,Fernandes Oliveira - ME,06/21/25 06:10 AM,01/27/25 07:12 AM,654700,Inbound/Outbound,,,C_FAKE_WHATSAPP,FAKE-WRAP-UP-TIMEOUT,[LT] Fluxo_FAKE_v1,ab9a9585-1f73-4931-b137-d223bbeb914b
YES,,Queue: C_FAKE_CHAT,message,Valentina Ramos; Sr. Leonardo Pereira,Yago Rocha,08/25/25 06:33 PM,08/25/25 09:15 PM,1104675,Outbound,,,C_FAKE_SUPPORT,FAKE-WRAP-UP-COMPLETED,[LT] Fluxo_FAKE_v2,50b034fd-d057-458d-803b-3a8e58ed7798
YES,,Queue: C_FAKE_CHAT,call,Vinicius Caldeira; Guilherme Moura,Benício Cardoso,03/09/25 04:51 AM,03/31/25 03:29 PM,879824,Inbound/Outbound,,,C_FAKE_EMAIL,FAKE-WRAP-UP-TIMEOUT,[LT] Fluxo_FAKE_v3,c5035b6c-8e5e-41c5-94eb-ae5dbc165b0e
YES,,Queue: C_FAKE_CHAT,message,Luigi da Cunha; Antônio da Rosa,Theo Costela,01/19/25 02:57 AM,02/19/25 08:14 AM,148231,Inbound,,,C_FAKE_EMAIL,FAKE-WRAP-UP-DELETED,[LT] Fluxo_FAKE_v1,116f176a-755d-4764-8bc6-fdb98a497bbd
YES,,Queue: C_FAKE_CHAT,email,Sarah Aragão,Ramos e Filhos,03/05/25 07:40 AM,03/05/25 11:03 AM,871687,Outbound,,,C_FAKE_WHATSAPP,FAKE-WRAP-UP-COMPLETED,[LT] Fluxo_FAKE_v3,4aecb057-21e5-459f-8c0c-b19ca9736b18
YES,,Queue: C_FAKE_WHATSAPP,message,João Lucas Caldeira,Oliveira,04/11/25 01:31 PM,08/01/25 05:25 AM,1211073,Inbound/Outbound,,,C_FAKE_CHAT,FAKE-WRAP-UP-DELETED,[LT] Fluxo_FAKE_v3,f55c6af8-c6b4-4036-baca-2a87766afbe7
YES,,Queue: C_FAKE_WHATSAPP,call,Lucas Sales; Dr. Juan Cavalcanti,Valentina da Mata,04/13/25 09:57 AM,01/20/25 10:27 AM,127426,Inbound,,,C_FAKE_EMAIL,FAKE-WRAP-UP-TIMEOUT,[LT] Fluxo_FAKE_v1,8aa7deb9-a3cb-49bd-9c19-47e162e5b19a
YES,,Queue: C_FAKE_WHATSAPP,message,Luiz Otávio Pires; Yuri Ribeiro,Mendes Santos S/A,03/11/25 08:35 PM,03/02/25 09:50 AM,771367,Outbound,,,C_FAKE_CHAT,FAKE-WRAP-UP-COMPLETED,[LT] Fluxo_FAKE_v3,cd7b6acd-0a44-44d1-994a-c61f51107df9
YES,,Queue: C_FAKE_CHAT,email,Valentina Mendes; Julia Teixeira,Theo Fernandes,07/16/25 10:49 PM,02/27/25 06:10 AM,1189867,Outbound,,,C_FAKE_SUPPORT,FAKE-WRAP-UP-DELETED,[LT] Fluxo_FAKE_v3,3fc543c9-7c47-4df2-bf55-f644f278b488
YES,,Queue: C_FAKE_WHATSAPP,email,Caroline Porto,Stella Cardoso,03/14/25 08:30 AM,02/08/25 05:32 PM,928424,Inbound,,,C_FAKE_WHATSAPP,FAKE-WRAP-UP-COMPLETED,[LT] Fluxo_FAKE_v1,fab522e5-1600-4e9c-95a4-2c522147129e
YES,,Queue: C_FAKE_WHATSAPP,call,Cauã Souza,Silva,01/17/25 07:07 AM,04/02/25 12:56 PM,1267950,Inbound/Outbound,,,C_FAKE_CHAT,FAKE-WRAP-UP-DELETED,[LT] Fluxo_FAKE_v3,b0385cd1-fb86-41c1-98be-6c14b2675285
YES,,Queue: C_FAKE_CHAT,email,Kamilly Barros,Ramos S/A,07/08/25 06:01 AM,04/24/25 03:33 AM,1921661,Outbound,,,C_FAKE_CHAT,FAKE-WRAP-UP-COMPLETED,[LT] Fluxo_FAKE_v2,a118766a-cc45-45fe-893a-d01fb18ed96d
YES,,Queue: C_FAKE_CHAT,email,Noah da Costa; Sr. Nicolas Fernandes,da Luz,08/21/25 07:25 AM,05/04/25 03:08 PM,429314,Inbound/Outbound,,,C_FAKE_EMAIL,FAKE-WRAP-UP-TIMEOUT,[LT] Fluxo_FAKE_v2,c3aa59ef-e5bb-4fb9-a2c0-7b0fbc374a1e
YES,,Queue: C_FAKE_WHATSAPP,message,Luiz Felipe Cavalcanti,da Luz da Conceição - ME,05/31/25 02:39 PM,04/09/25 08:21 PM,1583313,Outbound,,,C_FAKE_EMAIL,FAKE-WRAP-UP-COMPLETED,[LT] Fluxo_FAKE_v1,7453c9c3-8ebc-42b1-b866-5e813ff1254b
YES,,Queue: C_FAKE_EMAIL,message,Davi Lucca Aragão; Dr. Davi Lucas da Conceição,Nascimento S.A.,05/27/25 08:48 AM,05/05/25 11:18 AM,832444,Outbound,,,C_FAKE_SUPPORT,FAKE-WRAP-UP-COMPLETED,[LT] Fluxo_FAKE_v2,9752800f-42bb-4890-8f97-b941af62a976
YES,,Queue: C_FAKE_CHAT,message,Isis da Mota; Vicente Almeida,da Paz Gonçalves Ltda.,04/28/25 07:14 AM,06/21/25 11:22 PM,755954,Outbound,,,C_FAKE_WHATSAPP,FAKE-WRAP-UP-TIMEOUT,[LT] Fluxo_FAKE_v1,04bdd646-d561-4a4a-a7a3-d3fee090c65f
YES,,Queue: C_FAKE_WHATSAPP,call,Luiz Fernando Silveira,Silva,08/21/25 05:08 PM,08/14/25 07:01 AM,1371361,Inbound/Outbound,,,C_FAKE_WHATSAPP,FAKE-WRAP-UP-COMPLETED,[LT] Fluxo_FAKE_v3,455dc614-0301-406c-94a1-c8a6ec2597eb
YES,,Queue: C_FAKE_WHATSAPP,message,Alexia da Cunha; João Lucas Nascimento,Cardoso,08/26/25 04:58 PM,05/02/25 03:26 PM,1203062,Inbound/Outbound,,,C_FAKE_EMAIL,FAKE-WRAP-UP-DELETED,[LT] Fluxo_FAKE_v3,72bce91a-ae8f-491f-89bb-dda43080e036
YES,,Queue: C_FAKE_WHATSAPP,message,Eloah da Mata; Lara da Rocha,Noah Lopes,06/10/25 07:49 PM,04/01/25 01:18 PM,1886999,Outbound,,,C_FAKE_WHATSAPP,FAKE-WRAP-UP-COMPLETED,[LT] Fluxo_FAKE_v3,ebd92165-73cd-4e91-af5b-46f7449c230d
YES,,Queue: C_FAKE_CHAT,message,Lorena Lopes; Davi Lucca Moraes,Brenda Aragão,06/12/25 11:24 AM,02/01/25 06:48 AM,321437,Inbound,,,C_FAKE_CHAT,FAKE-WRAP-UP-TIMEOUT,[LT] Fluxo_FAKE_v2,8af0cf0c-596b-4c6f-a63c-f258e2c53f4d
YES,,Queue: C_FAKE_EMAIL,call,Danilo Cunha; Pietro Moura,Rebeca da Cruz,02/28/25 02:34 PM,08/19/25 02:46 AM,143085,Inbound,,,C_FAKE_WHATSAPP,FAKE-WRAP-UP-TIMEOUT,[LT] Fluxo_FAKE_v1,52949fbd-1243-4159-9df5-6402492ca612
YES,,Queue: C_FAKE_CHAT,email,Clara Barbosa,Nicolas Lopes,05/03/25 03:30 PM,08/14/25 08:35 PM,295961,Inbound,,,C_FAKE_CHAT,FAKE-WRAP-UP-DELETED,[LT] Fluxo_FAKE_v1,3e8e9f65-6f96-4845-bb8b-1bf766f8197e
YES,,Queue: C_FAKE_EMAIL,message,Natália da Costa; Júlia da Luz,Rebeca Gonçalves,03/11/25 08:39 PM,01/17/25 02:24 PM,1256993,Inbound,,,C_FAKE_CHAT,FAKE-WRAP-UP-TIMEOUT,[LT] Fluxo_FAKE_v1,55d145d2-1374-475f-a081-f8de6e74745d
YES,,Queue: C_FAKE_CHAT,message,Emanuella Silva,Pedro Vieira,05/12/25 09:41 PM,02/07/25 05:00 PM,1729819,Inbound,,,C_FAKE_CHAT,FAKE-WRAP-UP-TIMEOUT,[LT] Fluxo_FAKE_v2,1b625489-b94e-42be-b46b-544c31ccd55c
YES,,Queue: C_FAKE_WHATSAPP,message,Pietro Teixeira,Barbosa Ltda.,08/11/25 09:06 PM,07/27/25 01:16 PM,1107438,Inbound/Outbound,,,C_FAKE_EMAIL,FAKE-WRAP-UP-COMPLETED,[LT] Fluxo_FAKE_v1,b451c12b-3975-464c-99da-9362da06e439
YES,,Queue: C_FAKE_CHAT,call,Bernardo Cardoso,Davi Lucas Castro,03/09/25 03:30 AM,01/30/25 02:52 PM,1398470,Inbound/Outbound,,,C_FAKE_WHATSAPP,FAKE-WRAP-UP-COMPLETED,[LT] Fluxo_FAKE_v3,82e89b5e-4bcb-48bd-bfca-79d85f42cf6b
YES,,Queue: C_FAKE_WHATSAPP,email,Ana Sophia Moura,Pinto Viana - ME,07/28/25 01:52 AM,07/13/25 11:42 PM,805614,Inbound,,,C_FAKE_EMAIL,FAKE-WRAP-UP-TIMEOUT,[LT] Fluxo_FAKE_v2,e4c4e73c-4c46-4ad8-a6c6-4e18fdce9d79
YES,,Queue: C_FAKE_CHAT,email,Calebe Correia,Giovanna Ferreira,08/05/25 12:49 AM,07/28/25 03:22 PM,617351,Outbound,,,C_FAKE_SUPPORT,FAKE-WRAP-UP-COMPLETED,[LT] Fluxo_FAKE_v2,fd236d28-4f2e-4a08-a3b3-dfd00ef90bcc
YES,,Queue: C_FAKE_WHATSAPP,email,Vitor Gabriel Cunha,Agatha Barbosa,05/31/25 06:54 PM,03/10/25 11:55 PM,671675,Inbound,,,C_FAKE_SUPPORT,FAKE-WRAP-UP-TIMEOUT,[LT] Fluxo_FAKE_v2,ea628d3d-80a2-4679-ad95-e82991eca6b7
YES,,Queue: C_FAKE_CHAT,message,Laura Souza,Elisa Lopes,07/22/25 06:01 AM,05/08/25 02:35 AM,1547734,Outbound,,,C_FAKE_SUPPORT,FAKE-WRAP-UP-COMPLETED,[LT] Fluxo_FAKE_v3,63416840-f5b3-429a-bc9b-944fc6a3e5d4
YES,,Queue: C_FAKE_EMAIL,email,Juliana Gomes; Sofia Lima,Pinto e Filhos,02/20/25 05:10 AM,03/26/25 01:13 PM,1195995,Inbound,,,C_FAKE_EMAIL,FAKE-WRAP-UP-TIMEOUT,[LT] Fluxo_FAKE_v1,1c9e7844-2e27-47f7-a893-b7e04bd363b4
YES,,Queue: C_FAKE_CHAT,call,Bianca Pinto,da Luz Cardoso S.A.,03/13/25 01:53 AM,01/07/25 03:27 PM,1776046,Inbound/Outbound,,,C_FAKE_EMAIL,FAKE-WRAP-UP-TIMEOUT,[LT] Fluxo_FAKE_v3,0ba40fdb-105f-4f51-b0af-70d24e3e4f5f
YES,,Queue: C_FAKE_CHAT,email,Davi Lucca Fernandes; Clara Correia,Thomas Rodrigues,07/18/25 11:36 AM,08/09/25 05:25 PM,202281,Outbound,,,C_FAKE_WHATSAPP,FAKE-WRAP-UP-TIMEOUT,[LT] Fluxo_FAKE_v2,dda7c33a-b334-4e5b-9ca3-aa0ac5c19ddb
YES,,Queue: C_FAKE_WHATSAPP,message,Bryan Ribeiro,da Costa,06/07/25 06:32 PM,08/17/25 09:44 AM,294068,Inbound/Outbound,,,C_FAKE_EMAIL,FAKE-WRAP-UP-TIMEOUT,[LT] Fluxo_FAKE_v2,9ceb5b43-fa0d-4875-9814-697c9c025145
YES,,Queue: C_FAKE_WHATSAPP,email,Murilo Souza,Pietro da Cruz,07/19/25 11:54 AM,03/19/25 08:19 AM,567221,Inbound,,,C_FAKE_WHATSAPP,FAKE-WRAP-UP-TIMEOUT,[LT] Fluxo_FAKE_v3,051852dc-8caf-4d2a-bc40-47fa1c6386f7
YES,,Queue: C_FAKE_CHAT,email,Enzo Gabriel Pinto; Júlia Aragão,Dra. Sofia da Cunha,01/01/25 07:51 PM,01/25/25 05:29 AM,1709913,Outbound,,,C_FAKE_EMAIL,FAKE-WRAP-UP-TIMEOUT,[LT] Fluxo_FAKE_v2,325b7c88-efad-44b5-990b-bfbc0160c1c4
YES,,Queue: C_FAKE_WHATSAPP,email,Srta. Maria Cecília Mendes,Viana Novaes S.A.,02/07/25 10:09 AM,01/02/25 11:52 AM,609622,Outbound,,,C_FAKE_EMAIL,FAKE-WRAP-UP-COMPLETED,[LT] Fluxo_FAKE_v3,539e832e-0be1-4d38-a1be-3068525f38eb
YES,,Queue: C_FAKE_CHAT,message,Gabriel Farias; Eduarda Vieira,Srta. Isabella Vieira,03/04/25 08:26 PM,06/12/25 07:23 AM,1053154,Inbound/Outbound,,,C_FAKE_CHAT,FAKE-WRAP-UP-TIMEOUT,[LT] Fluxo_FAKE_v3,2bc12824-9dae-4912-8f70-ea88d7aae31f
YES,,Queue: C_FAKE_WHATSAPP,message,Stephany Caldeira; Levi Novaes,da Cruz,06/27/25 03:10 PM,06/19/25 09:11 AM,1390028,Inbound/Outbound,,,C_FAKE_EMAIL,FAKE-WRAP-UP-COMPLETED,[LT] Fluxo_FAKE_v1,3a25be44-db98-4cde-be7b-15a3eefdf1cf
YES,,Queue: C_FAKE_EMAIL,call,Matheus da Rocha; Mariana Nogueira,Vitória da Rocha,03/25/25 07:11 AM,07/07/25 07:57 PM,1577111,Inbound/Outbound,,,C_FAKE_SUPPORT,FAKE-WRAP-UP-TIMEOUT,[LT] Fluxo_FAKE_v1,15534416-bf3a-4509-a66e-cec56852833e
YES,,Queue: C_FAKE_EMAIL,call,Heloísa Correia; Maria Cecília Nunes,Novaes Ramos S/A,04/07/25 05:57 AM,06/18/25 01:40 PM,130716,Inbound/Outbound,,,C_FAKE_EMAIL,FAKE-WRAP-UP-COMPLETED,[LT] Fluxo_FAKE_v2,c6e79a7b-f712-4813-8e01-009d8d59b363
YES,,Queue: C_FAKE_CHAT,email,Alexandre Cardoso; Davi Lucas Santos,Eduardo das Neves,08/25/25 10:10 AM,03/01/25 04:02 AM,1843174,Outbound,,,C_FAKE_EMAIL,FAKE-WRAP-UP-DELETED,[LT] Fluxo_FAKE_v1,d961cea0-8a62-4b5c-ac4b-7dbd1961da1f
YES,,Queue: C_FAKE_EMAIL,message,Sabrina das Neves; Sr. Lucas Gabriel Campos,Luana Martins,01/08/25 04:24 PM,06/07/25 04:45 PM,891747,Outbound,,,C_FAKE_EMAIL,FAKE-WRAP-UP-TIMEOUT,[LT] Fluxo_FAKE_v3,7e35cb46-7b76-4a50-a549-84aef3e205de
YES,,Queue: C_FAKE_CHAT,email,Ana Luiza Barbosa,Moura,08/15/25 12:38 AM,03/06/25 09:00 PM,1894829,Inbound/Outbound,,,C_FAKE_WHATSAPP,FAKE-WRAP-UP-DELETED,[LT] Fluxo_FAKE_v1,ef30681c-e61b-4afc-a282-84df019b2b5d
YES,,Queue: C_FAKE_EMAIL,email,Manuela Castro,Emanuelly Farias,01/30/25 03:36 AM,08/30/25 05:43 AM,437044,Inbound,,,C_FAKE_WHATSAPP,FAKE-WRAP-UP-DELETED,[LT] Fluxo_FAKE_v1,71d0f4fd-9b50-4cd7-b793-231f209f9f95
YES,,Queue: C_FAKE_EMAIL,email,Ana Sophia Ramos; Olivia Correia,Dr. Nathan Teixeira,09/07/25 07:32 PM,04/06/25 09:44 PM,600010,Inbound,,,C_FAKE_EMAIL,FAKE-WRAP-UP-DELETED,[LT] Fluxo_FAKE_v1,5995e5f4-4c85-45c1-b159-f8a48a802429
YES,,Queue: C_FAKE_CHAT,email,Luna da Luz,da Costa e Filhos,06/01/25 06:25 PM,05/27/25 08:41 AM,942809,Inbound/Outbound,,,C_FAKE_CHAT,FAKE-WRAP-UP-TIMEOUT,[LT] Fluxo_FAKE_v3,d26cf96c-f40e-485f-b228-8b795e5f27a9
YES,,Queue: C_FAKE_CHAT,email,Maria Alice Nogueira; Paulo Moraes,Ana Luiza Cunha,05/06/25 04:50 PM,06/24/25 01:41 AM,902744,Inbound,,,C_FAKE_EMAIL,FAKE-WRAP-UP-COMPLETED,[LT] Fluxo_FAKE_v2,81d9cff9-9de2-48ca-8edc-3a083442853a
YES,,Queue: C_FAKE_EMAIL,email,Maria Fernanda da Cruz; Dr. Enzo Gabriel Fogaça,Alves,06/22/25 01:31 PM,04/26/25 04:16 PM,1551097,Inbound/Outbound,,,C_FAKE_CHAT,FAKE-WRAP-UP-DELETED,[LT] Fluxo_FAKE_v1,dc954d75-944f-42fc-a2f1-e7d4e2f7da51
YES,,Queue: C_FAKE_CHAT,call,Alexia Pires,Pedro Lucas Ribeiro,02/25/25 10:14 AM,08/28/25 06:02 PM,739629,Inbound/Outbound,,,C_FAKE_WHATSAPP,FAKE-WRAP-UP-DELETED,[LT] Fluxo_FAKE_v1,fd0be52c-971b-4682-ac4d-181069793532
YES,,Queue: C_FAKE_WHATSAPP,message,Bernardo Pires; Mariane Novaes,Alexia Almeida,08/03/25 08:37 PM,08/20/25 04:29 AM,1716752,Inbound,,,C_FAKE_SUPPORT,FAKE-WRAP-UP-DELETED,[LT] Fluxo_FAKE_v2,ae01d882-af9d-4df0-8e97-20a0751095ed
YES,,Queue: C_FAKE_EMAIL,message,Eloah Moraes; Mariane Gomes,Emilly Cardoso,07/17/25 04:46 PM,03/17/25 03:56 AM,1442388,Inbound/Outbound,,,C_FAKE_SUPPORT,FAKE-WRAP-UP-TIMEOUT,[LT] Fluxo_FAKE_v3,810a9f84-cd4e-4c4b-9bb7-18a5cd7f9010
YES,,Queue: C_FAKE_CHAT,call,Carlos Eduardo Oliveira,Elisa Gomes,06/27/25 11:59 PM,07/21/25 01:18 PM,581946,Inbound,,,C_FAKE_WHATSAPP,FAKE-WRAP-UP-DELETED,[LT] Fluxo_FAKE_v2,34cd510f-57e6-4df9-a142-070ef197e38d
YES,,Queue: C_FAKE_CHAT,email,Sabrina Teixeira; Ana Lívia Nascimento,Yago Teixeira,01/11/25 08:33 PM,04/14/25 12:02 AM,1126437,Outbound,,,C_FAKE_WHATSAPP,FAKE-WRAP-UP-COMPLETED,[LT] Fluxo_FAKE_v1,cad67b77-0287-4139-90e7-ceb84a3e7903
YES,,Queue: C_FAKE_CHAT,call,Bárbara Silva; Alana Martins,Costa Azevedo S.A.,06/04/25 06:01 PM,02/24/25 04:36 AM,1644309,Outbound,,,C_FAKE_CHAT,FAKE-WRAP-UP-COMPLETED,[LT] Fluxo_FAKE_v3,658ea17a-0a01-4177-b56c-1d0ff60fdbf2
YES,,Queue: C_FAKE_CHAT,message,Evelyn Vieira,Ana Carolina Aragão,07/31/25 09:50 AM,03/11/25 01:43 PM,817463,Inbound/Outbound,,,C_FAKE_EMAIL,FAKE-WRAP-UP-DELETED,[LT] Fluxo_FAKE_v2,40ae802f-d564-4056-88de-40474543646b
YES,,Queue: C_FAKE_WHATSAPP,call,Sr. Vitor das Neves,Matheus Viana,08/11/25 01:59 PM,08/04/25 06:03 PM,972288,Outbound,,,C_FAKE_SUPPORT,FAKE-WRAP-UP-COMPLETED,[LT] Fluxo_FAKE_v3,cdf392f9-aa6c-4ab9-9ffb-ad3730a0d16d
YES,,Queue: C_FAKE_CHAT,call,Isaac Rocha,Raul Viana,08/03/25 12:18 AM,04/03/25 12:38 AM,1950827,Inbound,,,C_FAKE_EMAIL,FAKE-WRAP-UP-TIMEOUT,[LT] Fluxo_FAKE_v2,7946293c-bca5-4ac2-9852-35359e6d3d62
YES,,Queue: C_FAKE_WHATSAPP,message,Vinicius Cavalcanti; Isabel Peixoto,Alves da Costa - ME,05/24/25 09:51 PM,01/05/25 10:36 PM,1164743,Inbound/Outbound,,,C_FAKE_CHAT,FAKE-WRAP-UP-COMPLETED,[LT] Fluxo_FAKE_v2,0bc1b150-367d-4aad-8029-691e0c182305
YES,,Queue: C_FAKE_CHAT,email,Isabel Nogueira,Cavalcanti,08/18/25 11:27 PM,08/20/25 03:13 PM,690296,Outbound,,,C_FAKE_CHAT,FAKE-WRAP-UP-TIMEOUT,[LT] Fluxo_FAKE_v2,046cf25d-340b-48b6-a521-f3ae5b1bab8d
YES,,Queue: C_FAKE_CHAT,call,Dr. Gustavo Castro,Emanuella da Mota,06/20/25 05:01 AM,07/30/25 05:51 AM,925217,Inbound,,,C_FAKE_SUPPORT,FAKE-WRAP-UP-TIMEOUT,[LT] Fluxo_FAKE_v2,fd9334a1-e5af-42b1-983c-575caa3b3db7
YES,,Queue: C_FAKE_WHATSAPP,email,Leandro Porto,Santos - ME,01/08/25 01:48 PM,02/15/25 10:46 PM,1294356,Inbound,,,C_FAKE_CHAT,FAKE-WRAP-UP-DELETED,[LT] Fluxo_FAKE_v1,6a1917c8-2978-4933-b8db-d04e87e3c955
YES,,Queue: C_FAKE_CHAT,call,Yasmin Azevedo,Carlos Eduardo da Rocha,06/16/25 02:42 AM,05/25/25 02:39 PM,692251,Outbound,,,C_FAKE_EMAIL,FAKE-WRAP-UP-DELETED,[LT] Fluxo_FAKE_v1,0c2fded5-1f74-409c-b01c-5226e3786121
YES,,Queue: C_FAKE_CHAT,email,Gabriel Gonçalves,Fernando Costela,08/22/25 01:56 PM,08/20/25 04:39 AM,1638252,Inbound,,,C_FAKE_CHAT,FAKE-WRAP-UP-TIMEOUT,[LT] Fluxo_FAKE_v1,7be40393-64b5-4330-8b13-78a1f02a1b37
YES,,Queue: C_FAKE_WHATSAPP,call,Raul Mendes; Maria Eduarda Nunes,Sr. Heitor Azevedo,05/27/25 05:37 PM,02/25/25 01:19 AM,634714,Inbound,,,C_FAKE_CHAT,FAKE-WRAP-UP-COMPLETED,[LT] Fluxo_FAKE_v1,1de883ef-2044-4d4c-8732-ca9bc992e0cc
YES,,Queue: C_FAKE_WHATSAPP,call,Dr. Paulo Pinto; Beatriz Lopes,Stella da Luz,03/13/25 01:12 PM,03/12/25 05:10 AM,478888,Outbound,,,C_FAKE_SUPPORT,FAKE-WRAP-UP-TIMEOUT,[LT] Fluxo_FAKE_v1,54efe054-0206-4d9d-9be6-aa291ff868e7
YES,,Queue: C_FAKE_CHAT,message,Enrico Gonçalves; Vitória Araújo,Luiz Felipe Lima,07/06/25 01:39 PM,05/31/25 11:51 PM,1227448,Inbound,,,C_FAKE_CHAT,FAKE-WRAP-UP-COMPLETED,[LT] Fluxo_FAKE_v2,af4abf31-49df-4748-8a8b-06774db70660
YES,,Queue: C_FAKE_WHATSAPP,message,Dr. Noah das Neves; Larissa Martins,Caio Dias,07/27/25 12:45 PM,03/29/25 11:14 AM,189751,Outbound,,,C_FAKE_SUPPORT,FAKE-WRAP-UP-TIMEOUT,[LT] Fluxo_FAKE_v3,d4977ff6-7d35-4603-8190-347450029c14
YES,,Queue: C_FAKE_CHAT,message,Daniel Gomes,Dr. Enrico Cavalcanti,03/06/25 01:19 PM,08/20/25 10:29 AM,124022,Inbound/Outbound,,,C_FAKE_CHAT,FAKE-WRAP-UP-COMPLETED,[LT] Fluxo_FAKE_v1,3fc76ec5-bdb3-439d-80d9-dc890e6d62f9
YES,,Queue: C_FAKE_CHAT,message,Ana da Mata,Bernardo Ribeiro,04/02/25 11:24 PM,09/06/25 02:05 PM,1672094,Inbound/Outbound,,,C_FAKE_CHAT,FAKE-WRAP-UP-COMPLETED,[LT] Fluxo_FAKE_v2,769bc641-f84c-4ee5-a220-6dd124a7dce4
YES,,Queue: C_FAKE_WHATSAPP,call,Bruna Pereira; Luiz Otávio Viana,Srta. Mariane Monteiro,08/04/25 07:21 PM,05/05/25 03:47 PM,1731329,Outbound,,,C_FAKE_SUPPORT,FAKE-WRAP-UP-DELETED,[LT] Fluxo_FAKE_v1,8ddc5f0e-523c-4ed4-acd3-cc0bb65d95c2
YES,,Queue: C_FAKE_EMAIL,call,Sr. Diego Lima; Rodrigo Monteiro,Theo Lopes,02/09/25 09:08 AM,06/07/25 04:56 PM,842092,Inbound,,,C_FAKE_WHATSAPP,FAKE-WRAP-UP-DELETED,[LT] Fluxo_FAKE_v2,53e39b1a-809a-494c-ba3d-55271d9ba450
YES,,Queue: C_FAKE_EMAIL,message,Isadora Cardoso,Campos,01/22/25 06:12 AM,05/11/25 11:38 AM,1111403,Outbound,,,C_FAKE_EMAIL,FAKE-WRAP-UP-TIMEOUT,[LT] Fluxo_FAKE_v3,da07aa8b-8772-43ba-8d5e-a574ea8e8131
YES,,Queue: C_FAKE_EMAIL,call,Ana Beatriz Moreira,Noah Carvalho,04/11/25 07:46 AM,06/24/25 01:52 AM,731796,Inbound/Outbound,,,C_FAKE_CHAT,FAKE-WRAP-UP-DELETED,[LT] Fluxo_FAKE_v2,78bbd251-44ed-4d94-8ea8-599e74406c5f
YES,,Queue: C_FAKE_WHATSAPP,call,Vitor Hugo Moreira,Moraes da Conceição Ltda.,06/20/25 05:48 AM,07/25/25 09:55 AM,1564275,Inbound/Outbound,,,C_FAKE_WHATSAPP,FAKE-WRAP-UP-TIMEOUT,[LT] Fluxo_FAKE_v1,bb74a62b-da69-4a76-be4c-2dc5bb5740e9
YES,,Queue: C_FAKE_EMAIL,message,Carlos Eduardo Rezende,Moraes - EI,04/27/25 02:48 PM,08/10/25 06:48 PM,1753201,Inbound,,,C_FAKE_WHATSAPP,FAKE-WRAP-UP-TIMEOUT,[LT] Fluxo_FAKE_v2,4a1521ff-428c-42a6-b30e-6bd9759f52c9
YES,,Queue: C_FAKE_CHAT,email,Cecília Azevedo; Sr. Luigi Silva,Alice das Neves,03/17/25 07:43 PM,02/18/25 11:19 AM,1531360,Outbound,,,C_FAKE_CHAT,FAKE-WRAP-UP-TIMEOUT,[LT] Fluxo_FAKE_v1,15490c7e-6bd9-4a4f-b7bf-fcbd87a45304
YES,,Queue: C_FAKE_WHATSAPP,call,Ryan da Paz,Pedro Silveira,08/22/25 08:33 AM,03/12/25 06:24 PM,1865679,Inbound/Outbound,,,C_FAKE_SUPPORT,FAKE-WRAP-UP-TIMEOUT,[LT] Fluxo_FAKE_v1,8352a5d6-0995-4fc3-afb3-eb376d57ffd7
YES,,Queue: C_FAKE_WHATSAPP,message,Lívia Teixeira,Matheus Campos,05/17/25 10:42 PM,03/09/25 02:37 PM,450912,Outbound,,,C_FAKE_EMAIL,FAKE-WRAP-UP-DELETED,[LT] Fluxo_FAKE_v3,3240ab15-79a7-405a-8b16-0a4d7adbf90e
YES,,Queue: C_FAKE_EMAIL,call,Gustavo Henrique Pinto,Lopes Campos Ltda.,03/12/25 12:04 PM,02/17/25 11:14 AM,868278,Outbound,,,C_FAKE_CHAT,FAKE-WRAP-UP-TIMEOUT,[LT] Fluxo_FAKE_v3,689998d6-4e44-4af9-b106-c45a71f6aee9
YES,,Queue: C_FAKE_CHAT,email,Sr. Igor das Neves,Silva,01/20/25 10:03 AM,02/09/25 10:18 AM,744240,Outbound,,,C_FAKE_SUPPORT,FAKE-WRAP-UP-DELETED,[LT] Fluxo_FAKE_v3,1b7d405e-dd0c-4405-9084-b6de830ad57d
YES,,Queue: C_FAKE_WHATSAPP,email,Dr. Rodrigo Rocha,Gonçalves Freitas - ME,07/12/25 08:18 PM,02/04/25 12:41 AM,761801,Outbound,,,C_FAKE_EMAIL,FAKE-WRAP-UP-DELETED,[LT] Fluxo_FAKE_v3,be07d0c9-7154-4572-baac-3fd3bc376bf5
YES,,Queue: C_FAKE_EMAIL,call,Bruna Novaes,Ana Clara Lima,03/29/25 04:20 AM,03/23/25 12:24 PM,1938964,Outbound,,,C_FAKE_EMAIL,FAKE-WRAP-UP-DELETED,[LT] Fluxo_FAKE_v2,9670efb3-22f5-4db1-a563-c7d9d04a3a73
YES,,Queue: C_FAKE_WHATSAPP,message,Maria Julia Fernandes,Pinto,04/12/25 05:57 PM,05/13/25 02:35 PM,431355,Inbound,,,C_FAKE_WHATSAPP,FAKE-WRAP-UP-TIMEOUT,[LT] Fluxo_FAKE_v2,933ac61c-9669-45ed-9c0e-2e5e0d7b0369
YES,,Queue: C_FAKE_WHATSAPP,message,Vitória Araújo,Srta. Ana Sophia Barros,07/26/25 05:04 PM,08/20/25 07:11 AM,1378989,Inbound/Outbound,,,C_FAKE_CHAT,FAKE-WRAP-UP-DELETED,[LT] Fluxo_FAKE_v3,3a5604b3-7acd-403a-971c-dfbf8dd9bb83
YES,,Queue: C_FAKE_WHATSAPP,email,Alexia Teixeira,Rodrigo Mendes,03/05/25 02:02 PM,02/06/25 11:19 PM,1207929,Inbound,,,C_FAKE_SUPPORT,FAKE-WRAP-UP-TIMEOUT,[LT] Fluxo_FAKE_v1,982df078-8a51-451c-95c1-8944b44b2731
YES,,Queue: C_FAKE_EMAIL,email,Mirella Silveira; Gustavo Henrique da Cunha,Nogueira,04/18/25 01:13 PM,07/19/25 08:25 PM,890787,Outbound,,,C_FAKE_CHAT,FAKE-WRAP-UP-TIMEOUT,[LT] Fluxo_FAKE_v3,9e876040-4c2b-424c-8446-a29ac6c753a3
YES,,Queue: C_FAKE_CHAT,message,Mariana Ramos; Isadora Pires,Matheus Moura,07/10/25 09:43 AM,05/08/25 02:42 PM,1617939,Outbound,,,C_FAKE_CHAT,FAKE-WRAP-UP-DELETED,[LT] Fluxo_FAKE_v3,59393a5d-922e-447f-b5c1-2af0a296884f
YES,,Queue: C_FAKE_EMAIL,email,Ana Silveira; Srta. Maria Sophia Barros,Danilo Cardoso,06/21/25 07:25 AM,08/15/25 05:28 PM,1391527,Inbound/Outbound,,,C_FAKE_EMAIL,FAKE-WRAP-UP-TIMEOUT,[LT] Fluxo_FAKE_v1,9bf4b57d-89ef-4861-bb2b-35a276777d6d
YES,,Queue: C_FAKE_WHATSAPP,email,Mirella Cardoso; Heitor Souza,Porto Cardoso - ME,01/06/25 02:06 PM,05/08/25 10:43 AM,691676,Outbound,,,C_FAKE_CHAT,FAKE-WRAP-UP-DELETED,[LT] Fluxo_FAKE_v3,4c9b9009-8774-47ad-94a2-2b24c028286b
YES,,Queue: C_FAKE_WHATSAPP,message,Isaac Castro,Emanuel Pereira,07/12/25 06:13 PM,03/04/25 02:09 AM,306823,Inbound/Outbound,,,C_FAKE_EMAIL,FAKE-WRAP-UP-DELETED,[LT] Fluxo_FAKE_v2,fb672437-6426-4700-beb2-ac4b85e810a2
YES,,Queue: C_FAKE_CHAT,email,Ana Lívia Cardoso; Thiago da Rosa,da Rocha - EI,07/15/25 06:13 AM,05/13/25 05:03 PM,1735325,Outbound,,,C_FAKE_EMAIL,FAKE-WRAP-UP-COMPLETED,[LT] Fluxo_FAKE_v2,894ff117-d952-47bc-af35-fae2c0821f39
YES,,Queue: C_FAKE_CHAT,call,Yago Cardoso; Elisa Rodrigues,Freitas Ltda.,08/12/25 08:47 PM,01/05/25 09:51 AM,1136484,Inbound,,,C_FAKE_EMAIL,FAKE-WRAP-UP-COMPLETED,[LT] Fluxo_FAKE_v1,bce642a4-05cd-4d7c-9231-6495e333b8d0
YES,,Queue: C_FAKE_WHATSAPP,call,Mirella da Cunha; Leonardo Rezende,Ana Beatriz Moura,05/03/25 01:49 PM,02/27/25 09:39 AM,835566,Inbound/Outbound,,,C_FAKE_WHATSAPP,FAKE-WRAP-UP-DELETED,[LT] Fluxo_FAKE_v3,ecb359bf-6cdb-430c-9c87-885e8f6e1e30
YES,,Queue: C_FAKE_CHAT,email,Maria Luiza da Rocha; João Lucas Carvalho,Mirella Lopes,07/15/25 11:08 PM,07/29/25 02:49 AM,1740766,Inbound/Outbound,,,C_FAKE_SUPPORT,FAKE-WRAP-UP-DELETED,[LT] Fluxo_FAKE_v1,b8cf3f6a-c129-4e67-854a-778bc0383a81
YES,,Queue: C_FAKE_EMAIL,email,Sofia Alves; Gabrielly da Mota,Renan Novaes,01/08/25 06:10 PM,02/17/25 04:48 AM,1102663,Outbound,,,C_FAKE_SUPPORT,FAKE-WRAP-UP-DELETED,[LT] Fluxo_FAKE_v2,c98a2fa2-3dba-44d7-935f-52da1f324096
YES,,Queue: C_FAKE_EMAIL,message,Ana Júlia Alves,Teixeira Costela - EI,07/04/25 04:53 AM,04/30/25 08:55 AM,1919073,Outbound,,,C_FAKE_SUPPORT,FAKE-WRAP-UP-TIMEOUT,[LT] Fluxo_FAKE_v1,50ad9cd5-ddbb-4298-a575-1dda22681c70
YES,,Queue: C_FAKE_CHAT,email,Sr. Felipe Pereira,Caldeira e Filhos,07/26/25 06:23 AM,05/08/25 10:01 AM,1294525,Outbound,,,C_FAKE_SUPPORT,FAKE-WRAP-UP-DELETED,[LT] Fluxo_FAKE_v1,19df5a16-cc2f-45ed-88f6-8352d38bca4e
YES,,Queue: C_FAKE_WHATSAPP,call,Raquel Costa; Gustavo Henrique Martins,Daniel Jesus,03/24/25 09:38 AM,06/29/25 01:11 AM,1571766,Inbound/Outbound,,,C_FAKE_WHATSAPP,FAKE-WRAP-UP-TIMEOUT,[LT] Fluxo_FAKE_v3,e7e0fe25-11d6-4820-a684-9b6434e2b1b8
YES,,Queue: C_FAKE_WHATSAPP,call,Dr. Emanuel Nascimento,Beatriz Pires,01/31/25 03:05 PM,03/26/25 06:53 AM,1314632,Inbound,,,C_FAKE_SUPPORT,FAKE-WRAP-UP-DELETED,[LT] Fluxo_FAKE_v2,b87ad896-8278-4194-9943-0636b0b169f7
YES,,Queue: C_FAKE_CHAT,message,Juliana Farias,Moraes Duarte - EI,01/24/25 10:32 AM,01/03/25 06:18 PM,1210355,Inbound,,,C_FAKE_EMAIL,FAKE-WRAP-UP-COMPLETED,[LT] Fluxo_FAKE_v2,525eacaf-8b67-4dcd-9578-126ea06ae93d
YES,,Queue: C_FAKE_CHAT,message,Ana Laura Moreira; Evelyn Porto,Elisa Carvalho,05/10/25 08:00 PM,05/30/25 08:14 PM,1835359,Inbound,,,C_FAKE_CHAT,FAKE-WRAP-UP-TIMEOUT,[LT] Fluxo_FAKE_v1,95b45992-3d49-44f8-a025-96fbd2067a87
YES,,Queue: C_FAKE_WHATSAPP,message,Maria Fernanda da Mata,Dr. Carlos Eduardo Castro,05/28/25 12:16 PM,04/23/25 04:38 PM,808074,Inbound/Outbound,,,C_FAKE_EMAIL,FAKE-WRAP-UP-DELETED,[LT] Fluxo_FAKE_v3,adc8a219-f4de-4a69-a494-446a3f005dab
YES,,Queue: C_FAKE_EMAIL,message,Amanda Cunha,Eduarda Ribeiro,07/08/25 07:19 PM,03/12/25 01:40 PM,757129,Inbound/Outbound,,,C_FAKE_CHAT,FAKE-WRAP-UP-DELETED,[LT] Fluxo_FAKE_v3,288d6c65-daf2-471c-8736-591d74f9bd90
YES,,Queue: C_FAKE_EMAIL,email,Maria Vitória Peixoto,Isis Oliveira,01/02/25 07:40 PM,05/14/25 06:04 AM,1017293,Inbound,,,C_FAKE_WHATSAPP,FAKE-WRAP-UP-DELETED,[LT] Fluxo_FAKE_v1,2d55b741-4b84-4799-bfd6-f99eea03486f
YES,,Queue: C_FAKE_EMAIL,call,Ana Júlia Nascimento; Fernando Campos,Cardoso,01/14/25 01:52 PM,02/10/25 05:12 PM,242298,Inbound,,,C_FAKE_SUPPORT,FAKE-WRAP-UP-DELETED,[LT] Fluxo_FAKE_v3,763a4e61-b252-456e-bfc9-ff309f9a8a33
YES,,Queue: C_FAKE_EMAIL,call,Sr. Isaac Teixeira,Oliveira,04/14/25 03:34 AM,01/17/25 03:25 PM,1129300,Inbound,,,C_FAKE_EMAIL,FAKE-WRAP-UP-COMPLETED,[LT] Fluxo_FAKE_v2,1fdb482d-f69d-4805-9f90-ea2cf9ae1b30
YES,,Queue: C_FAKE_WHATSAPP,call,Diogo Viana,Daniel Rodrigues,03/25/25 02:33 AM,01/04/25 05:06 AM,223319,Inbound/Outbound,,,C_FAKE_SUPPORT,FAKE-WRAP-UP-DELETED,[LT] Fluxo_FAKE_v2,6b715b34-7c92-4cab-a488-a33043995af3
YES,,Queue: C_FAKE_CHAT,message,Kevin Cunha,Ferreira e Filhos,04/11/25 03:34 PM,04/16/25 02:03 AM,263223,Inbound/Outbound,,,C_FAKE_WHATSAPP,FAKE-WRAP-UP-COMPLETED,[LT] Fluxo_FAKE_v3,c1463a0a-8763-4dcb-9db6-0efe740aa8ad
YES,,Queue: C_FAKE_WHATSAPP,call,Daniela Lopes; Anthony Oliveira,Peixoto - ME,06/06/25 04:08 AM,04/12/25 12:33 AM,1225577,Outbound,,,C_FAKE_EMAIL,FAKE-WRAP-UP-COMPLETED,[LT] Fluxo_FAKE_v3,eadd86c6-dc4d-4578-8194-73feb1f6d38e
YES,,Queue: C_FAKE_WHATSAPP,message,Maria Almeida,da Luz Santos - EI,04/19/25 01:11 AM,08/27/25 07:46 AM,1943091,Inbound/Outbound,,,C_FAKE_WHATSAPP,FAKE-WRAP-UP-DELETED,[LT] Fluxo_FAKE_v1,4505f98e-c3e8-412d-b44f-eff882577dd1
YES,,Queue: C_FAKE_EMAIL,message,Dr. Carlos Eduardo Duarte; Dr. Daniel Rodrigues,Ramos Ltda.,03/18/25 07:56 AM,01/09/25 06:16 AM,1058044,Inbound/Outbound,,,C_FAKE_SUPPORT,FAKE-WRAP-UP-COMPLETED,[LT] Fluxo_FAKE_v3,ce58e7fc-6cc0-4350-b7c4-0cb2a44d3bc0
YES,,Queue: C_FAKE_WHATSAPP,call,Maria Eduarda Costa,Nogueira Ltda.,01/14/25 03:17 PM,03/20/25 08:58 PM,1134628,Outbound,,,C_FAKE_SUPPORT,FAKE-WRAP-UP-TIMEOUT,[LT] Fluxo_FAKE_v3,9734aeb4-3550-43f7-b275-de564e18dcc7
YES,,Queue: C_FAKE_EMAIL,email,Sophie Silveira,Santos - ME,03/21/25 07:49 PM,08/01/25 11:14 PM,908534,Inbound,,,C_FAKE_SUPPORT,FAKE-WRAP-UP-DELETED,[LT] Fluxo_FAKE_v1,bf567386-a6e2-43f4-b174-bbc8784aed02
YES,,Queue: C_FAKE_CHAT,message,Sr. Thomas Dias,Nunes Gomes - ME,06/24/25 01:42 PM,01/06/25 09:47 AM,1217040,Outbound,,,C_FAKE_EMAIL,FAKE-WRAP-UP-DELETED,[LT] Fluxo_FAKE_v3,3b8846e6-1823-4790-8046-0d07d4539094
YES,,Queue: C_FAKE_WHATSAPP,email,Srta. Maria Alves,Ana Sophia Monteiro,03/16/25 10:54 PM,07/19/25 02:15 AM,1288037,Inbound,,,C_FAKE_WHATSAPP,FAKE-WRAP-UP-TIMEOUT,[LT] Fluxo_FAKE_v1,6b4c2dac-df93-4659-a30c-e666d36e7cca
YES,,Queue: C_FAKE_WHATSAPP,message,Diego Viana,João Vitor Cunha,05/16/25 09:56 AM,04/13/25 05:23 PM,1900467,Inbound/Outbound,,,C_FAKE_SUPPORT,FAKE-WRAP-UP-COMPLETED,[LT] Fluxo_FAKE_v1,0a1dee98-f84a-4bca-aab7-413dc99b3167
YES,,Queue: C_FAKE_WHATSAPP,email,Bernardo da Cunha; Bruno Azevedo,Porto,06/29/25 08:31 AM,02/22/25 12:30 AM,815720,Inbound/Outbound,,,C_FAKE_SUPPORT,FAKE-WRAP-UP-DELETED,[LT] Fluxo_FAKE_v1,478d365f-c209-4ac4-84be-71b901dfe84a
YES,,Queue: C_FAKE_CHAT,message,Anthony Caldeira,Fogaça,02/08/25 05:18 PM,08/08/25 10:25 AM,901292,Outbound,,,C_FAKE_SUPPORT,FAKE-WRAP-UP-DELETED,[LT] Fluxo_FAKE_v2,5f09058e-454e-4370-a8d8-fdf437103c3f
YES,,Queue: C_FAKE_CHAT,call,Marcos Vinicius Cardoso; Pedro Henrique Rocha,Dra. Gabriela Castro,09/04/25 08:01 AM,02/26/25 02:18 AM,140565,Inbound/Outbound,,,C_FAKE_CHAT,FAKE-WRAP-UP-TIMEOUT,[LT] Fluxo_FAKE_v1,8b42acfc-46ec-4b9c-802a-c91824ea2f78
YES,,Queue: C_FAKE_CHAT,call,Alice Ribeiro,Vinicius Nogueira,04/10/25 07:50 AM,08/12/25 01:12 AM,1799304,Inbound/Outbound,,,C_FAKE_EMAIL,FAKE-WRAP-UP-COMPLETED,[LT] Fluxo_FAKE_v1,2d6dc2cb-2eee-4ca9-b466-4ef16828e25c
YES,,Queue: C_FAKE_CHAT,email,Sr. Luiz Felipe Jesus,da Mata Gonçalves S/A,04/13/25 10:06 PM,09/08/25 06:13 PM,250933,Outbound,,,C_FAKE_CHAT,FAKE-WRAP-UP-COMPLETED,[LT] Fluxo_FAKE_v2,6b51bda0-2c21-46c5-b6c7-b748ac672695
YES,,Queue: C_FAKE_WHATSAPP,message,Calebe Teixeira,Ana Beatriz Azevedo,03/16/25 05:28 PM,04/29/25 03:16 PM,459830,Inbound/Outbound,,,C_FAKE_WHATSAPP,FAKE-WRAP-UP-COMPLETED,[LT] Fluxo_FAKE_v2,19664504-6e7e-4978-869d-7b0161f03b99
YES,,Queue: C_FAKE_EMAIL,call,Sra. Clara Barros; Alana da Costa,Porto,03/07/25 10:58 PM,01/22/25 06:48 PM,1924382,Inbound,,,C_FAKE_WHATSAPP,FAKE-WRAP-UP-DELETED,[LT] Fluxo_FAKE_v2,c76ee7c0-26c5-4162-ae12-5271ef2b03e0
YES,,Queue: C_FAKE_CHAT,call,Arthur Melo; João Vitor Peixoto,Srta. Ana Clara Moreira,03/18/25 08:23 AM,06/08/25 10:40 PM,1276414,Inbound/Outbound,,,C_FAKE_EMAIL,FAKE-WRAP-UP-DELETED,[LT] Fluxo_FAKE_v2,07fb3bdd-9559-4433-8b30-0329f55c12c6
YES,,Queue: C_FAKE_CHAT,message,Joaquim Rezende; Maria Lopes,Benício Castro,07/12/25 05:06 AM,04/05/25 12:36 PM,440907,Inbound/Outbound,,,C_FAKE_WHATSAPP,FAKE-WRAP-UP-DELETED,[LT] Fluxo_FAKE_v2,cc45e20c-f48f-454e-9562-c4f422f5b1a9
YES,,Queue: C_FAKE_CHAT,email,Alana Araújo; Clara Rezende,da Mota S/A,06/25/25 08:00 AM,03/08/25 04:02 PM,1380193,Inbound/Outbound,,,C_FAKE_EMAIL,FAKE-WRAP-UP-TIMEOUT,[LT] Fluxo_FAKE_v3,34460c61-1bf1-47e1-97f1-33972905fe7d
YES,,Queue: C_FAKE_CHAT,email,Isis Barbosa; Dra. Lorena Cardoso,Sales,02/25/25 08:31 AM,03/14/25 02:16 AM,1480255,Inbound/Outbound,,,C_FAKE_SUPPORT,FAKE-WRAP-UP-TIMEOUT,[LT] Fluxo_FAKE_v3,d2d93f36-cde4-4f3a-8663-3c731eb51009
YES,,Queue: C_FAKE_WHATSAPP,call,Ian Freitas,Sra. Vitória Correia,07/12/25 02:50 PM,02/13/25 02:12 AM,1353159,Outbound,,,C_FAKE_CHAT,FAKE-WRAP-UP-DELETED,[LT] Fluxo_FAKE_v2,cec84000-8c12-4604-aacc-8fee91c96744
YES,,Queue: C_FAKE_EMAIL,message,Lucas Almeida; Eloah Lima,Oliveira Barros S.A.,03/29/25 02:35 PM,04/28/25 02:30 AM,1275370,Inbound,,,C_FAKE_SUPPORT,FAKE-WRAP-UP-COMPLETED,[LT] Fluxo_FAKE_v3,ee409f44-c959-4659-9b59-1d884b0af1e0
YES,,Queue: C_FAKE_EMAIL,call,Diego Moreira; Bryan Novaes,Danilo Mendes,03/12/25 07:49 AM,03/25/25 08:54 AM,1470530,Outbound,,,C_FAKE_CHAT,FAKE-WRAP-UP-TIMEOUT,[LT] Fluxo_FAKE_v3,c15d3abb-4516-4b39-9674-5e86e94f82d9
YES,,Queue: C_FAKE_CHAT,message,Danilo Aragão; Emanuelly Lima,Ribeiro,03/12/25 12:28 AM,05/26/25 10:58 PM,228514,Outbound,,,C_FAKE_SUPPORT,FAKE-WRAP-UP-COMPLETED,[LT] Fluxo_FAKE_v3,aca5abd4-354f-4ca8-85c9-5f589df54a21
YES,,Queue: C_FAKE_WHATSAPP,call,Kaique Moraes; Sr. Enzo Gabriel Costela,Júlia Cardoso,06/30/25 07:52 PM,08/23/25 01:21 AM,1977845,Inbound/Outbound,,,C_FAKE_CHAT,FAKE-WRAP-UP-DELETED,[LT] Fluxo_FAKE_v1,8ea417fe-b85f-4883-8cd3-dfc4d17ececb
YES,,Queue: C_FAKE_CHAT,email,Renan Cunha; João Felipe Moraes,Correia,05/29/25 10:58 AM,01/15/25 09:22 AM,1510877,Outbound,,,C_FAKE_SUPPORT,FAKE-WRAP-UP-TIMEOUT,[LT] Fluxo_FAKE_v1,9331653d-1b36-44b4-9b13-a85f21a44c4a
YES,,Queue: C_FAKE_EMAIL,call,Ana Sophia Lopes,da Cunha - ME,07/29/25 09:45 PM,06/07/25 03:10 AM,533073,Outbound,,,C_FAKE_CHAT,FAKE-WRAP-UP-TIMEOUT,[LT] Fluxo_FAKE_v3,4918df40-b3ff-462e-81e8-1da9fe4d58c1
YES,,Queue: C_FAKE_WHATSAPP,message,Dra. Yasmin Teixeira,Fernandes,07/06/25 12:19 AM,08/04/25 10:19 PM,1917389,Inbound,,,C_FAKE_WHATSAPP,FAKE-WRAP-UP-COMPLETED,[LT] Fluxo_FAKE_v2,e88668a4-e0f9-4296-8a89-b4606d8ec757
YES,,Queue: C_FAKE_CHAT,message,Nicole Peixoto; Enrico Rezende,Caldeira,01/04/25 06:08 PM,07/14/25 06:12 AM,1252849,Inbound,,,C_FAKE_CHAT,FAKE-WRAP-UP-TIMEOUT,[LT] Fluxo_FAKE_v1,74c8a3a4-4fdc-4645-84ec-89bb86886817
YES,,Queue: C_FAKE_CHAT,call,Antônio Silva,Pires Carvalho - EI,02/12/25 12:56 PM,08/11/25 02:22 AM,1042302,Inbound,,,C_FAKE_EMAIL,FAKE-WRAP-UP-COMPLETED,[LT] Fluxo_FAKE_v1,9ea56510-4aa4-4837-bd9e-3bb20853d212
YES,,Queue: C_FAKE_EMAIL,call,Ana Cardoso,Jesus,01/17/25 10:29 PM,01/20/25 01:18 PM,1044545,Outbound,,,C_FAKE_WHATSAPP,FAKE-WRAP-UP-DELETED,[LT] Fluxo_FAKE_v1,b9e1aa73-bcaa-4722-923f-720a675684ce
YES,,Queue: C_FAKE_EMAIL,message,Stella da Paz; Maria Costela,Yuri Martins,03/31/25 12:03 PM,04/19/25 04:45 AM,554318,Inbound/Outbound,,,C_FAKE_EMAIL,FAKE-WRAP-UP-DELETED,[LT] Fluxo_FAKE_v2,6fe243b3-8286-48b4-84de-33768a533a16
YES,,Queue: C_FAKE_WHATSAPP,call,Levi Barbosa,Bruna Costa,03/28/25 11:50 PM,08/11/25 10:51 PM,101607,Inbound/Outbound,,,C_FAKE_EMAIL,FAKE-WRAP-UP-COMPLETED,[LT] Fluxo_FAKE_v2,518d38f8-6904-4328-871c-db5df728a97a
YES,,Queue: C_FAKE_CHAT,call,Leandro da Mata,Theo Alves,03/07/25 07:28 AM,01/26/25 02:24 PM,1138525,Inbound,,,C_FAKE_CHAT,FAKE-WRAP-UP-DELETED,[LT] Fluxo_FAKE_v2,be54b9d8-3305-4245-aa9f-b994ff747a8a
YES,,Queue: C_FAKE_CHAT,call,Sra. Nina da Conceição,Moraes Ltda.,01/01/25 01:53 PM,03/22/25 07:58 PM,1568084,Outbound,,,C_FAKE_EMAIL,FAKE-WRAP-UP-COMPLETED,[LT] Fluxo_FAKE_v1,0f9b0aca-0081-4704-b7c2-00e3c2e8a700
YES,,Queue: C_FAKE_EMAIL,call,Anthony Vieira; Isis Farias,Nunes,06/26/25 02:20 AM,04/03/25 10:10 PM,1358533,Inbound/Outbound,,,C_FAKE_CHAT,FAKE-WRAP-UP-COMPLETED,[LT] Fluxo_FAKE_v2,013c7d7c-9cb8-4018-9c79-8fe197ff9642
YES,,Queue: C_FAKE_WHATSAPP,message,Luiz Henrique Silveira; Stella Carvalho,Fernandes S/A,06/07/25 06:00 PM,01/02/25 12:42 AM,1360164,Outbound,,,C_FAKE_EMAIL,FAKE-WRAP-UP-COMPLETED,[LT] Fluxo_FAKE_v2,db1a8e44-f477-4614-9463-9e5705ecad50
YES,,Queue: C_FAKE_WHATSAPP,message,João Pedro da Costa,Daniel Sales,03/20/25 06:30 AM,06/27/25 09:11 AM,1958297,Inbound,,,C_FAKE_SUPPORT,FAKE-WRAP-UP-TIMEOUT,[LT] Fluxo_FAKE_v1,ac5a61d3-94fc-4275-94e8-45bcbdfe7f18
YES,,Queue: C_FAKE_EMAIL,message,Stella Ramos; Dra. Mariane Barbosa,Alana Viana,05/11/25 07:33 PM,04/27/25 02:04 PM,1527206,Inbound/Outbound,,,C_FAKE_CHAT,FAKE-WRAP-UP-COMPLETED,[LT] Fluxo_FAKE_v3,f371c77e-d7b7-48ec-bd2e-93ed8b1774d4
YES,,Queue: C_FAKE_WHATSAPP,email,Marcos Vinicius Pereira; Emanuella Nogueira,Augusto Barros,01/09/25 10:54 PM,08/20/25 05:52 PM,500337,Outbound,,,C_FAKE_EMAIL,FAKE-WRAP-UP-COMPLETED,[LT] Fluxo_FAKE_v2,96e89593-f8f1-41f4-9756-1954d0e12881
YES,,Queue: C_FAKE_EMAIL,message,Emilly das Neves,Pinto Costa S/A,04/05/25 09:12 PM,06/23/25 01:56 AM,1039947,Outbound,,,C_FAKE_WHATSAPP,FAKE-WRAP-UP-TIMEOUT,[LT] Fluxo_FAKE_v2,85fcfa18-189b-47a3-adf8-3de2151d892c
YES,,Queue: C_FAKE_WHATSAPP,message,Ian Carvalho; Maria Moura,Sra. Helena Santos,02/24/25 11:04 PM,08/11/25 03:49 PM,1410757,Inbound/Outbound,,,C_FAKE_SUPPORT,FAKE-WRAP-UP-DELETED,[LT] Fluxo_FAKE_v2,266bb932-4f1d-423b-8e0b-08abf67d8488
YES,,Queue: C_FAKE_WHATSAPP,call,Diogo Ferreira,Campos Ltda.,03/21/25 12:19 AM,05/06/25 07:21 PM,1818770,Outbound,,,C_FAKE_CHAT,FAKE-WRAP-UP-DELETED,[LT] Fluxo_FAKE_v3,69b20a83-4719-44c9-bd3a-79abc33c518f
YES,,Queue: C_FAKE_WHATSAPP,email,Alice Porto; Dr. Murilo Fernandes,Fogaça,06/07/25 01:29 AM,06/17/25 05:59 PM,889106,Inbound,,,C_FAKE_EMAIL,FAKE-WRAP-UP-TIMEOUT,[LT] Fluxo_FAKE_v1,0dbd384d-b753-4ff5-a5f5-0323710dcbb7
YES,,Queue: C_FAKE_CHAT,email,Benício Vieira,Fogaça Aragão S.A.,07/29/25 08:32 AM,02/05/25 01:47 PM,1277120,Inbound/Outbound,,,C_FAKE_SUPPORT,FAKE-WRAP-UP-TIMEOUT,[LT] Fluxo_FAKE_v3,ebafc098-26f7-42cc-81ca-7732b04fd83c
YES,,Queue: C_FAKE_WHATSAPP,email,Pietro das Neves,Lavínia Gomes,01/01/25 10:31 AM,02/27/25 11:30 PM,1565008,Outbound,,,C_FAKE_WHATSAPP,FAKE-WRAP-UP-TIMEOUT,[LT] Fluxo_FAKE_v2,24076ed2-641d-43f9-a403-cbbbf60249b5
YES,,Queue: C_FAKE_WHATSAPP,email,Luiz Miguel Monteiro,Ana Clara Sales,04/12/25 06:45 PM,05/07/25 02:59 AM,1426297,Inbound/Outbound,,,C_FAKE_SUPPORT,FAKE-WRAP-UP-TIMEOUT,[LT] Fluxo_FAKE_v1,3a36fc4e-77b2-49e6-a2cd-2c19e7a33be5
YES,,Queue: C_FAKE_WHATSAPP,message,Sr. Juan Lima; Enzo Gabriel Monteiro,Aragão,01/04/25 06:29 AM,04/25/25 10:25 AM,428784,Inbound/Outbound,,,C_FAKE_CHAT,FAKE-WRAP-UP-TIMEOUT,[LT] Fluxo_FAKE_v1,183e5726-9ea8-4284-a8d3-0ca31652142c
YES,,Queue: C_FAKE_EMAIL,email,Beatriz Vieira; Sra. Ana Lívia Vieira,Peixoto S/A,09/02/25 12:34 AM,03/10/25 02:51 PM,147728,Inbound/Outbound,,,C_FAKE_CHAT,FAKE-WRAP-UP-COMPLETED,[LT] Fluxo_FAKE_v2,53ce202b-f97c-4b6a-a1ad-0addc94b12db
YES,,Queue: C_FAKE_CHAT,email,Sr. Gustavo Henrique Novaes,Azevedo S/A,06/30/25 10:50 AM,08/22/25 03:27 PM,157353,Inbound,,,C_FAKE_EMAIL,FAKE-WRAP-UP-COMPLETED,[LT] Fluxo_FAKE_v2,43b66a27-0e2d-49ba-b814-87da2c42b7f3
YES,,Queue: C_FAKE_CHAT,call,Júlia Araújo,Cardoso S.A.,08/07/25 02:05 AM,04/05/25 02:25 AM,1802949,Outbound,,,C_FAKE_CHAT,FAKE-WRAP-UP-TIMEOUT,[LT] Fluxo_FAKE_v2,162fbcea-7551-4b4f-a4b0-e62f85ba2504
YES,,Queue: C_FAKE_EMAIL,message,Bryan da Luz; Cauê Pereira,João Felipe Carvalho,02/18/25 01:57 PM,01/12/25 09:42 AM,1412784,Inbound/Outbound,,,C_FAKE_SUPPORT,FAKE-WRAP-UP-TIMEOUT,[LT] Fluxo_FAKE_v1,f24e1445-43b5-4ebb-a789-ff69a7a52a11
YES,,Queue: C_FAKE_WHATSAPP,call,Raquel Moura,Sales e Filhos,06/16/25 06:08 PM,06/19/25 12:36 AM,688248,Inbound/Outbound,,,C_FAKE_SUPPORT,FAKE-WRAP-UP-TIMEOUT,[LT] Fluxo_FAKE_v2,f4aa15ac-3971-43ef-9339-e78dc05db901
YES,,Queue: C_FAKE_WHATSAPP,message,Sra. Gabriela Nascimento,Lima e Filhos,03/11/25 12:19 AM,02/26/25 01:13 AM,1497581,Outbound,,,C_FAKE_EMAIL,FAKE-WRAP-UP-TIMEOUT,[LT] Fluxo_FAKE_v1,fcd1c3b7-6b41-4683-b097-2046fa7cf893
YES,,Queue: C_FAKE_EMAIL,call,Pedro Miguel Jesus,Alice Cavalcanti,08/30/25 01:49 PM,02/04/25 05:16 AM,674989,Inbound,,,C_FAKE_WHATSAPP,FAKE-WRAP-UP-TIMEOUT,[LT] Fluxo_FAKE_v3,5daef60b-01c0-4038-bc91-accc5538b109
YES,,Queue: C_FAKE_EMAIL,message,Rebeca da Rocha,Rodrigues,02/27/25 07:51 PM,04/11/25 06:27 PM,1478162,Inbound/Outbound,,,C_FAKE_WHATSAPP,FAKE-WRAP-UP-DELETED,[LT] Fluxo_FAKE_v1,f60ad0a3-8eee-4e95-9987-67113c20fe71
YES,,Queue: C_FAKE_WHATSAPP,email,Ana Júlia Rodrigues,Teixeira,03/07/25 03:54 PM,03/05/25 08:57 AM,639871,Inbound,,,C_FAKE_SUPPORT,FAKE-WRAP-UP-COMPLETED,[LT] Fluxo_FAKE_v2,19ffa018-c1c1-4a4f-915e-a371f0b10781
YES,,Queue: C_FAKE_EMAIL,call,Dra. Ana Ramos; Carolina Novaes,Almeida,07/17/25 07:50 PM,06/02/25 05:33 AM,1005643,Inbound,,,C_FAKE_SUPPORT,FAKE-WRAP-UP-TIMEOUT,[LT] Fluxo_FAKE_v1,cf2a5746-b41e-4125-ab16-1276d8e8ea7d
YES,,Queue: C_FAKE_CHAT,call,Isabel Nunes,Cauê Freitas,01/30/25 05:51 PM,08/30/25 07:52 AM,911100,Inbound,,,C_FAKE_WHATSAPP,FAKE-WRAP-UP-COMPLETED,[LT] Fluxo_FAKE_v2,ff6f26ca-e245-4327-b122-4f95e11b2f5a
YES,,Queue: C_FAKE_CHAT,call,Maria Cecília Pires,Emanuelly Gonçalves,07/03/25 07:31 PM,07/01/25 09:30 AM,986357,Outbound,,,C_FAKE_EMAIL,FAKE-WRAP-UP-TIMEOUT,[LT] Fluxo_FAKE_v1,28de68ab-a992-4ca9-949c-eebdd472511a
YES,,Queue: C_FAKE_CHAT,email,Ana Carolina da Rocha,Sr. Arthur Oliveira,02/12/25 06:35 AM,07/18/25 03:58 AM,472384,Inbound/Outbound,,,C_FAKE_SUPPORT,FAKE-WRAP-UP-TIMEOUT,[LT] Fluxo_FAKE_v3,7bbe4efe-90cc-41e5-8027-39e54da598e4
YES,,Queue: C_FAKE_CHAT,email,Danilo Costela; Ian Fogaça,Lima Barros Ltda.,06/12/25 07:56 PM,05/27/25 10:58 PM,339139,Outbound,,,C_FAKE_SUPPORT,FAKE-WRAP-UP-DELETED,[LT] Fluxo_FAKE_v2,1c474b1c-f28d-4cb1-a701-16e48c3500bd
YES,,Queue: C_FAKE_EMAIL,message,Bryan Mendes; Larissa Fernandes,Sarah Moraes,03/05/25 01:06 PM,05/19/25 02:42 PM,968450,Inbound,,,C_FAKE_CHAT,FAKE-WRAP-UP-COMPLETED,[LT] Fluxo_FAKE_v2,2c0c9e4b-c920-4ae9-9328-317841bc3273
YES,,Queue: C_FAKE_WHATSAPP,message,João Freitas; Pedro Carvalho,Caio Sales,03/17/25 10:47 PM,08/01/25 07:37 AM,403682,Outbound,,,C_FAKE_CHAT,FAKE-WRAP-UP-TIMEOUT,[LT] Fluxo_FAKE_v3,2591855b-87fc-4d1a-948f-0e3c8ce90fdf
YES,,Queue: C_FAKE_EMAIL,email,Elisa Almeida,Dias,04/30/25 02:51 AM,03/29/25 12:23 PM,780388,Inbound/Outbound,,,C_FAKE_SUPPORT,FAKE-WRAP-UP-COMPLETED,[LT] Fluxo_FAKE_v3,c9f8f4d6-9635-4c67-ad5a-e575565d6ed0
YES,,Queue: C_FAKE_CHAT,email,Luiz Fernando Santos; Thiago Campos,Peixoto,07/28/25 11:42 AM,01/10/25 12:13 AM,378369,Inbound/Outbound,,,C_FAKE_SUPPORT,FAKE-WRAP-UP-TIMEOUT,[LT] Fluxo_FAKE_v1,4279c1cc-67b8-4414-a7b8-0731fe39fe8d
YES,,Queue: C_FAKE_WHATSAPP,call,João Felipe Castro; Augusto da Mata,da Cruz Ltda.,05/01/25 06:44 PM,03/18/25 03:32 AM,1833126,Outbound,,,C_FAKE_EMAIL,FAKE-WRAP-UP-COMPLETED,[LT] Fluxo_FAKE_v2,150f1ad2-476a-4f1d-bfef-bd38a8112386
YES,,Queue: C_FAKE_WHATSAPP,email,Srta. Elisa Araújo,Thales Nunes,01/20/25 06:57 PM,05/01/25 06:18 PM,900444,Outbound,,,C_FAKE_WHATSAPP,FAKE-WRAP-UP-DELETED,[LT] Fluxo_FAKE_v3,8723f7f4-f378-49ee-be75-17679c7e3507
YES,,Queue: C_FAKE_EMAIL,message,Agatha Duarte; Bianca Castro,Barros,01/23/25 04:49 PM,03/20/25 04:42 PM,902305,Outbound,,,C_FAKE_SUPPORT,FAKE-WRAP-UP-DELETED,[LT] Fluxo_FAKE_v2,b2e8f8bf-ffdf-4588-8ffe-d18429c491dd
YES,,Queue: C_FAKE_CHAT,email,Calebe Porto; Maria Sophia Barros,Carvalho Ltda.,01/13/25 02:18 PM,01/06/25 03:05 AM,1088892,Inbound/Outbound,,,C_FAKE_WHATSAPP,FAKE-WRAP-UP-DELETED,[LT] Fluxo_FAKE_v2,efd1422e-eb42-4215-8c3d-8a3535b92983
YES,,Queue: C_FAKE_EMAIL,message,Ana Sophia Duarte,Sales e Filhos,02/08/25 09:49 AM,08/18/25 12:20 AM,1263264,Inbound/Outbound,,,C_FAKE_SUPPORT,FAKE-WRAP-UP-DELETED,[LT] Fluxo_FAKE_v2,a6f8a5ac-c30d-4fb5-b775-6059d298404d
YES,,Queue: C_FAKE_CHAT,email,Kamilly Barbosa,Nogueira S.A.,05/18/25 06:46 PM,08/28/25 01:21 PM,1767095,Inbound,,,C_FAKE_CHAT,FAKE-WRAP-UP-DELETED,[LT] Fluxo_FAKE_v1,0d09a714-fd99-4da8-8052-4da3fa4f169a
YES,,Queue: C_FAKE_WHATSAPP,email,Dra. Emanuella Castro,Melissa Gomes,09/05/25 01:11 AM,07/01/25 05:34 AM,1838656,Inbound/Outbound,,,C_FAKE_SUPPORT,FAKE-WRAP-UP-TIMEOUT,[LT] Fluxo_FAKE_v1,de09b668-5422-4954-861d-3a8fd24c39a6
YES,,Queue: C_FAKE_WHATSAPP,call,Sr. Pedro Lucas Costa,da Rocha - ME,05/13/25 07:47 AM,03/28/25 06:46 PM,1124146,Outbound,,,C_FAKE_WHATSAPP,FAKE-WRAP-UP-COMPLETED,[LT] Fluxo_FAKE_v2,b4c77a96-2a67-4030-87b5-3b85567351cb
YES,,Queue: C_FAKE_CHAT,email,Anthony Ribeiro; Matheus Souza,Laura Silveira,01/02/25 08:16 AM,07/03/25 04:19 AM,1553989,Outbound,,,C_FAKE_WHATSAPP,FAKE-WRAP-UP-COMPLETED,[LT] Fluxo_FAKE_v2,99474e78-77cd-4b25-8786-140f2339df60
YES,,Queue: C_FAKE_CHAT,message,Theo Dias; Ana Sophia Peixoto,Pereira S/A,08/03/25 01:54 PM,07/18/25 08:03 PM,1854238,Inbound,,,C_FAKE_SUPPORT,FAKE-WRAP-UP-DELETED,[LT] Fluxo_FAKE_v2,7850b7b1-9d95-45c5-8779-78481c6ef704
YES,,Queue: C_FAKE_WHATSAPP,message,Cauê da Paz,Maria Vitória Nogueira,04/08/25 02:25 PM,07/06/25 08:22 PM,394887,Inbound/Outbound,,,C_FAKE_WHATSAPP,FAKE-WRAP-UP-TIMEOUT,[LT] Fluxo_FAKE_v1,8914d039-1ee0-46ff-865f-72e47d8b8291
YES,,Queue: C_FAKE_CHAT,message,Luigi Mendes; Augusto Porto,Maria Eduarda Cavalcanti,01/03/25 05:00 PM,03/12/25 04:55 PM,672239,Inbound,,,C_FAKE_CHAT,FAKE-WRAP-UP-COMPLETED,[LT] Fluxo_FAKE_v2,03d21514-8c0a-468b-896b-75fecc5b59b5
YES,,Queue: C_FAKE_CHAT,call,Rebeca Vieira,Moraes,06/30/25 06:58 PM,07/14/25 09:00 AM,424078,Inbound/Outbound,,,C_FAKE_EMAIL,FAKE-WRAP-UP-COMPLETED,[LT] Fluxo_FAKE_v1,a6bdaf11-2b72-495b-83c5-607e080eee5e
YES,,Queue: C_FAKE_CHAT,call,Raul Gonçalves; Vitor Cunha,João Vitor da Mata,03/05/25 12:27 AM,02/17/25 04:51 AM,370896,Inbound,,,C_FAKE_WHATSAPP,FAKE-WRAP-UP-TIMEOUT,[LT] Fluxo_FAKE_v2,ca125168-09bd-4d25-95c7-d0c264051dd8
YES,,Queue: C_FAKE_CHAT,email,Maria Nascimento,Ramos,04/11/25 07:28 PM,06/04/25 05:27 PM,869483,Inbound,,,C_FAKE_CHAT,FAKE-WRAP-UP-TIMEOUT,[LT] Fluxo_FAKE_v3,63912604-0519-4e36-b8df-7714aa97ff51
YES,,Queue: C_FAKE_WHATSAPP,message,Nina Moraes,Leandro Costa,04/06/25 12:01 PM,08/13/25 11:56 AM,591567,Inbound,,,C_FAKE_WHATSAPP,FAKE-WRAP-UP-DELETED,[LT] Fluxo_FAKE_v3,ee77f590-ea15-41f6-bb87-ebc5d9863b5f
YES,,Queue: C_FAKE_WHATSAPP,email,Sr. Bryan Martins; Vicente Correia,Jesus,02/26/25 09:17 AM,05/31/25 08:06 PM,1533038,Inbound/Outbound,,,C_FAKE_CHAT,FAKE-WRAP-UP-COMPLETED,[LT] Fluxo_FAKE_v1,ed809b95-7af7-4d84-8121-221d129c717f
YES,,Queue: C_FAKE_CHAT,email,Enrico da Paz,Barbosa,07/22/25 11:44 PM,04/11/25 04:59 AM,712363,Inbound/Outbound,,,C_FAKE_CHAT,FAKE-WRAP-UP-COMPLETED,[LT] Fluxo_FAKE_v3,4835b194-2813-4df9-8822-11cbe48dc1a8
YES,,Queue: C_FAKE_EMAIL,message,Samuel Correia,Maria Alice das Neves,08/13/25 10:18 AM,02/23/25 04:29 AM,634561,Inbound,,,C_FAKE_WHATSAPP,FAKE-WRAP-UP-COMPLETED,[LT] Fluxo_FAKE_v1,4af73ae2-daf3-4837-8ab5-535249def69d
YES,,Queue: C_FAKE_WHATSAPP,message,Ana Clara das Neves,André Jesus,02/11/25 02:35 PM,06/15/25 02:05 AM,348792,Inbound,,,C_FAKE_SUPPORT,FAKE-WRAP-UP-DELETED,[LT] Fluxo_FAKE_v2,13189bf2-cf3a-4554-8f32-cd1499c69fcf
YES,,Queue: C_FAKE_WHATSAPP,call,Ian Dias,da Conceição S/A,05/24/25 12:48 AM,01/28/25 04:16 PM,238966,Outbound,,,C_FAKE_EMAIL,FAKE-WRAP-UP-DELETED,[LT] Fluxo_FAKE_v3,5d5ed747-b83d-4101-b9ec-e8546086ce8d
YES,,Queue: C_FAKE_EMAIL,message,Dra. Joana Gonçalves; Raquel Farias,Raul Melo,04/01/25 08:39 AM,05/01/25 08:05 AM,725070,Inbound/Outbound,,,C_FAKE_CHAT,FAKE-WRAP-UP-COMPLETED,[LT] Fluxo_FAKE_v2,00cdcce8-17ed-4eb8-9739-1cff8cc99052
YES,,Queue: C_FAKE_EMAIL,message,Sr. Cauã Freitas; Kamilly Ferreira,Luigi Santos,08/16/25 06:31 AM,06/14/25 08:29 PM,1245219,Inbound/Outbound,,,C_FAKE_WHATSAPP,FAKE-WRAP-UP-TIMEOUT,[LT] Fluxo_FAKE_v3,51ef467b-1f4d-4543-b58b-42ebdb038997
YES,,Queue: C_FAKE_WHATSAPP,call,Elisa Vieira; Dr. Vinicius Correia,Viana Cardoso - ME,07/11/25 08:06 AM,05/08/25 11:18 PM,1216939,Inbound,,,C_FAKE_CHAT,FAKE-WRAP-UP-COMPLETED,[LT] Fluxo_FAKE_v2,3bf5337a-224c-4ee6-9936-059ccea35945
YES,,Queue: C_FAKE_CHAT,call,Isadora Sales; Ana Luiza Mendes,Ferreira,03/02/25 02:30 AM,05/27/25 04:07 AM,910161,Inbound/Outbound,,,C_FAKE_SUPPORT,FAKE-WRAP-UP-COMPLETED,[LT] Fluxo_FAKE_v1,0bad6367-a3b5-4c49-b05a-fb4adaa51cfb
YES,,Queue: C_FAKE_CHAT,call,Maria Vitória Rezende; Enzo Nogueira,da Costa Ltda.,04/24/25 04:20 PM,06/18/25 11:43 PM,1551612,Inbound/Outbound,,,C_FAKE_CHAT,FAKE-WRAP-UP-TIMEOUT,[LT] Fluxo_FAKE_v3,fda37293-d7b3-4cb4-bcf7-1f08c22515fe
YES,,Queue: C_FAKE_CHAT,call,Dr. Kevin Rezende,Bianca Azevedo,05/20/25 01:45 AM,01/26/25 02:39 AM,873317,Outbound,,,C_FAKE_EMAIL,FAKE-WRAP-UP-TIMEOUT,[LT] Fluxo_FAKE_v3,75eff2a9-06fe-4650-9a0c-00487108f569
YES,,Queue: C_FAKE_CHAT,email,Benício Santos,Ana Vitória Moreira,05/30/25 05:41 AM,04/13/25 08:41 AM,1294044,Inbound,,,C_FAKE_CHAT,FAKE-WRAP-UP-COMPLETED,[LT] Fluxo_FAKE_v1,88143a11-7b0e-4102-a6ff-ab6dc133ef02
YES,,Queue: C_FAKE_CHAT,call,Sophia Dias; Natália Caldeira,Caio Rodrigues,05/04/25 12:26 PM,04/30/25 04:28 AM,758554,Inbound/Outbound,,,C_FAKE_EMAIL,FAKE-WRAP-UP-DELETED,[LT] Fluxo_FAKE_v3,0415052c-87b3-4442-ba6f-f66bfa8c178b
YES,,Queue: C_FAKE_EMAIL,email,Leonardo Gonçalves; Heitor Santos,Dr. Raul da Mata,05/29/25 08:49 PM,01/20/25 08:16 AM,493345,Inbound/Outbound,,,C_FAKE_SUPPORT,FAKE-WRAP-UP-COMPLETED,[LT] Fluxo_FAKE_v3,5513a16e-2c39-43ba-9008-07082978ad8f
YES,,Queue: C_FAKE_EMAIL,email,Vitor Novaes; Marcela Nunes,Levi da Mata,08/04/25 12:58 PM,07/20/25 11:16 AM,1911652,Outbound,,,C_FAKE_CHAT,FAKE-WRAP-UP-COMPLETED,[LT] Fluxo_FAKE_v2,0bb28d6b-ff3d-482f-8cdd-aaf2d57ad461
YES,,Queue: C_FAKE_EMAIL,call,Kamilly Pereira; Daniel Alves,Milena Nascimento,03/22/25 08:12 AM,02/25/25 08:28 PM,1397816,Inbound,,,C_FAKE_WHATSAPP,FAKE-WRAP-UP-COMPLETED,[LT] Fluxo_FAKE_v3,dc131f79-114e-46d5-b212-8a487a6d9868
YES,,Queue: C_FAKE_CHAT,email,Srta. Heloísa da Rocha; Dra. Juliana Ribeiro,Olivia Cunha,05/20/25 02:03 AM,08/23/25 11:17 AM,1321743,Inbound,,,C_FAKE_CHAT,FAKE-WRAP-UP-COMPLETED,[LT] Fluxo_FAKE_v2,876d732a-e4a3-482f-b7c7-83d12018ed3f
YES,,Queue: C_FAKE_CHAT,call,Rebeca Santos,Maria Barros,06/07/25 08:16 PM,01/12/25 05:34 PM,208197,Inbound,,,C_FAKE_EMAIL,FAKE-WRAP-UP-DELETED,[LT] Fluxo_FAKE_v2,eb244b05-845a-4de2-8364-1b12cc1de42d
YES,,Queue: C_FAKE_CHAT,call,Julia Dias,Benício Melo,05/24/25 09:27 PM,04/02/25 09:18 AM,1072980,Inbound/Outbound,,,C_FAKE_CHAT,FAKE-WRAP-UP-DELETED,[LT] Fluxo_FAKE_v2,c9c7eb4c-58cb-4de8-818a-f2d2427c3d5f
YES,,Queue: C_FAKE_CHAT,message,Rodrigo Souza; Stella da Conceição,da Paz,08/13/25 08:39 AM,06/12/25 09:09 AM,165206,Inbound/Outbound,,,C_FAKE_SUPPORT,FAKE-WRAP-UP-TIMEOUT,[LT] Fluxo_FAKE_v2,e7a1550c-f4fd-4fd5-9574-70f1be010fe7
YES,,Queue: C_FAKE_WHATSAPP,email,Dr. Kevin Fernandes; Ian da Mota,Oliveira,06/24/25 08:27 PM,01/23/25 10:29 AM,1008420,Inbound/Outbound,,,C_FAKE_WHATSAPP,FAKE-WRAP-UP-COMPLETED,[LT] Fluxo_FAKE_v3,986abdfa-800c-4efb-b943-bf07bc9b5872
YES,,Queue: C_FAKE_CHAT,call,Luna Mendes,Fernandes,03/03/25 03:59 PM,06/19/25 10:55 AM,324310,Inbound,,,C_FAKE_SUPPORT,FAKE-WRAP-UP-TIMEOUT,[LT] Fluxo_FAKE_v1,b457bba6-9631-4e62-93b4-98dbd9bce219
YES,,Queue: C_FAKE_WHATSAPP,call,Erick Souza,Danilo da Mata,07/05/25 04:37 AM,03/23/25 01:52 PM,176620,Inbound,,,C_FAKE_WHATSAPP,FAKE-WRAP-UP-TIMEOUT,[LT] Fluxo_FAKE_v3,d658db7d-bfe4-4ba0-a706-62f2dc3d7f96
YES,,Queue: C_FAKE_WHATSAPP,email,Lorenzo da Rocha; Benício da Luz,Pedro da Conceição,07/07/25 05:55 AM,02/10/25 02:42 AM,402262,Inbound/Outbound,,,C_FAKE_WHATSAPP,FAKE-WRAP-UP-COMPLETED,[LT] Fluxo_FAKE_v2,d5fea180-1333-400e-82f6-b14d1b3e2271
YES,,Queue: C_FAKE_EMAIL,call,Isadora Rodrigues; Maria Costa,Ana Lívia Pereira,03/05/25 08:08 PM,01/23/25 05:12 AM,536060,Inbound,,,C_FAKE_WHATSAPP,FAKE-WRAP-UP-TIMEOUT,[LT] Fluxo_FAKE_v3,9de5d2eb-2859-4e80-8b66-2fe0c7893c91
YES,,Queue: C_FAKE_CHAT,message,Isadora Correia,Gabriel Vieira,06/06/25 10:56 PM,08/13/25 03:11 AM,1476956,Inbound/Outbound,,,C_FAKE_EMAIL,FAKE-WRAP-UP-COMPLETED,[LT] Fluxo_FAKE_v2,5ff2b09f-084a-4ec4-bb91-80f58daf7c97
YES,,Queue: C_FAKE_CHAT,message,Calebe Pereira,da Rocha - EI,03/11/25 01:59 PM,03/14/25 04:38 PM,1731770,Outbound,,,C_FAKE_CHAT,FAKE-WRAP-UP-COMPLETED,[LT] Fluxo_FAKE_v2,bf335ada-2e20-466f-a603-5c26079313db
YES,,Queue: C_FAKE_WHATSAPP,email,Maria Fernanda Vieira,Castro Ltda.,03/13/25 02:35 PM,06/04/25 09:09 AM,555618,Outbound,,,C_FAKE_SUPPORT,FAKE-WRAP-UP-COMPLETED,[LT] Fluxo_FAKE_v2,13d29821-d42d-447a-bed6-2e8c44c56f6a
YES,,Queue: C_FAKE_EMAIL,message,Kevin Viana,Cardoso - ME,06/30/25 09:56 AM,01/08/25 12:08 PM,1416557,Outbound,,,C_FAKE_WHATSAPP,FAKE-WRAP-UP-DELETED,[LT] Fluxo_FAKE_v1,ff6f4f21-ce64-489a-b74e-3e12ebed65d4
YES,,Queue: C_FAKE_CHAT,email,João da Mota,Stephany Barbosa,05/13/25 11:42 PM,01/05/25 04:28 AM,1121740,Inbound,,,C_FAKE_CHAT,FAKE-WRAP-UP-DELETED,[LT] Fluxo_FAKE_v2,9553507b-4a8c-4e28-886c-030ff0fd1ea9
YES,,Queue: C_FAKE_WHATSAPP,email,Emanuel da Mata,Laís da Mata,04/09/25 01:38 PM,04/19/25 02:38 PM,1157755,Outbound,,,C_FAKE_CHAT,FAKE-WRAP-UP-DELETED,[LT] Fluxo_FAKE_v1,da51db69-394f-4cb9-93db-c3a56071b669
YES,,Queue: C_FAKE_EMAIL,email,Leonardo da Cruz; Emilly Pires,Duarte,08/04/25 02:54 PM,01/03/25 01:40 AM,1355324,Inbound/Outbound,,,C_FAKE_EMAIL,FAKE-WRAP-UP-DELETED,[LT] Fluxo_FAKE_v1,9015144f-f539-4cd5-b8e8-279f8a38ef1d
YES,,Queue: C_FAKE_CHAT,call,Vicente Novaes; Dr. Benício da Cruz,Dr. Calebe das Neves,08/23/25 08:19 PM,03/29/25 07:54 AM,989912,Inbound/Outbound,,,C_FAKE_SUPPORT,FAKE-WRAP-UP-COMPLETED,[LT] Fluxo_FAKE_v3,2872edca-b362-43ce-b646-c493209186d6
YES,,Queue: C_FAKE_WHATSAPP,email,Carolina Viana; Davi Lucca Costa,das Neves,05/16/25 04:10 AM,01/19/25 01:08 PM,1172643,Outbound,,,C_FAKE_WHATSAPP,FAKE-WRAP-UP-DELETED,[LT] Fluxo_FAKE_v1,902ead79-c5bc-4663-b995-ae6a4c683609
YES,,Queue: C_FAKE_WHATSAPP,message,Ana Carolina Costela; Raquel Peixoto,Novaes,09/08/25 08:03 PM,05/09/25 02:20 PM,1326163,Inbound/Outbound,,,C_FAKE_CHAT,FAKE-WRAP-UP-DELETED,[LT] Fluxo_FAKE_v2,dcee656d-7420-431e-abf0-f535d2f5c7bc
YES,,Queue: C_FAKE_EMAIL,message,Marcos Vinicius Jesus; Sr. Nicolas Rodrigues,Moura,01/10/25 02:03 AM,06/25/25 06:56 PM,1461308,Outbound,,,C_FAKE_WHATSAPP,FAKE-WRAP-UP-TIMEOUT,[LT] Fluxo_FAKE_v3,dbf21273-8173-4b33-8025-6416b908803c
YES,,Queue: C_FAKE_WHATSAPP,call,Larissa Jesus; Kaique Sales,Oliveira,01/09/25 10:15 AM,03/07/25 09:13 PM,1449815,Inbound/Outbound,,,C_FAKE_SUPPORT,FAKE-WRAP-UP-COMPLETED,[LT] Fluxo_FAKE_v2,aa447966-029e-4783-8baf-15160b6a9167
YES,,Queue: C_FAKE_CHAT,message,Srta. Maria Fernanda da Cunha; Amanda da Cunha,Cardoso Moura Ltda.,04/03/25 12:09 PM,08/29/25 03:59 PM,1841768,Inbound,,,C_FAKE_EMAIL,FAKE-WRAP-UP-DELETED,[LT] Fluxo_FAKE_v2,8ace87b7-4250-4956-878c-d79d0856cc4b
YES,,Queue: C_FAKE_CHAT,message,Alícia das Neves; Davi Lucca Monteiro,Farias da Rocha S.A.,01/03/25 01:08 PM,03/07/25 03:45 AM,267659,Inbound,,,C_FAKE_EMAIL,FAKE-WRAP-UP-COMPLETED,[LT] Fluxo_FAKE_v3,0a6dbd8b-1136-4b34-9b86-7d343ea34052
YES,,Queue: C_FAKE_WHATSAPP,message,João Lucas Melo; Sr. Carlos Eduardo das Neves,Dr. Isaac Azevedo,03/29/25 06:48 PM,06/07/25 05:11 AM,1497928,Inbound,,,C_FAKE_EMAIL,FAKE-WRAP-UP-COMPLETED,[LT] Fluxo_FAKE_v2,8dec1c17-d02b-4680-8119-635294b58d54
YES,,Queue: C_FAKE_WHATSAPP,call,Esther da Rocha,Caroline Farias,03/16/25 08:32 PM,03/04/25 11:49 PM,498231,Outbound,,,C_FAKE_EMAIL,FAKE-WRAP-UP-TIMEOUT,[LT] Fluxo_FAKE_v2,64e4abc2-3f0c-48c9-998c-9dc34b672fac
YES,,Queue: C_FAKE_WHATSAPP,email,Nicolas Pereira; Alexandre Teixeira,João Felipe Teixeira,09/08/25 12:51 PM,03/31/25 12:20 PM,628222,Outbound,,,C_FAKE_CHAT,FAKE-WRAP-UP-DELETED,[LT] Fluxo_FAKE_v1,f746682a-d4e7-4adb-a056-dff51f58ceca
YES,,Queue: C_FAKE_WHATSAPP,email,Vitor Gabriel Fogaça; Davi Lucca Caldeira,Stephany Melo,08/21/25 09:54 AM,06/02/25 01:21 PM,593938,Inbound/Outbound,,,C_FAKE_EMAIL,FAKE-WRAP-UP-DELETED,[LT] Fluxo_FAKE_v1,9c9a3db3-dfe3-4af0-a85d-4aae50247f99
YES,,Queue: C_FAKE_CHAT,message,Mariana Cunha; Cauã da Conceição,Luiz Felipe Nunes,03/18/25 10:18 PM,01/30/25 05:25 AM,723536,Inbound,,,C_FAKE_EMAIL,FAKE-WRAP-UP-TIMEOUT,[LT] Fluxo_FAKE_v3,96870bf1-4f19-4810-b5b4-849c7b2ad1ba
YES,,Queue: C_FAKE_WHATSAPP,call,Dr. Davi Lucca Campos; João Pedro da Mata,Carvalho,08/08/25 10:49 PM,03/20/25 09:29 PM,634968,Inbound,,,C_FAKE_SUPPORT,FAKE-WRAP-UP-COMPLETED,[LT] Fluxo_FAKE_v2,9f442e7b-5786-4db0-b2b9-1684e6d4f65e
YES,,Queue: C_FAKE_CHAT,call,Nicolas Costela; João Vitor Porto,Dias S/A,07/07/25 01:00 AM,05/25/25 02:48 PM,1602612,Inbound,,,C_FAKE_EMAIL,FAKE-WRAP-UP-COMPLETED,[LT] Fluxo_FAKE_v1,20cbbd96-6699-4ac3-b8f8-d92a3b6c28c5
YES,,Queue: C_FAKE_CHAT,email,Emilly Ribeiro,da Costa,07/17/25 01:23 PM,09/02/25 11:52 AM,126245,Inbound/Outbound,,,C_FAKE_WHATSAPP,FAKE-WRAP-UP-COMPLETED,[LT] Fluxo_FAKE_v3,621285e3-407a-492f-a60d-63f3eaf590ed
YES,,Queue: C_FAKE_EMAIL,email,Danilo Araújo; Lara Costa,Stella Dias,01/11/25 06:31 AM,01/02/25 06:01 PM,878539,Inbound/Outbound,,,C_FAKE_EMAIL,FAKE-WRAP-UP-COMPLETED,[LT] Fluxo_FAKE_v2,a8eb963a-2888-4ad9-97d4-d81b92326c46
YES,,Queue: C_FAKE_WHATSAPP,message,Dra. Emanuelly Lopes; Gabriel Caldeira,Davi Luiz Cavalcanti,01/25/25 09:17 AM,05/18/25 09:57 AM,820270,Outbound,,,C_FAKE_WHATSAPP,FAKE-WRAP-UP-COMPLETED,[LT] Fluxo_FAKE_v3,54f51900-dc2c-41c4-baf3-1608b0ead4df
YES,,Queue: C_FAKE_CHAT,message,Sr. Ian Castro; Emanuel Cunha,Nathan Cavalcanti,04/27/25 07:39 AM,04/03/25 08:06 AM,653095,Inbound,,,C_FAKE_EMAIL,FAKE-WRAP-UP-COMPLETED,[LT] Fluxo_FAKE_v2,8475f248-0ca3-4885-9760-7ffeaa8b73eb
YES,,Queue: C_FAKE_CHAT,call,Luiza Rezende,Beatriz Ferreira,07/01/25 12:43 AM,08/24/25 03:20 AM,1749383,Inbound/Outbound,,,C_FAKE_CHAT,FAKE-WRAP-UP-COMPLETED,[LT] Fluxo_FAKE_v2,b142b54e-5fd6-4bb0-a079-3a98f94c9458
YES,,Queue: C_FAKE_CHAT,call,Sra. Ana da Costa,Santos - EI,04/02/25 06:10 PM,04/09/25 06:55 PM,690238,Inbound,,,C_FAKE_EMAIL,FAKE-WRAP-UP-COMPLETED,[LT] Fluxo_FAKE_v1,524314c8-ace7-4617-8c42-d8ffa0d72005
