Full Export Completed,Partial Result Timestamp,Filters,Media Type,Users,Remote,Date,End Date,Duration,Direction,ANI,DNIS,Queue,Wrap-up,Flow,Conversation ID
YES,,Queue: C_FAKE_CHAT,email,Dra. Vitória Correia,Almeida Jesus - EI,07/07/25 02:50 PM,07/11/25 07:43 AM,1688095,Outbound,,,C_FAKE_SUPPORT,FAKE-WRAP-UP-TIMEOUT,[LT] Fluxo_FAKE_v1,a250ed78-7e22-4279-ae71-ad1d0a9c4b09
YES,,Queue: C_FAKE_WHATSAPP,message,Maria Julia da Paz; Erick da Cunha,Maria Sophia Pinto,05/18/25 02:13 PM,02/07/25 12:01 AM,1521672,Inbound,,,C_FAKE_CHAT,FAKE-WRAP-UP-DELETED,[LT] Fluxo_FAKE_v1,f1587598-9e15-4705-9f63-2d7a5ba3d1da
YES,,Queue: C_FAKE_CHAT,call,Davi Luiz Mendes; Raquel Viana,Evelyn Pinto,04/17/25 06:35 PM,01/23/25 06:21 AM,578921,Outbound,,,C_FAKE_SUPPORT,FAKE-WRAP-UP-DELETED,[LT] Fluxo_FAKE_v3,a2f445e8-5563-4bf4-850f-5739e227d70e
YES,,Queue: C_FAKE_CHAT,email,Valentina Moraes; Dra. Marcela da Mota,Martins Pinto e Filhos,07/05/25 01:39 PM,02/22/25 10:03 AM,871393,Inbound/Outbound,,,C_FAKE_EMAIL,FAKE-WRAP-UP-DELETED,[LT] Fluxo_FAKE_v1,049af501-2c01-45a6-89dd-80a8678f5465
YES,,Queue: C_FAKE_CHAT,message,Dra. Emanuelly Novaes,Ana da Cunha,05/21/25 05:55 PM,04/29/25 12:08 PM,162726,Outbound,,,C_FAKE_EMAIL,FAKE-WRAP-UP-TIMEOUT,[LT] Fluxo_FAKE_v1,c7b7383e-dcbd-4d9b-b77a-132cec89cea7
YES,,Queue: C_FAKE_EMAIL,message,Gabrielly Moura,Novaes S.A.,08/04/25 05:09 PM,03/03/25 06:12 PM,1186813,Outbound,,,C_FAKE_CHAT,FAKE-WRAP-UP-COMPLETED,[LT] Fluxo_FAKE_v1,59b164ca-de9c-4ed1-aefe-3d842c306639
YES,,Queue: C_FAKE_CHAT,email,Vitor Gabriel Cavalcanti,Carolina Moraes,09/04/25 08:29 PM,06/07/25 01:43 PM,1612115,Inbound/Outbound,,,C_FAKE_CHAT,FAKE-WRAP-UP-TIMEOUT,[LT] Fluxo_FAKE_v1,fd25bca9-e207-4d92-81c6-5bbb2b0238ae
YES,,Queue: C_FAKE_WHATSAPP,message,Levi da Luz; Júlia da Mota,da Mata,09/08/25 10:15 PM,01/05/25 10:29 PM,1687484,Outbound,,,C_FAKE_SUPPORT,FAKE-WRAP-UP-TIMEOUT,[LT] Fluxo_FAKE_v1,2b66201c-f21d-46e7-99e0-7cbd17342957
YES,,Queue: C_FAKE_CHAT,message,Felipe Freitas,Gomes - EI,08/11/25 04:27 PM,03/09/25 11:08 PM,1174399,Inbound/Outbound,,,C_FAKE_SUPPORT,FAKE-WRAP-UP-TIMEOUT,[LT] Fluxo_FAKE_v3,03711d3f-c9be-4dce-82ee-09bf9811cd8b
YES,,Queue: C_FAKE_WHATSAPP,email,Pietra Peixoto; Bárbara Pires,Cunha - ME,06/04/25 06:18 PM,01/01/25 02:17 AM,802736,Inbound/Outbound,,,C_FAKE_CHAT,FAKE-WRAP-UP-TIMEOUT,[LT] Fluxo_FAKE_v2,e4509dd3-d4bf-4f30-ab26-cc824324887e
YES,,Queue: C_FAKE_EMAIL,call,Sr. Nathan Moreira,Caroline da Mata,01/26/25 10:11 PM,07/05/25 07:57 AM,800849,Outbound,,,C_FAKE_EMAIL,FAKE-WRAP-UP-TIMEOUT,[LT] Fluxo_FAKE_v2,0a121024-a5a2-45ac-88f8-672bd60112bd
YES,,Queue: C_FAKE_CHAT,email,Theo Dias,Ana Julia Barros,02/02/25 06:41 PM,08/12/25 06:39 AM,451477,Inbound/Outbound,,,C_FAKE_WHATSAPP,FAKE-WRAP-UP-DELETED,[LT] Fluxo_FAKE_v1,c354fc52-5ee8-4627-bee0-5165383819b8
YES,,Queue: C_FAKE_WHATSAPP,message,Luiz Otávio da Luz,da Cruz Jesus - ME,02/06/25 08:50 AM,02/03/25 05:26 PM,1024094,Outbound,,,C_FAKE_CHAT,FAKE-WRAP-UP-DELETED,[LT] Fluxo_FAKE_v2,61dfd243-38e1-405d-9785-db5af31b74f8
YES,,Queue: C_FAKE_EMAIL,call,Ryan Barbosa,Alexia Souza,02/25/25 06:08 PM,06/29/25 04:35 AM,400660,Outbound,,,C_FAKE_WHATSAPP,FAKE-WRAP-UP-DELETED,[LT] Fluxo_FAKE_v1,5203d212-098a-462c-a8b9-31bb7c60e5a9
YES,,Queue: C_FAKE_WHATSAPP,email,Emilly Nunes; Rodrigo Peixoto,Ribeiro - ME,02/20/25 09:48 AM,06/01/25 07:39 PM,504138,Inbound/Outbound,,,C_FAKE_CHAT,FAKE-WRAP-UP-DELETED,[LT] Fluxo_FAKE_v2,8695b07e-b56e-4e96-b7e8-51544808884b
YES,,Queue: C_FAKE_WHATSAPP,message,Sra. Alana Alves; Giovanna Dias,Camila da Paz,04/16/25 09:24 AM,06/14/25 12:47 PM,448109,Inbound,,,C_FAKE_EMAIL,FAKE-WRAP-UP-COMPLETED,[LT] Fluxo_FAKE_v3,6cf4d2fd-d37f-4059-b1d7-64ba1712df48
YES,,Queue: C_FAKE_CHAT,message,Bianca das Neves; Ana Sophia da Rocha,Yuri Oliveira,02/14/25 12:45 PM,01/05/25 07:51 PM,1207226,Outbound,,,C_FAKE_WHATSAPP,FAKE-WRAP-UP-TIMEOUT,[LT] Fluxo_FAKE_v2,9e020261-cae5-4cea-afd5-d562a4960505
YES,,Queue: C_FAKE_CHAT,email,Gustavo Henrique Carvalho; Fernanda Cunha,Theo Castro,06/01/25 02:34 AM,05/16/25 12:35 PM,469956,Inbound/Outbound,,,C_FAKE_SUPPORT,FAKE-WRAP-UP-DELETED,[LT] Fluxo_FAKE_v1,49a7102d-d12f-4227-a661-b18146a95d1a
YES,,Queue: C_FAKE_EMAIL,email,Vinicius da Paz; Camila Rezende,Mirella Nogueira,07/23/25 06:03 AM,05/21/25 02:11 PM,300073,Outbound,,,C_FAKE_SUPPORT,FAKE-WRAP-UP-DELETED,[LT] Fluxo_FAKE_v1,e4f08e67-6b93-406b-b376-2c9c7a030894
YES,,Queue: C_FAKE_EMAIL,message,Kevin da Rocha,Otávio Gonçalves,03/11/25 10:17 PM,08/31/25 05:04 AM,1833305,Outbound,,,C_FAKE_EMAIL,FAKE-WRAP-UP-COMPLETED,[LT] Fluxo_FAKE_v3,47068498-d19c-4f8c-8b85-4f50f9848030
YES,,Queue: C_FAKE_EMAIL,email,Ana Clara Ribeiro; Dr. Caio Silva,Laura Aragão,02/03/25 02:38 PM,07/12/25 12:16 AM,1208597,Inbound,,,C_FAKE_CHAT,FAKE-WRAP-UP-DELETED,[LT] Fluxo_FAKE_v3,30544160-908b-47f9-9d91-21b29ea62325
YES,,Queue: C_FAKE_EMAIL,call,Heitor da Mata,Davi Luiz Gomes,08/06/25 02:57 PM,03/27/25 03:01 AM,1023195,Outbound,,,C_FAKE_EMAIL,FAKE-WRAP-UP-TIMEOUT,[LT] Fluxo_FAKE_v3,c580bccf-4440-47d2-8ec2-4fb471fef0ab
YES,,Queue: C_FAKE_CHAT,message,Breno Sales; Enzo Gabriel Fogaça,Dr. Yago Melo,03/18/25 06:18 AM,07/14/25 01:30 PM,187087,Inbound,,,C_FAKE_WHATSAPP,FAKE-WRAP-UP-TIMEOUT,[LT] Fluxo_FAKE_v3,416a4f9f-9295-4162-a383-3b28d2ec1379
YES,,Queue: C_FAKE_WHATSAPP,email,Maria Fernanda Alves; João Gabriel Gonçalves,das Neves,05/27/25 11:52 PM,02/23/25 03:12 AM,1032893,Inbound,,,C_FAKE_CHAT,FAKE-WRAP-UP-DELETED,[LT] Fluxo_FAKE_v3,0a9d484c-915c-465d-8f35-9e6c6b0376f0
YES,,Queue: C_FAKE_WHATSAPP,email,Ryan Rezende,Eduardo Silveira,06/18/25 11:59 AM,04/14/25 09:21 AM,1684094,Outbound,,,C_FAKE_CHAT,FAKE-WRAP-UP-DELETED,[LT] Fluxo_FAKE_v3,fab0509e-0318-41eb-a720-52b4102f236d
YES,,Queue: C_FAKE_EMAIL,email,Noah Mendes,Luiz Fernando Mendes,09/01/25 01:04 AM,05/02/25 12:55 PM,1225269,Inbound,,,C_FAKE_SUPPORT,FAKE-WRAP-UP-TIMEOUT,[LT] Fluxo_FAKE_v1,44963381-f190-4205-bdee-5f357b51446a
YES,,Queue: C_FAKE_EMAIL,email,Bryan Novaes,Duarte,05/05/25 06:36 PM,08/18/25 02:53 AM,872723,Inbound,,,C_FAKE_WHATSAPP,FAKE-WRAP-UP-DELETED,[LT] Fluxo_FAKE_v1,cc4f2da9-d5d1-4277-8418-cd279a78ceed
YES,,Queue: C_FAKE_CHAT,email,Nathan das Neves,Maria Alice Cardoso,04/12/25 04:37 PM,06/15/25 11:06 PM,1261242,Inbound,,,C_FAKE_WHATSAPP,FAKE-WRAP-UP-TIMEOUT,[LT] Fluxo_FAKE_v1,d8afa26c-7d1d-43ca-8e02-70220cc6f6d1
YES,,Queue: C_FAKE_EMAIL,email,Maysa Oliveira,Gonçalves S.A.,06/26/25 10:35 PM,07/16/25 04:42 AM,268147,Inbound,,,C_FAKE_CHAT,FAKE-WRAP-UP-COMPLETED,[LT] Fluxo_FAKE_v2,430d741a-85c5-4b09-a812-4d3df4c88b1d
YES,,Queue: C_FAKE_EMAIL,call,Enrico Ramos,Novaes e Filhos,05/26/25 04:53 PM,02/01/25 11:35 PM,1552744,Outbound,,,C_FAKE_WHATSAPP,FAKE-WRAP-UP-COMPLETED,[LT] Fluxo_FAKE_v3,d7deaa33-738d-41e8-80a0-07018acfbadc
YES,,Queue: C_FAKE_EMAIL,message,Isabel Peixoto,Peixoto,07/01/25 12:03 PM,02/21/25 12:29 AM,996317,Inbound/Outbound,,,C_FAKE_WHATSAPP,FAKE-WRAP-UP-DELETED,[LT] Fluxo_FAKE_v1,c148e224-6340-4548-a078-8722adef8e74
YES,,Queue: C_FAKE_EMAIL,call,João Vieira,Moura e Filhos,04/26/25 07:37 AM,02/03/25 08:05 PM,954639,Inbound/Outbound,,,C_FAKE_EMAIL,FAKE-WRAP-UP-COMPLETED,[LT] Fluxo_FAKE_v1,847ccb1d-d104-4948-9f6d-a88484fbcda0
YES,,Queue: C_FAKE_CHAT,email,Dra. Maria Julia Azevedo; Davi Lucas Porto,Pietra da Cunha,08/13/25 12:46 AM,02/12/25 05:14 PM,380356,Inbound/Outbound,,,C_FAKE_CHAT,FAKE-WRAP-UP-COMPLETED,[LT] Fluxo_FAKE_v3,4edd6053-845b-41d0-86ee-1f6a02d6fd31
YES,,Queue: C_FAKE_EMAIL,message,Sr. Samuel Ramos; Maria Eduarda Nogueira,Gustavo Duarte,05/22/25 02:34 AM,06/09/25 11:09 PM,154808,Outbound,,,C_FAKE_WHATSAPP,FAKE-WRAP-UP-COMPLETED,[LT] Fluxo_FAKE_v2,08842230-6dab-4dd3-a1de-9299c0bdf939
YES,,Queue: C_FAKE_WHATSAPP,message,Sr. Enzo Farias; Emanuelly Pereira,Maitê Farias,03/24/25 01:13 AM,01/11/25 12:07 PM,160616,Outbound,,,C_FAKE_EMAIL,FAKE-WRAP-UP-DELETED,[LT] Fluxo_FAKE_v3,70a5e979-a505-4cab-bba8-f78b6577b891
YES,,Queue: C_FAKE_CHAT,email,Clara Aragão,Lorena Costa,08/01/25 07:40 PM,02/22/25 04:15 PM,587310,Inbound,,,C_FAKE_CHAT,FAKE-WRAP-UP-TIMEOUT,[LT] Fluxo_FAKE_v2,6bae6340-2ef3-4589-bc22-1d902edb7916
YES,,Queue: C_FAKE_WHATSAPP,call,Lorena Freitas,Aragão - EI,06/25/25 02:04 PM,07/17/25 07:41 AM,1565366,Outbound,,,C_FAKE_CHAT,FAKE-WRAP-UP-DELETED,[LT] Fluxo_FAKE_v3,543fb086-6e4f-4b1c-81cf-1f8da5a49785
YES,,Queue: C_FAKE_WHATSAPP,message,Luiz Fernando Melo; Maria Vitória Barbosa,Ribeiro,03/21/25 05:01 PM,08/11/25 09:24 AM,225662,Outbound,,,C_FAKE_CHAT,FAKE-WRAP-UP-COMPLETED,[LT] Fluxo_FAKE_v3,ae0343a9-4dff-40fc-b450-4da66a2a6ffe
YES,,Queue: C_FAKE_WHATSAPP,call,Samuel Silva; Dra. Lívia Rocha,Alice Lopes,09/05/25 03:36 PM,05/06/25 07:20 AM,707612,Outbound,,,C_FAKE_SUPPORT,FAKE-WRAP-UP-TIMEOUT,[LT] Fluxo_FAKE_v3,abb5fd1e-d806-4ff5-859b-b77bd9210c64
YES,,Queue: C_FAKE_WHATSAPP,message,Fernanda Cunha; Cauã Ramos,Francisco Pereira,01/31/25 04:40 AM,07/31/25 04:22 PM,668043,Inbound,,,C_FAKE_CHAT,FAKE-WRAP-UP-TIMEOUT,[LT] Fluxo_FAKE_v2,b9296f54-aecb-4625-a6c6-ea9bdd43fb54
YES,,Queue: C_FAKE_WHATSAPP,message,Alice Oliveira; Cecília da Mata,Vitor Hugo Campos,06/06/25 04:57 AM,03/05/25 05:57 AM,299395,Outbound,,,C_FAKE_EMAIL,FAKE-WRAP-UP-TIMEOUT,[LT] Fluxo_FAKE_v1,ad19378e-f64f-4128-ae51-988293eff8c4
YES,,Queue: C_FAKE_CHAT,email,Lucas da Mota; Maria Luiza da Luz,Mariana Cardoso,08/09/25 01:33 AM,07/28/25 08:36 AM,1421648,Outbound,,,C_FAKE_CHAT,FAKE-WRAP-UP-COMPLETED,[LT] Fluxo_FAKE_v1,1eb830f6-7d93-4703-a8e4-9b27ee34827a
YES,,Queue: C_FAKE_CHAT,message,Brenda Peixoto; Sra. Stella da Rocha,Lucas Gabriel Carvalho,06/27/25 04:35 PM,01/03/25 08:37 AM,1147697,Outbound,,,C_FAKE_EMAIL,FAKE-WRAP-UP-DELETED,[LT] Fluxo_FAKE_v3,d498ede9-d286-46ac-ac42-6e1a88ad3de9
YES,,Queue: C_FAKE_EMAIL,email,Paulo Ferreira,Nunes Gonçalves S.A.,01/12/25 05:32 PM,03/22/25 02:21 AM,468102,Inbound/Outbound,,,C_FAKE_WHATSAPP,FAKE-WRAP-UP-TIMEOUT,[LT] Fluxo_FAKE_v1,891a9b5b-9763-43b4-b209-683eb7cc7157
YES,,Queue: C_FAKE_EMAIL,message,Natália Duarte; Renan Duarte,Dr. Rodrigo Aragão,02/13/25 08:48 PM,04/20/25 03:00 PM,614004,Inbound,,,C_FAKE_SUPPORT,FAKE-WRAP-UP-COMPLETED,[LT] Fluxo_FAKE_v2,9c4973a4-90c9-4728-866c-21045bd9d3c9
YES,,Queue: C_FAKE_WHATSAPP,message,Lavínia Araújo,Maria Vitória da Luz,01/25/25 03:57 PM,08/28/25 02:12 PM,1377040,Outbound,,,C_FAKE_CHAT,FAKE-WRAP-UP-COMPLETED,[LT] Fluxo_FAKE_v3,706eb43a-89e2-4a88-91cc-75315708d618
YES,,Queue: C_FAKE_CHAT,call,Alexandre Moura,Souza,03/05/25 01:44 AM,04/16/25 11:04 AM,1004600,Inbound/Outbound,,,C_FAKE_EMAIL,FAKE-WRAP-UP-DELETED,[LT] Fluxo_FAKE_v2,833bb2f3-e997-4938-8fb8-a4a33b645e6d
YES,,Queue: C_FAKE_WHATSAPP,message,Sra. Mirella Farias,Samuel da Conceição,01/30/25 06:15 AM,06/30/25 10:34 PM,530754,Outbound,,,C_FAKE_EMAIL,FAKE-WRAP-UP-DELETED,[LT] Fluxo_FAKE_v2,6a0e99b2-1c94-45c6-89ed-4d64b984933d
YES,,Queue: C_FAKE_EMAIL,call,Lívia Almeida,Nascimento,09/06/25 09:33 PM,04/16/25 06:38 AM,1566624,Outbound,,,C_FAKE_CHAT,FAKE-WRAP-UP-COMPLETED,[LT] Fluxo_FAKE_v1,1d2867a0-ad84-4afe-b8c7-7dcaa9cf94bc
YES,,Queue: C_FAKE_EMAIL,message,Sr. Calebe Nascimento,da Conceição,07/18/25 10:53 AM,02/06/25 04:15 AM,605410,Outbound,,,C_FAKE_SUPPORT,FAKE-WRAP-UP-COMPLETED,[LT] Fluxo_FAKE_v2,f081eaef-3320-46bf-8060-83dd541d0136
YES,,Queue: C_FAKE_EMAIL,call,Stephany Barbosa; Lucas Barros,Oliveira Jesus S/A,06/23/25 07:30 AM,01/19/25 02:41 PM,1954936,Outbound,,,C_FAKE_SUPPORT,FAKE-WRAP-UP-TIMEOUT,[LT] Fluxo_FAKE_v3,a10cf398-835f-4963-87f5-5f28341e4895
YES,,Queue: C_FAKE_WHATSAPP,email,Alícia Silveira; Ana Clara Ramos,João da Costa,07/25/25 07:46 AM,03/06/25 07:32 AM,185227,Inbound,,,C_FAKE_WHATSAPP,FAKE-WRAP-UP-TIMEOUT,[LT] Fluxo_FAKE_v2,8cde5998-6a24-4a0c-b224-7b8d99c36e15
YES,,Queue: C_FAKE_CHAT,email,Pietro Gonçalves; Luiz Miguel Martins,Rafael Aragão,06/27/25 05:32 PM,02/27/25 04:59 AM,1914931,Inbound,,,C_FAKE_EMAIL,FAKE-WRAP-UP-DELETED,[LT] Fluxo_FAKE_v2,94571290-a8e6-41fb-81f4-d97b842ede07
YES,,Queue: C_FAKE_EMAIL,email,Sr. Pedro Rezende,Carvalho,01/30/25 05:29 AM,06/12/25 04:52 PM,574833,Inbound/Outbound,,,C_FAKE_EMAIL,FAKE-WRAP-UP-DELETED,[LT] Fluxo_FAKE_v2,efe31ce4-6c48-423d-808f-03ca8a32c05e
YES,,Queue: C_FAKE_EMAIL,call,Nina Correia,Dra. Joana Correia,03/08/25 02:24 PM,07/03/25 09:40 AM,1161449,Inbound,,,C_FAKE_WHATSAPP,FAKE-WRAP-UP-COMPLETED,[LT] Fluxo_FAKE_v3,03fb7a22-21e7-4b58-a454-6b2567f91636
YES,,Queue: C_FAKE_WHATSAPP,message,Alícia Souza,Anthony Duarte,08/31/25 04:29 PM,02/16/25 02:55 PM,1609730,Inbound,,,C_FAKE_SUPPORT,FAKE-WRAP-UP-COMPLETED,[LT] Fluxo_FAKE_v3,c1e59ebb-a2b6-4a97-8e8b-a9bd74cf633f
YES,,Queue: C_FAKE_WHATSAPP,email,Kaique da Mota,Freitas,04/15/25 02:16 PM,03/26/25 07:05 PM,1660093,Inbound,,,C_FAKE_SUPPORT,FAKE-WRAP-UP-DELETED,[LT] Fluxo_FAKE_v1,61a90374-9848-422e-8d95-e7a85378e6f6
YES,,Queue: C_FAKE_CHAT,message,Milena da Mata; Eloah Melo,Nina Rodrigues,01/03/25 06:42 AM,02/01/25 01:03 PM,241439,Outbound,,,C_FAKE_WHATSAPP,FAKE-WRAP-UP-COMPLETED,[LT] Fluxo_FAKE_v1,bf12ac2c-bc5c-42d0-82cd-c06e2dbb8752
YES,,Queue: C_FAKE_CHAT,email,Rafael da Conceição,da Cruz,05/26/25 05:19 AM,03/25/25 11:28 AM,1288889,Inbound/Outbound,,,C_FAKE_SUPPORT,FAKE-WRAP-UP-DELETED,[LT] Fluxo_FAKE_v3,95e7b610-04c0-448a-98bf-6a3e6867035e
YES,,Queue: C_FAKE_CHAT,message,Davi Lucas das Neves,Isabelly Farias,01/04/25 11:27 AM,03/12/25 10:19 PM,1297849,Inbound/Outbound,,,C_FAKE_WHATSAPP,FAKE-WRAP-UP-TIMEOUT,[LT] Fluxo_FAKE_v2,91e3684c-4429-4fa1-a8d3-33b18d2349a4
YES,,Queue: C_FAKE_WHATSAPP,call,Juliana Caldeira,Nascimento Porto S/A,02/21/25 05:00 AM,04/25/25 12:57 AM,1881930,Inbound/Outbound,,,C_FAKE_SUPPORT,FAKE-WRAP-UP-TIMEOUT,[LT] Fluxo_FAKE_v1,22098287-5178-427d-a01c-5a403e064311
YES,,Queue: C_FAKE_WHATSAPP,message,Sra. Amanda Moraes,Sr. Samuel Pereira,04/10/25 08:37 AM,07/14/25 03:49 PM,1351771,Outbound,,,C_FAKE_SUPPORT,FAKE-WRAP-UP-TIMEOUT,[LT] Fluxo_FAKE_v3,8864d32c-b32d-442a-9443-c6c9c0ff8a48
YES,,Queue: C_FAKE_CHAT,call,Vitória Moura; Renan Aragão,Nunes Fogaça - EI,08/01/25 08:23 AM,02/27/25 12:55 AM,166141,Inbound/Outbound,,,C_FAKE_SUPPORT,FAKE-WRAP-UP-COMPLETED,[LT] Fluxo_FAKE_v3,b78374cb-dfd0-43e0-9a2e-e6fa1e6d6025
YES,,Queue: C_FAKE_EMAIL,call,Lavínia Sales,Luiz Henrique Moura,04/18/25 08:39 AM,06/05/25 08:52 AM,1593116,Inbound/Outbound,,,C_FAKE_EMAIL,FAKE-WRAP-UP-DELETED,[LT] Fluxo_FAKE_v2,3294f6d3-ffc2-4344-a6fb-2d42693ec251
YES,,Queue: C_FAKE_WHATSAPP,call,Enzo Pereira; João Miguel Nunes,Maria Souza,06/08/25 08:31 AM,04/21/25 04:18 AM,930171,Outbound,,,C_FAKE_EMAIL,FAKE-WRAP-UP-TIMEOUT,[LT] Fluxo_FAKE_v3,5f71ff4c-211c-4f6b-92dd-5bb795d6b0e4
YES,,Queue: C_FAKE_CHAT,message,Gabriela Rodrigues,Cunha Barros Ltda.,03/14/25 05:36 AM,08/23/25 09:26 PM,323080,Inbound,,,C_FAKE_SUPPORT,FAKE-WRAP-UP-TIMEOUT,[LT] Fluxo_FAKE_v3,2a70ec30-2f3c-415a-a30f-426886415cd2
YES,,Queue: C_FAKE_WHATSAPP,call,Maria Fernanda Costela; João Pedro Peixoto,Cardoso,06/26/25 04:50 AM,08/10/25 01:17 AM,570452,Inbound/Outbound,,,C_FAKE_WHATSAPP,FAKE-WRAP-UP-TIMEOUT,[LT] Fluxo_FAKE_v2,306bba50-2d4a-4d08-a87e-93fb955a2740
YES,,Queue: C_FAKE_WHATSAPP,email,Dr. Paulo da Costa; Sarah Vieira,da Rosa Martins - EI,07/05/25 10:14 AM,06/05/25 06:34 AM,1363814,Inbound,,,C_FAKE_WHATSAPP,FAKE-WRAP-UP-TIMEOUT,[LT] Fluxo_FAKE_v1,b5ca2226-76c8-4262-83c7-d3fb8e54912e
YES,,Queue: C_FAKE_EMAIL,message,Lavínia da Mata; Dr. André Jesus,Felipe Fernandes,07/23/25 11:08 PM,03/09/25 01:22 AM,1874871,Inbound,,,C_FAKE_SUPPORT,FAKE-WRAP-UP-COMPLETED,[LT] Fluxo_FAKE_v1,ddef5b92-f291-4318-85f4-30f20c81cf24
YES,,Queue: C_FAKE_WHATSAPP,call,Otávio Farias; Igor da Paz,Cardoso da Costa S.A.,06/06/25 07:06 AM,01/04/25 07:44 PM,1320502,Inbound/Outbound,,,C_FAKE_CHAT,FAKE-WRAP-UP-DELETED,[LT] Fluxo_FAKE_v3,11060c0d-e595-4021-8121-9aeb07823bfb
YES,,Queue: C_FAKE_EMAIL,email,Heitor Barros; Mirella Rezende,da Conceição,08/28/25 02:17 PM,01/27/25 03:38 AM,526542,Inbound,,,C_FAKE_EMAIL,FAKE-WRAP-UP-DELETED,[LT] Fluxo_FAKE_v2,bdbeb570-4e11-4627-8adb-5871f4e2b0db
YES,,Queue: C_FAKE_CHAT,call,Mirella Dias; Gustavo Henrique Cardoso,Jesus Costa S/A,03/21/25 06:35 AM,07/20/25 02:55 PM,1517878,Inbound,,,C_FAKE_EMAIL,FAKE-WRAP-UP-COMPLETED,[LT] Fluxo_FAKE_v2,524715af-7ee6-490b-932d-6b2fcfc0426b
YES,,Queue: C_FAKE_EMAIL,call,Pedro Miguel Viana,Costela,01/13/25 09:11 PM,08/18/25 04:35 PM,1920405,Outbound,,,C_FAKE_CHAT,FAKE-WRAP-UP-TIMEOUT,[LT] Fluxo_FAKE_v3,a4f9315f-6f4d-48c9-8a47-055f9ce6dabe
YES,,Queue: C_FAKE_CHAT,message,Dr. Heitor da Cruz; Dra. Pietra Cunha,Alves,05/08/25 11:13 PM,08/30/25 04:55 AM,475360,Outbound,,,C_FAKE_CHAT,FAKE-WRAP-UP-COMPLETED,[LT] Fluxo_FAKE_v3,26bdac07-a622-49e0-b59c-9c87f83914c9
YES,,Queue: C_FAKE_CHAT,call,Luiz Henrique da Mata; Joaquim Dias,Rodrigues - ME,06/16/25 06:14 AM,08/25/25 08:51 AM,1804824,Inbound/Outbound,,,C_FAKE_SUPPORT,FAKE-WRAP-UP-TIMEOUT,[LT] Fluxo_FAKE_v3,9f54a3d2-1a30-4775-8ce6-fd28f141be04
YES,,Queue: C_FAKE_CHAT,message,Matheus Nunes,Miguel Viana,01/14/25 04:29 AM,05/24/25 04:51 PM,1187881,Outbound,,,C_FAKE_EMAIL,FAKE-WRAP-UP-DELETED,[LT] Fluxo_FAKE_v2,e11cde74-21b7-4765-88b0-d2d966fd046f
YES,,Queue: C_FAKE_EMAIL,call,Bruno Ribeiro; Isabelly Farias,Porto - EI,06/08/25 03:24 PM,06/08/25 08:31 PM,1198168,Outbound,,,C_FAKE_SUPPORT,FAKE-WRAP-UP-DELETED,[LT] Fluxo_FAKE_v3,6e3cae9f-86b4-4979-afbb-028819baa1fd
YES,,Queue: C_FAKE_EMAIL,message,Helena Rocha,Gonçalves Almeida Ltda.,04/07/25 06:40 AM,04/30/25 08:44 AM,1766414,Outbound,,,C_FAKE_EMAIL,FAKE-WRAP-UP-DELETED,[LT] Fluxo_FAKE_v2,b5f861b0-1eda-428c-81f3-e01c7da1f511
YES,,Queue: C_FAKE_EMAIL,message,Ian das Neves; Rafael da Mota,Lopes,06/07/25 04:06 AM,02/07/25 03:28 PM,764266,Inbound,,,C_FAKE_CHAT,FAKE-WRAP-UP-TIMEOUT,[LT] Fluxo_FAKE_v1,7d7d38cf-7f07-414d-8d44-b7c1034273dd
YES,,Queue: C_FAKE_EMAIL,message,Catarina da Cunha; Luiz Felipe Monteiro,Enzo Gabriel Peixoto,02/03/25 11:04 AM,08/12/25 12:58 PM,1440578,Inbound/Outbound,,,C_FAKE_CHAT,FAKE-WRAP-UP-TIMEOUT,[LT] Fluxo_FAKE_v1,f74ba82f-2de9-4307-a9ca-27f7c30501d2
YES,,Queue: C_FAKE_EMAIL,call,Danilo Melo; Sofia Cardoso,Catarina Silveira,07/08/25 01:48 AM,03/17/25 02:23 AM,1281424,Outbound,,,C_FAKE_WHATSAPP,FAKE-WRAP-UP-TIMEOUT,[LT] Fluxo_FAKE_v1,309bcc9a-0a52-41cf-b5a9-c71f35c0690e
YES,,Queue: C_FAKE_WHATSAPP,call,Thomas da Mata; Henrique Freitas,Esther Vieira,08/25/25 11:40 AM,01/01/25 12:47 AM,1393531,Outbound,,,C_FAKE_EMAIL,FAKE-WRAP-UP-DELETED,[LT] Fluxo_FAKE_v2,6e66869f-7e4e-4d70-855b-e7a1c79c6ed5
YES,,Queue: C_FAKE_CHAT,email,Leonardo Teixeira,Ana das Neves,05/03/25 10:00 AM,01/26/25 12:15 PM,1997966,Inbound,,,C_FAKE_EMAIL,FAKE-WRAP-UP-TIMEOUT,[LT] Fluxo_FAKE_v1,0150bdcb-e285-4b4d-b7fb-7406ec4a0dfd
YES,,Queue: C_FAKE_CHAT,call,Sra. Júlia Martins,Yago Cardoso,07/03/25 12:03 AM,09/02/25 02:51 PM,1624004,Inbound,,,C_FAKE_CHAT,FAKE-WRAP-UP-TIMEOUT,[LT] Fluxo_FAKE_v1,b024c6a7-eb3e-483a-ba3a-9fe008bbd3f5
YES,,Queue: C_FAKE_EMAIL,email,Stephany Moraes,Rocha e Filhos,04/03/25 06:38 PM,03/06/25 03:30 PM,1196686,Inbound/Outbound,,,C_FAKE_CHAT,FAKE-WRAP-UP-COMPLETED,[LT] Fluxo_FAKE_v2,58dc6a99-97d4-46bd-89c8-521edd271b92
YES,,Queue: C_FAKE_CHAT,email,Gabriel Moraes; Caroline Fernandes,Cardoso - EI,05/18/25 11:41 AM,07/17/25 03:08 PM,1556729,Inbound/Outbound,,,C_FAKE_WHATSAPP,FAKE-WRAP-UP-TIMEOUT,[LT] Fluxo_FAKE_v1,8b6b7f7a-58a8-4686-9824-e832005f6552
YES,,Queue: C_FAKE_EMAIL,call,Srta. Sabrina Castro; Dr. Francisco Fogaça,Dra. Julia Moreira,04/07/25 03:41 PM,08/22/25 09:37 PM,1671624,Inbound/Outbound,,,C_FAKE_EMAIL,FAKE-WRAP-UP-COMPLETED,[LT] Fluxo_FAKE_v3,65fbafaa-ebfc-4182-9df1-f3f8aa998c56
YES,,Queue: C_FAKE_WHATSAPP,message,Pedro Rodrigues; Agatha Barros,André Farias,01/05/25 09:27 PM,05/01/25 11:13 PM,1075601,Outbound,,,C_FAKE_WHATSAPP,FAKE-WRAP-UP-DELETED,[LT] Fluxo_FAKE_v1,1e02c368-4fcf-435b-a48d-c8b951a59b65
YES,,Queue: C_FAKE_CHAT,call,Emilly Aragão; Otávio Viana,Davi Cardoso,07/29/25 01:41 PM,01/10/25 08:56 AM,1948915,Outbound,,,C_FAKE_WHATSAPP,FAKE-WRAP-UP-COMPLETED,[LT] Fluxo_FAKE_v2,61f350e5-96ac-48c9-b581-6cb4ae5438c8
YES,,Queue: C_FAKE_EMAIL,call,Stella da Cruz,Dra. Amanda Duarte,07/19/25 12:25 PM,05/25/25 08:55 AM,1765313,Inbound,,,C_FAKE_WHATSAPP,FAKE-WRAP-UP-TIMEOUT,[LT] Fluxo_FAKE_v2,8dffb34c-8b42-4ee7-921d-d567ea53a09d
YES,,Queue: C_FAKE_CHAT,message,Nina Freitas,Pires - EI,07/29/25 09:41 PM,01/05/25 08:01 PM,981965,Outbound,,,C_FAKE_EMAIL,FAKE-WRAP-UP-TIMEOUT,[LT] Fluxo_FAKE_v2,284e8078-525a-4a7d-a449-368726cc18ad
YES,,Queue: C_FAKE_WHATSAPP,email,Pietra Mendes,João Miguel Gomes,06/19/25 08:12 PM,08/22/25 03:19 AM,1574671,Inbound,,,C_FAKE_EMAIL,FAKE-WRAP-UP-DELETED,[LT] Fluxo_FAKE_v3,b8ed8fe4-3427-4c22-9df0-8ae034e6ca9d
YES,,Queue: C_FAKE_CHAT,email,Joaquim Peixoto,da Paz Caldeira S.A.,08/23/25 10:05 PM,07/01/25 10:00 PM,209365,Inbound/Outbound,,,C_FAKE_SUPPORT,FAKE-WRAP-UP-DELETED,[LT] Fluxo_FAKE_v2,054a4d99-d999-4026-837e-60684ccb8ee7
YES,,Queue: C_FAKE_EMAIL,email,Lívia Barros; Luiza Barbosa,Rebeca Rocha,01/17/25 12:41 PM,08/20/25 04:32 PM,1419021,Inbound/Outbound,,,C_FAKE_CHAT,FAKE-WRAP-UP-COMPLETED,[LT] Fluxo_FAKE_v1,adf3a371-faa2-42d8-8a80-b2902b0e57a7
YES,,Queue: C_FAKE_CHAT,call,Srta. Maria Vitória Carvalho,das Neves,01/31/25 03:02 PM,02/05/25 04:20 PM,1190346,Inbound,,,C_FAKE_EMAIL,FAKE-WRAP-UP-COMPLETED,[LT] Fluxo_FAKE_v2,e9147761-db2d-4a13-ae45-98bb331f0669
YES,,Queue: C_FAKE_EMAIL,call,João Pedro Nascimento; Caio Melo,Vieira,05/12/25 11:04 AM,08/06/25 07:45 PM,1955278,Inbound/Outbound,,,C_FAKE_EMAIL,FAKE-WRAP-UP-DELETED,[LT] Fluxo_FAKE_v3,cce33ef8-29ba-4b63-97c8-f6f60c0b2fd7
YES,,Queue: C_FAKE_CHAT,call,Eduarda da Mata; Ana Vitória Correia,Azevedo,04/25/25 04:06 PM,06/26/25 03:14 PM,1995692,Outbound,,,C_FAKE_WHATSAPP,FAKE-WRAP-UP-COMPLETED,[LT] Fluxo_FAKE_v3,fcdfb559-ac17-4477-af09-dba1cc78f060
YES,,Queue: C_FAKE_WHATSAPP,message,Danilo Aragão,das Neves,08/22/25 06:10 AM,07/02/25 04:17 PM,644403,Outbound,,,C_FAKE_WHATSAPP,FAKE-WRAP-UP-COMPLETED,[LT] Fluxo_FAKE_v1,7a37593d-79de-4576-81cb-6f78ad994f15
YES,,Queue: C_FAKE_CHAT,email,João Guilherme Freitas,Lucca Caldeira,07/26/25 12:56 PM,02/23/25 10:24 AM,1338257,Inbound/Outbound,,,C_FAKE_SUPPORT,FAKE-WRAP-UP-DELETED,[LT] Fluxo_FAKE_v3,325a08ff-e538-4f54-a3fc-8e0deb250927
YES,,Queue: C_FAKE_EMAIL,call,Leonardo Campos; João Pedro Cardoso,Farias,08/12/25 10:06 PM,04/16/25 06:00 PM,217616,Inbound/Outbound,,,C_FAKE_CHAT,FAKE-WRAP-UP-COMPLETED,[LT] Fluxo_FAKE_v1,7c65182e-caec-402d-a05b-b3176bd55f21
YES,,Queue: C_FAKE_EMAIL,message,Júlia Costela,Carolina Farias,05/07/25 09:13 PM,08/12/25 06:44 PM,1374453,Inbound,,,C_FAKE_WHATSAPP,FAKE-WRAP-UP-DELETED,[LT] Fluxo_FAKE_v2,5d015d97-00b5-4e14-ac3f-d690603cbf33
YES,,Queue: C_FAKE_EMAIL,call,André Cunha; Sra. Ana Julia Teixeira,Anthony Costela,05/26/25 05:39 AM,07/08/25 07:21 PM,163805,Inbound,,,C_FAKE_WHATSAPP,FAKE-WRAP-UP-TIMEOUT,[LT] Fluxo_FAKE_v1,72cbf046-e83f-4e25-8e36-d254d01dc98b
YES,,Queue: C_FAKE_WHATSAPP,call,Enrico Nogueira; Juliana Barros,Sr. João Vitor Duarte,01/17/25 03:05 AM,06/03/25 09:05 PM,1741345,Inbound,,,C_FAKE_CHAT,FAKE-WRAP-UP-TIMEOUT,[LT] Fluxo_FAKE_v1,d448bf65-6f18-45e8-bd1b-d63a6553c98b
YES,,Queue: C_FAKE_EMAIL,message,João Lucas Barbosa; Thomas Souza,Ana Laura Pereira,04/14/25 07:07 AM,01/04/25 02:41 AM,625400,Outbound,,,C_FAKE_WHATSAPP,FAKE-WRAP-UP-COMPLETED,[LT] Fluxo_FAKE_v2,1ee51544-9677-4c87-8b86-57d59fb442ab
YES,,Queue: C_FAKE_CHAT,call,Enrico Barbosa,Ana Vitória da Cunha,01/23/25 07:08 PM,04/03/25 03:24 AM,1009410,Outbound,,,C_FAKE_SUPPORT,FAKE-WRAP-UP-COMPLETED,[LT] Fluxo_FAKE_v3,5d65ec01-24a6-4a6b-8760-416da39bb330
YES,,Queue: C_FAKE_WHATSAPP,email,Anthony Ferreira,da Cruz,03/19/25 04:25 PM,06/28/25 04:08 PM,1104944,Inbound,,,C_FAKE_WHATSAPP,FAKE-WRAP-UP-TIMEOUT,[LT] Fluxo_FAKE_v2,77ad7bd5-9184-4738-9efb-a775c1c93014
YES,,Queue: C_FAKE_WHATSAPP,message,Dra. Isabelly Dias,Murilo da Mata,06/02/25 09:38 AM,01/17/25 04:17 AM,576356,Outbound,,,C_FAKE_CHAT,FAKE-WRAP-UP-TIMEOUT,[LT] Fluxo_FAKE_v2,888fed6e-b773-4c47-9f8f-57a40cae965a
YES,,Queue: C_FAKE_WHATSAPP,message,Amanda Cunha; Isabel Sales,Martins,04/11/25 02:46 AM,04/17/25 03:50 AM,1383431,Inbound/Outbound,,,C_FAKE_WHATSAPP,FAKE-WRAP-UP-DELETED,[LT] Fluxo_FAKE_v2,f3aa6da6-972d-4b66-a152-75d6fb426ef0
YES,,Queue: C_FAKE_WHATSAPP,call,Augusto Lopes; Vinicius Gomes,Melo,03/29/25 10:21 AM,07/19/25 12:54 PM,499308,Inbound/Outbound,,,C_FAKE_CHAT,FAKE-WRAP-UP-TIMEOUT,[LT] Fluxo_FAKE_v1,042b949e-8eb4-40cb-9fd5-c6dd172f2203
YES,,Queue: C_FAKE_CHAT,email,Maria Eduarda Costa,Monteiro,09/02/25 09:02 AM,05/17/25 01:52 AM,1386916,Inbound/Outbound,,,C_FAKE_EMAIL,FAKE-WRAP-UP-DELETED,[LT] Fluxo_FAKE_v2,e2e58a89-488c-4a64-b61b-c766878644b9
YES,,Queue: C_FAKE_CHAT,call,Vitor Hugo Melo,Juliana da Cruz,03/07/25 04:41 AM,08/20/25 09:32 PM,583121,Outbound,,,C_FAKE_SUPPORT,FAKE-WRAP-UP-TIMEOUT,[LT] Fluxo_FAKE_v1,263f9b57-5ef9-41f8-af92-7913cb50d1f5
YES,,Queue: C_FAKE_EMAIL,call,Luiz Felipe Sales; Ian Oliveira,Alves,04/02/25 03:52 AM,06/08/25 02:27 PM,560662,Inbound,,,C_FAKE_EMAIL,FAKE-WRAP-UP-COMPLETED,[LT] Fluxo_FAKE_v3,d72199da-6b85-4f21-8f94-86881a40a57d
YES,,Queue: C_FAKE_WHATSAPP,call,Henrique Viana,Alice Porto,01/05/25 01:43 AM,04/26/25 02:01 AM,1259694,Inbound,,,C_FAKE_WHATSAPP,FAKE-WRAP-UP-DELETED,[LT] Fluxo_FAKE_v2,277dcdcb-a3ed-479c-9d1a-f7be72ebbf83
YES,,Queue: C_FAKE_EMAIL,message,Juliana Aragão,da Paz Moraes S/A,05/23/25 03:06 AM,07/15/25 05:19 PM,1441503,Outbound,,,C_FAKE_EMAIL,FAKE-WRAP-UP-COMPLETED,[LT] Fluxo_FAKE_v2,5fdc889f-122d-474d-86f4-d1bb5d7b83be
YES,,Queue: C_FAKE_EMAIL,email,Rodrigo Almeida; Leonardo Dias,Rebeca Carvalho,06/14/25 08:08 AM,07/13/25 12:50 AM,1754924,Outbound,,,C_FAKE_CHAT,FAKE-WRAP-UP-TIMEOUT,[LT] Fluxo_FAKE_v2,6c59e618-50e7-4079-9809-22f6cf18383a
YES,,Queue: C_FAKE_EMAIL,email,João Felipe Souza,Maria Julia Caldeira,05/26/25 12:31 AM,02/20/25 01:53 AM,1473344,Inbound,,,C_FAKE_SUPPORT,FAKE-WRAP-UP-DELETED,[LT] Fluxo_FAKE_v1,1336b1b5-4d5e-4dde-8172-f01c2de2da2b
YES,,Queue: C_FAKE_EMAIL,message,Felipe Martins; Leonardo Ferreira,Thales Nascimento,04/13/25 02:39 PM,05/22/25 09:27 PM,1888809,Inbound/Outbound,,,C_FAKE_CHAT,FAKE-WRAP-UP-DELETED,[LT] Fluxo_FAKE_v3,cfc85399-ae15-48b7-98d9-d47636bb36d1
YES,,Queue: C_FAKE_WHATSAPP,call,Dr. Nathan Barros; Dr. Cauã Cardoso,Marcela Teixeira,06/04/25 12:19 PM,06/18/25 07:57 PM,609742,Inbound,,,C_FAKE_CHAT,FAKE-WRAP-UP-COMPLETED,[LT] Fluxo_FAKE_v3,4ce35c00-efcd-4fae-be5c-32b8f6e47acc
YES,,Queue: C_FAKE_WHATSAPP,message,Sra. Maria Luiza da Rosa; Helena Nogueira,Marcos Vinicius Duarte,03/17/25 03:44 PM,05/06/25 03:45 AM,383076,Inbound,,,C_FAKE_WHATSAPP,FAKE-WRAP-UP-TIMEOUT,[LT] Fluxo_FAKE_v2,438b398d-7eb1-43a6-9b76-41e8b6a6d38f
YES,,Queue: C_FAKE_WHATSAPP,call,Natália Ramos,Maria Clara Almeida,05/26/25 08:18 AM,07/02/25 12:40 AM,1191706,Inbound,,,C_FAKE_EMAIL,FAKE-WRAP-UP-TIMEOUT,[LT] Fluxo_FAKE_v3,f877389b-2f8c-4b31-85a1-94110c96ccda
YES,,Queue: C_FAKE_WHATSAPP,email,Vinicius Rocha,Yasmin Carvalho,07/30/25 12:22 PM,04/14/25 01:19 AM,1954529,Inbound/Outbound,,,C_FAKE_SUPPORT,FAKE-WRAP-UP-DELETED,[LT] Fluxo_FAKE_v3,ce430e71-0187-49d3-9b04-954b3e8e6b61
YES,,Queue: C_FAKE_EMAIL,message,Ana Luiza da Mata; Antônio Moreira,Luiza Duarte,03/26/25 06:42 AM,03/15/25 03:42 PM,1775481,Inbound/Outbound,,,C_FAKE_EMAIL,FAKE-WRAP-UP-TIMEOUT,[LT] Fluxo_FAKE_v2,b0b128a2-24c6-4b6d-913f-cc1ad9add770
YES,,Queue: C_FAKE_EMAIL,message,Dra. Pietra Rocha,Yuri Cunha,03/23/25 04:26 PM,08/08/25 03:03 PM,592436,Inbound,,,C_FAKE_EMAIL,FAKE-WRAP-UP-COMPLETED,[LT] Fluxo_FAKE_v1,4a022f07-67a5-4989-9c51-0056ff9007e8
YES,,Queue: C_FAKE_WHATSAPP,email,Augusto da Mata; Beatriz Martins,da Cruz Novaes - ME,05/27/25 01:09 AM,08/28/25 05:45 PM,1971261,Outbound,,,C_FAKE_WHATSAPP,FAKE-WRAP-UP-TIMEOUT,[LT] Fluxo_FAKE_v3,2fd4332e-a71a-4595-97ff-4cccdc05fa81
YES,,Queue: C_FAKE_EMAIL,call,Davi Luiz Pires,Duarte,08/30/25 12:59 PM,03/03/25 10:12 PM,310117,Outbound,,,C_FAKE_SUPPORT,FAKE-WRAP-UP-DELETED,[LT] Fluxo_FAKE_v1,de1243a5-88f0-4a37-b88e-df3a394d35ac
YES,,Queue: C_FAKE_EMAIL,call,Sr. Augusto Cunha,da Mata Aragão - EI,02/06/25 11:24 AM,04/08/25 02:51 PM,1845844,Inbound/Outbound,,,C_FAKE_SUPPORT,FAKE-WRAP-UP-DELETED,[LT] Fluxo_FAKE_v3,10b4caaf-0008-4748-bdd7-e12fb051411b
YES,,Queue: C_FAKE_WHATSAPP,email,Mariana da Mota; Vitor Hugo da Luz,Gonçalves,02/23/25 05:03 PM,03/24/25 11:52 AM,910614,Inbound/Outbound,,,C_FAKE_SUPPORT,FAKE-WRAP-UP-TIMEOUT,[LT] Fluxo_FAKE_v3,a8eb7709-7ea0-4d8d-8c03-1bdff626a833
YES,,Queue: C_FAKE_CHAT,message,Otávio Souza; Otávio Alves,Luana Melo,05/05/25 04:42 PM,02/02/25 03:54 PM,1938413,Inbound,,,C_FAKE_CHAT,FAKE-WRAP-UP-TIMEOUT,[LT] Fluxo_FAKE_v2,b0a6b1c9-44cb-4c8d-97bd-e1f55408906f
YES,,Queue: C_FAKE_EMAIL,message,Sr. João Pedro Caldeira; Giovanna Pinto,Olivia Campos,03/20/25 08:20 AM,08/03/25 12:45 AM,868173,Inbound/Outbound,,,C_FAKE_WHATSAPP,FAKE-WRAP-UP-DELETED,[LT] Fluxo_FAKE_v1,078a53cf-1fd3-4eeb-b89c-730cf59b2080
YES,,Queue: C_FAKE_CHAT,call,Theo Novaes; Felipe da Rosa,da Mata Pinto e Filhos,02/28/25 11:12 AM,02/19/25 07:39 PM,1653524,Inbound,,,C_FAKE_SUPPORT,FAKE-WRAP-UP-COMPLETED,[LT] Fluxo_FAKE_v2,778446d0-77aa-4c1a-b30b-e62f7e25b982
YES,,Queue: C_FAKE_EMAIL,email,Emanuel Cardoso; Rebeca Santos,Novaes - ME,04/27/25 12:26 AM,07/05/25 04:36 PM,1338831,Inbound/Outbound,,,C_FAKE_EMAIL,FAKE-WRAP-UP-COMPLETED,[LT] Fluxo_FAKE_v2,71652926-cd7a-4c6f-acee-6d3b073d2bca
YES,,Queue: C_FAKE_CHAT,message,Emanuel Moreira; Erick Nascimento,Isaac Lopes,03/07/25 07:32 PM,08/31/25 07:12 AM,693982,Outbound,,,C_FAKE_CHAT,FAKE-WRAP-UP-COMPLETED,[LT] Fluxo_FAKE_v3,22a13052-4de2-4097-8bd0-69d980e05a64
YES,,Queue: C_FAKE_WHATSAPP,email,Esther Cardoso; Srta. Maysa Ribeiro,Sra. Sabrina Barros,02/21/25 08:54 AM,07/12/25 03:36 PM,1813214,Inbound,,,C_FAKE_WHATSAPP,FAKE-WRAP-UP-DELETED,[LT] Fluxo_FAKE_v1,a5e39314-ace6-49cb-84bc-969a452f03c9
YES,,Queue: C_FAKE_WHATSAPP,message,Lorena Moreira; Bárbara Pereira,Peixoto,02/23/25 11:38 AM,05/25/25 04:18 AM,1877639,Inbound,,,C_FAKE_CHAT,FAKE-WRAP-UP-DELETED,[LT] Fluxo_FAKE_v2,d783f6b5-009e-4ed2-ad0e-948491b56e0b
YES,,Queue: C_FAKE_CHAT,message,Bruna Alves; Felipe Nunes,Luiz Gustavo Moraes,09/04/25 08:02 AM,06/06/25 05:15 PM,1861985,Outbound,,,C_FAKE_WHATSAPP,FAKE-WRAP-UP-COMPLETED,[LT] Fluxo_FAKE_v2,432ad235-cba3-4f6a-b487-f4cee20eca24
YES,,Queue: C_FAKE_EMAIL,email,Sabrina Cardoso; Murilo Porto,Ian Rodrigues,09/08/25 06:15 PM,08/16/25 03:45 PM,1704139,Outbound,,,C_FAKE_EMAIL,FAKE-WRAP-UP-DELETED,[LT] Fluxo_FAKE_v3,ece136fe-85d0-433a-9abf-ac2435783a44
YES,,Queue: C_FAKE_WHATSAPP,message,Nicolas Rodrigues,Dra. Maria Cecília Freitas,08/21/25 07:13 AM,01/31/25 01:17 AM,1617278,Inbound/Outbound,,,C_FAKE_EMAIL,FAKE-WRAP-UP-DELETED,[LT] Fluxo_FAKE_v1,b4c0b8de-e9f5-42a0-9947-296641f7ce31
YES,,Queue: C_FAKE_EMAIL,email,Lara Azevedo; Sarah Lopes,Sr. Gustavo Henrique da Rocha,02/25/25 12:08 PM,06/11/25 10:13 PM,1292549,Outbound,,,C_FAKE_WHATSAPP,FAKE-WRAP-UP-TIMEOUT,[LT] Fluxo_FAKE_v3,4bede704-6fbf-4eed-9f55-2ac3c66b7b69
YES,,Queue: C_FAKE_CHAT,call,Cauê Costela; Srta. Maria Sophia Fernandes,Ana Luiza Costela,02/09/25 03:56 AM,03/02/25 10:51 PM,1707035,Inbound/Outbound,,,C_FAKE_SUPPORT,FAKE-WRAP-UP-COMPLETED,[LT] Fluxo_FAKE_v1,b4320daa-95f1-4f22-8c4d-2daeb7f63ccc
YES,,Queue: C_FAKE_WHATSAPP,message,Milena Cardoso; Ana Lívia Melo,Mendes,03/30/25 12:54 PM,04/08/25 03:56 PM,1186324,Inbound/Outbound,,,C_FAKE_EMAIL,FAKE-WRAP-UP-TIMEOUT,[LT] Fluxo_FAKE_v1,12bf7a23-b326-4e5e-810b-a241042b2a24
YES,,Queue: C_FAKE_EMAIL,email,Rodrigo Porto,Sarah da Cruz,02/23/25 09:19 AM,03/16/25 11:54 PM,109958,Outbound,,,C_FAKE_EMAIL,FAKE-WRAP-UP-TIMEOUT,[LT] Fluxo_FAKE_v2,87f330bc-f8e0-4258-9771-ae2ad10e095e
YES,,Queue: C_FAKE_EMAIL,call,Sra. Luna Jesus,da Cruz Mendes - ME,06/29/25 01:43 AM,07/15/25 05:46 PM,1965501,Outbound,,,C_FAKE_CHAT,FAKE-WRAP-UP-TIMEOUT,[LT] Fluxo_FAKE_v3,d8e5080a-1070-43c4-bddf-bc34b23283b2
YES,,Queue: C_FAKE_WHATSAPP,email,Stephany Santos; Bianca Costela,Levi Souza,09/07/25 04:49 PM,08/01/25 01:25 AM,1596119,Inbound,,,C_FAKE_WHATSAPP,FAKE-WRAP-UP-COMPLETED,[LT] Fluxo_FAKE_v1,546f97fb-0ecc-4af9-bbab-0e9ea62060b9
YES,,Queue: C_FAKE_CHAT,call,Maria Cecília Gonçalves,João Pedro Silveira,01/20/25 05:08 AM,05/30/25 07:03 AM,539268,Inbound,,,C_FAKE_CHAT,FAKE-WRAP-UP-COMPLETED,[LT] Fluxo_FAKE_v1,bb35a4c8-fcc9-4fa6-93b8-905eb29139a9
YES,,Queue: C_FAKE_WHATSAPP,call,Samuel Fernandes; Melissa Moura,Gabriela Rezende,08/12/25 06:57 AM,08/21/25 07:21 PM,172043,Inbound/Outbound,,,C_FAKE_CHAT,FAKE-WRAP-UP-DELETED,[LT] Fluxo_FAKE_v1,f7f2194d-dead-4c99-b8f3-90f48956c35c
YES,,Queue: C_FAKE_EMAIL,email,João Vitor Araújo; Giovanna Silva,Nina Pires,08/31/25 03:44 AM,04/15/25 02:25 PM,1667909,Inbound/Outbound,,,C_FAKE_SUPPORT,FAKE-WRAP-UP-COMPLETED,[LT] Fluxo_FAKE_v3,6306ac41-cbf9-4222-8669-4eaf913f1871
YES,,Queue: C_FAKE_CHAT,email,Renan Viana,Almeida Pires S.A.,03/20/25 04:32 AM,06/03/25 09:24 AM,1131510,Inbound/Outbound,,,C_FAKE_SUPPORT,FAKE-WRAP-UP-DELETED,[LT] Fluxo_FAKE_v3,d6e39e87-0cfa-4dd9-9e8c-6c82cdd1f547
YES,,Queue: C_FAKE_EMAIL,call,Ana Carolina da Conceição; Ana Júlia Nogueira,Costela,01/03/25 09:03 PM,02/08/25 10:20 AM,183804,Inbound/Outbound,,,C_FAKE_EMAIL,FAKE-WRAP-UP-COMPLETED,[LT] Fluxo_FAKE_v2,e69f4f21-5b38-4a6a-9299-4a476b2f92d6
YES,,Queue: C_FAKE_EMAIL,call,Dr. Rodrigo Santos; Emilly Melo,Natália Silveira,06/04/25 07:11 PM,05/06/25 05:40 AM,1503169,Inbound,,,C_FAKE_WHATSAPP,FAKE-WRAP-UP-DELETED,[LT] Fluxo_FAKE_v3,5bc4f273-c236-4295-8069-5fb853e946d9
YES,,Queue: C_FAKE_CHAT,call,Isabella Castro; Fernando Ribeiro,Freitas,01/03/25 05:19 AM,01/03/25 03:50 PM,1882667,Outbound,,,C_FAKE_CHAT,FAKE-WRAP-UP-DELETED,[LT] Fluxo_FAKE_v1,7247fae2-8616-4c8e-a2ec-14eb0d63bcae
YES,,Queue: C_FAKE_WHATSAPP,call,Dr. Luiz Miguel Costela; Rodrigo Caldeira,Cardoso,06/11/25 01:30 AM,05/29/25 02:13 PM,1345315,Inbound,,,C_FAKE_CHAT,FAKE-WRAP-UP-COMPLETED,[LT] Fluxo_FAKE_v3,1b445468-5339-4fbe-815e-e12f5a57ab46
YES,,Queue: C_FAKE_WHATSAPP,call,Davi Fernandes,Francisco Campos,07/18/25 10:54 PM,08/17/25 03:20 PM,1355672,Outbound,,,C_FAKE_WHATSAPP,FAKE-WRAP-UP-DELETED,[LT] Fluxo_FAKE_v3,4bcd9c1e-eed6-4834-b8e9-45559c934831
YES,,Queue: C_FAKE_WHATSAPP,email,Danilo da Paz,Luiz Miguel Oliveira,07/27/25 01:04 PM,06/15/25 08:44 AM,688162,Outbound,,,C_FAKE_EMAIL,FAKE-WRAP-UP-DELETED,[LT] Fluxo_FAKE_v1,3bbedece-c689-4b88-8337-0bc204595ccb
YES,,Queue: C_FAKE_CHAT,message,Dr. Augusto Campos,Alexia Farias,06/08/25 12:47 PM,03/17/25 08:04 AM,1205876,Inbound,,,C_FAKE_SUPPORT,FAKE-WRAP-UP-TIMEOUT,[LT] Fluxo_FAKE_v1,4c5d5377-9f49-4777-a1c3-fe980bab40d6
YES,,Queue: C_FAKE_WHATSAPP,call,Davi Lucas da Rosa,Melissa Oliveira,01/24/25 02:21 PM,03/09/25 07:49 AM,1584922,Outbound,,,C_FAKE_SUPPORT,FAKE-WRAP-UP-COMPLETED,[LT] Fluxo_FAKE_v2,55315e27-b195-406b-8c1c-bebc0b93aded
YES,,Queue: C_FAKE_CHAT,email,Srta. Maria Cecília Teixeira; Antônio Freitas,da Rosa Ltda.,08/13/25 02:57 PM,01/05/25 04:55 PM,1927415,Inbound/Outbound,,,C_FAKE_SUPPORT,FAKE-WRAP-UP-COMPLETED,[LT] Fluxo_FAKE_v1,a3520153-6eea-450d-8529-1309957946e4
YES,,Queue: C_FAKE_CHAT,call,Otávio Ribeiro,Rodrigues,02/22/25 09:38 AM,04/16/25 10:05 PM,1803854,Inbound,,,C_FAKE_CHAT,FAKE-WRAP-UP-COMPLETED,[LT] Fluxo_FAKE_v3,8e241f29-2721-4bbb-bd72-c77d562dbc19
YES,,Queue: C_FAKE_EMAIL,message,Carlos Eduardo da Rocha,Nogueira,08/25/25 03:57 PM,04/15/25 11:23 PM,1897612,Inbound/Outbound,,,C_FAKE_EMAIL,FAKE-WRAP-UP-DELETED,[LT] Fluxo_FAKE_v3,51599534-4c7f-4ca1-835f-edea86d10303
YES,,Queue: C_FAKE_EMAIL,call,Lucas Gabriel da Rocha; Dr. Vitor Gabriel Rodrigues,Luiz Gustavo Alves,08/11/25 01:05 PM,05/06/25 12:01 AM,1140402,Outbound,,,C_FAKE_WHATSAPP,FAKE-WRAP-UP-COMPLETED,[LT] Fluxo_FAKE_v1,f40e24dd-a39f-4087-a3e5-721c7f8e5198
YES,,Queue: C_FAKE_EMAIL,message,Murilo Fernandes,Mendes - EI,09/01/25 08:47 PM,08/02/25 12:27 AM,1604215,Inbound,,,C_FAKE_SUPPORT,FAKE-WRAP-UP-TIMEOUT,[LT] Fluxo_FAKE_v2,fb8b161e-a869-459e-a3ee-5bf60b8f6f57
YES,,Queue: C_FAKE_CHAT,email,Agatha da Cunha,Fogaça,02/27/25 03:26 AM,01/18/25 04:51 AM,827344,Outbound,,,C_FAKE_WHATSAPP,FAKE-WRAP-UP-COMPLETED,[LT] Fluxo_FAKE_v2,170bc3e2-f82d-4c3a-bbb7-7859cd2a915b
YES,,Queue: C_FAKE_EMAIL,call,Sr. Isaac Silveira,Aragão,07/02/25 12:04 AM,03/16/25 06:12 AM,211513,Inbound/Outbound,,,C_FAKE_WHATSAPP,FAKE-WRAP-UP-TIMEOUT,[LT] Fluxo_FAKE_v1,0a766472-2750-46d7-8fea-f4edd8298d37
YES,,Queue: C_FAKE_WHATSAPP,call,Caio Pires,Laís Ribeiro,04/21/25 10:56 PM,07/26/25 08:06 PM,709026,Outbound,,,C_FAKE_WHATSAPP,FAKE-WRAP-UP-COMPLETED,[LT] Fluxo_FAKE_v2,9c12d6f0-5cd1-4960-b5d4-a3be6fd13b5e
YES,,Queue: C_FAKE_EMAIL,call,Sr. Rafael Lima; Luiz Gustavo Pereira,Silveira,03/03/25 05:40 PM,03/20/25 05:48 AM,1353261,Inbound,,,C_FAKE_CHAT,FAKE-WRAP-UP-COMPLETED,[LT] Fluxo_FAKE_v2,c12e6c4d-85a0-40b4-8038-60ac00f20f74
YES,,Queue: C_FAKE_CHAT,message,Srta. Maria Lopes; Manuela Novaes,Dra. Emilly Cavalcanti,08/10/25 01:55 PM,06/13/25 05:20 AM,395206,Outbound,,,C_FAKE_WHATSAPP,FAKE-WRAP-UP-TIMEOUT,[LT] Fluxo_FAKE_v2,c43644fe-a58e-4128-bea4-2c0028bf9858
YES,,Queue: C_FAKE_CHAT,call,Davi Luiz Pereira; Vicente Moreira,Dra. Isis Freitas,03/06/25 08:52 AM,06/28/25 08:29 AM,1613071,Inbound/Outbound,,,C_FAKE_SUPPORT,FAKE-WRAP-UP-COMPLETED,[LT] Fluxo_FAKE_v3,4ae39c1e-7b06-483b-96b1-59816b8476fb
YES,,Queue: C_FAKE_WHATSAPP,message,Cecília Castro; Caroline Almeida,Juliana da Mata,08/18/25 06:30 AM,03/24/25 11:14 PM,607438,Outbound,,,C_FAKE_EMAIL,FAKE-WRAP-UP-COMPLETED,[LT] Fluxo_FAKE_v2,ea2d97c8-a469-4111-b773-84cda83e78b1
YES,,Queue: C_FAKE_CHAT,email,Ana Laura Moura; Luiz Miguel Carvalho,Viana,07/14/25 10:25 AM,02/28/25 02:11 AM,1578916,Inbound/Outbound,,,C_FAKE_WHATSAPP,FAKE-WRAP-UP-DELETED,[LT] Fluxo_FAKE_v3,e2e81848-258c-49b4-8768-92ba4b7ea28d
YES,,Queue: C_FAKE_CHAT,message,Isabelly Mendes; Gabriela Peixoto,Peixoto S.A.,04/02/25 11:38 AM,02/21/25 08:28 PM,1736906,Outbound,,,C_FAKE_CHAT,FAKE-WRAP-UP-DELETED,[LT] Fluxo_FAKE_v2,38561675-24f8-4a96-b995-30cf75cd9559
YES,,Queue: C_FAKE_CHAT,email,Lorena Costa,Santos,08/13/25 11:12 PM,01/11/25 11:25 AM,674382,Outbound,,,C_FAKE_SUPPORT,FAKE-WRAP-UP-DELETED,[LT] Fluxo_FAKE_v2,2bd7e12e-e247-4f64-a6c8-fd99fb0ee501
YES,,Queue: C_FAKE_CHAT,call,Lucas Caldeira,Thales Pereira,05/03/25 08:40 PM,04/16/25 10:03 PM,364250,Outbound,,,C_FAKE_SUPPORT,FAKE-WRAP-UP-DELETED,[LT] Fluxo_FAKE_v3,8aca873c-b6e7-452f-8ca8-f708df77c1cc
YES,,Queue: C_FAKE_EMAIL,email,Maysa Porto; Raul Vieira,Lucas Gabriel Porto,08/14/25 02:36 PM,05/06/25 10:12 AM,1303888,Inbound,,,C_FAKE_SUPPORT,FAKE-WRAP-UP-TIMEOUT,[LT] Fluxo_FAKE_v2,a08aee11-1212-4d81-826d-f154b4094d74
YES,,Queue: C_FAKE_WHATSAPP,call,Kamilly Sales; Dr. Eduardo Souza,Viana - EI,08/31/25 11:02 AM,01/16/25 10:53 AM,282159,Outbound,,,C_FAKE_EMAIL,FAKE-WRAP-UP-COMPLETED,[LT] Fluxo_FAKE_v2,35cb2430-bfba-4d0e-b3d2-a687d7ce6242
YES,,Queue: C_FAKE_WHATSAPP,message,Maitê Campos,Campos,05/05/25 10:23 AM,07/11/25 09:27 PM,978269,Inbound/Outbound,,,C_FAKE_WHATSAPP,FAKE-WRAP-UP-COMPLETED,[LT] Fluxo_FAKE_v2,94be70be-8ecd-4525-8ede-357a9a3f493e
YES,,Queue: C_FAKE_WHATSAPP,call,João Lucas Silva; Sophie Nogueira,João Vieira,03/23/25 02:15 PM,07/16/25 07:51 AM,1341550,Outbound,,,C_FAKE_SUPPORT,FAKE-WRAP-UP-COMPLETED,[LT] Fluxo_FAKE_v3,717bb519-8300-40fc-8ced-2d5d43799f1c
YES,,Queue: C_FAKE_EMAIL,email,Cecília Souza,da Costa S/A,07/06/25 12:28 AM,06/04/25 07:09 PM,1686444,Inbound,,,C_FAKE_CHAT,FAKE-WRAP-UP-DELETED,[LT] Fluxo_FAKE_v2,97fb450f-3ce0-4798-a6a3-da0d144b45a4
YES,,Queue: C_FAKE_EMAIL,message,Nina Cavalcanti; Carlos Eduardo Araújo,Helena Carvalho,08/01/25 12:06 PM,08/01/25 08:45 AM,329482,Outbound,,,C_FAKE_EMAIL,FAKE-WRAP-UP-COMPLETED,[LT] Fluxo_FAKE_v3,912ba8a6-edab-432d-a799-8565198a6a0c
YES,,Queue: C_FAKE_EMAIL,message,Vitória Viana,Melissa Nogueira,02/08/25 04:08 AM,07/18/25 08:28 AM,308990,Outbound,,,C_FAKE_EMAIL,FAKE-WRAP-UP-TIMEOUT,[LT] Fluxo_FAKE_v3,cef4b59b-d0c3-4115-a241-b4c0c45b2a95
YES,,Queue: C_FAKE_EMAIL,email,Pietro Rodrigues,João Nogueira,08/20/25 11:02 AM,01/15/25 05:35 AM,1117942,Inbound,,,C_FAKE_WHATSAPP,FAKE-WRAP-UP-COMPLETED,[LT] Fluxo_FAKE_v1,74660343-0c0d-40d9-9e50-e261df81ee4a
YES,,Queue: C_FAKE_WHATSAPP,call,Ana das Neves; Stephany da Conceição,Nogueira Vieira - EI,03/31/25 04:46 PM,03/28/25 10:56 PM,415111,Outbound,,,C_FAKE_WHATSAPP,FAKE-WRAP-UP-DELETED,[LT] Fluxo_FAKE_v1,82e9db99-b4d9-4221-a7c1-0651465fe8be
YES,,Queue: C_FAKE_WHATSAPP,message,Larissa Jesus; Laís Barbosa,Lopes Barbosa - ME,07/10/25 02:51 PM,05/08/25 08:17 AM,1775522,Inbound,,,C_FAKE_CHAT,FAKE-WRAP-UP-DELETED,[LT] Fluxo_FAKE_v2,69ec8c8e-9d3b-4012-82d3-066f75d265de
YES,,Queue: C_FAKE_WHATSAPP,message,Valentina das Neves; Joaquim Moraes,Alves,07/09/25 01:39 AM,06/21/25 06:09 PM,667730,Inbound,,,C_FAKE_EMAIL,FAKE-WRAP-UP-DELETED,[LT] Fluxo_FAKE_v3,c414c913-19ff-4c0d-bd5f-47323c72bab1
YES,,Queue: C_FAKE_EMAIL,call,Rafael da Rosa; Igor Melo,Sr. Rodrigo Lopes,06/20/25 08:53 PM,01/13/25 05:06 PM,1243345,Outbound,,,C_FAKE_SUPPORT,FAKE-WRAP-UP-DELETED,[LT] Fluxo_FAKE_v1,17f718db-a4ca-4318-a081-a7805b8392ce
YES,,Queue: C_FAKE_WHATSAPP,email,Luana das Neves,Emilly Freitas,04/13/25 07:08 AM,01/18/25 08:45 AM,1808928,Inbound,,,C_FAKE_CHAT,FAKE-WRAP-UP-TIMEOUT,[LT] Fluxo_FAKE_v2,82546e92-fb5a-435a-9e1d-f2e24fa977fc
YES,,Queue: C_FAKE_CHAT,message,Cecília Cavalcanti; Henrique Campos,Rocha,01/20/25 11:08 PM,02/09/25 06:27 PM,1249302,Inbound/Outbound,,,C_FAKE_SUPPORT,FAKE-WRAP-UP-TIMEOUT,[LT] Fluxo_FAKE_v2,3a10fd0f-efab-44b5-a702-a9a1c0a6a43b
YES,,Queue: C_FAKE_EMAIL,call,Vitória Martins; Eduardo Nunes,Correia,05/06/25 10:41 PM,09/01/25 07:22 PM,685698,Inbound,,,C_FAKE_WHATSAPP,FAKE-WRAP-UP-COMPLETED,[LT] Fluxo_FAKE_v3,ef346f0d-d1b2-4d0f-a4bf-4bffc0036851
YES,,Queue: C_FAKE_CHAT,call,Maria Cardoso,Srta. Maria Luiza Pires,06/24/25 09:25 PM,08/28/25 11:20 PM,1960941,Inbound,,,C_FAKE_WHATSAPP,FAKE-WRAP-UP-DELETED,[LT] Fluxo_FAKE_v2,dfab7b0e-0dae-48ee-89a8-77747247d6f8
YES,,Queue: C_FAKE_EMAIL,email,Enzo Jesus; Emanuelly Moraes,Maitê Gonçalves,04/13/25 07:06 AM,06/10/25 12:14 AM,504317,Inbound,,,C_FAKE_SUPPORT,FAKE-WRAP-UP-DELETED,[LT] Fluxo_FAKE_v2,cf699c98-9312-420c-b918-68e3f9f08c1c
YES,,Queue: C_FAKE_EMAIL,call,Antônio Dias,Pereira,04/26/25 07:04 PM,01/09/25 09:46 AM,1006030,Outbound,,,C_FAKE_SUPPORT,FAKE-WRAP-UP-TIMEOUT,[LT] Fluxo_FAKE_v1,f008a202-37ca-44f6-ae97-f8ce10ff2cbb
YES,,Queue: C_FAKE_WHATSAPP,email,Paulo Lopes; Clara Sales,Costa Moraes - EI,07/13/25 11:44 AM,05/23/25 03:50 AM,180570,Outbound,,,C_FAKE_CHAT,FAKE-WRAP-UP-COMPLETED,[LT] Fluxo_FAKE_v3,2900b3a7-eac0-4858-b4d7-d74873f833d3
YES,,Queue: C_FAKE_EMAIL,email,Rafaela da Conceição,Dias,02/10/25 01:38 PM,07/17/25 04:38 PM,1012040,Inbound,,,C_FAKE_EMAIL,FAKE-WRAP-UP-TIMEOUT,[LT] Fluxo_FAKE_v1,c626625c-8f3f-47ac-b634-100c64bc999b
YES,,Queue: C_FAKE_EMAIL,email,Srta. Rafaela Azevedo; Miguel Carvalho,Dr. Thales Jesus,09/07/25 12:50 PM,03/05/25 01:35 PM,844402,Inbound,,,C_FAKE_CHAT,FAKE-WRAP-UP-DELETED,[LT] Fluxo_FAKE_v3,3a0505ee-3a0d-42a1-9257-5c4bfef540ca
YES,,Queue: C_FAKE_WHATSAPP,call,Heitor Carvalho; Sarah Moura,Marcos Vinicius Monteiro,09/01/25 10:28 AM,04/09/25 06:08 PM,1018598,Inbound,,,C_FAKE_EMAIL,FAKE-WRAP-UP-TIMEOUT,[LT] Fluxo_FAKE_v3,6ecff11d-9544-48b4-bf58-282a899c7e9a
YES,,Queue: C_FAKE_WHATSAPP,email,Alice Rezende,Jesus Gonçalves - ME,07/02/25 09:30 PM,04/09/25 09:07 PM,363498,Outbound,,,C_FAKE_WHATSAPP,FAKE-WRAP-UP-TIMEOUT,[LT] Fluxo_FAKE_v3,1f5121a6-ba26-4bc3-ad3b-4adc6386d673
YES,,Queue: C_FAKE_CHAT,message,Dr. Marcelo Gomes,Ana Júlia Rodrigues,04/14/25 11:28 PM,08/25/25 07:22 PM,835399,Inbound/Outbound,,,C_FAKE_EMAIL,FAKE-WRAP-UP-COMPLETED,[LT] Fluxo_FAKE_v3,7123dc83-104a-47ea-acb8-cc221d6a62d5
YES,,Queue: C_FAKE_CHAT,email,Joaquim Alves,Davi Luiz Cardoso,07/19/25 11:17 AM,02/06/25 12:32 PM,694935,Outbound,,,C_FAKE_SUPPORT,FAKE-WRAP-UP-DELETED,[LT] Fluxo_FAKE_v3,1261d4df-8d43-430e-9085-f5b7678c9f93
YES,,Queue: C_FAKE_WHATSAPP,message,Esther Castro,Yuri Jesus,04/17/25 04:48 AM,07/06/25 05:22 AM,501210,Inbound/Outbound,,,C_FAKE_WHATSAPP,FAKE-WRAP-UP-COMPLETED,[LT] Fluxo_FAKE_v3,0efeae46-e3ad-4b6e-b2f4-f8d562f87a47
YES,,Queue: C_FAKE_WHATSAPP,message,Dra. Eloah da Rocha; Sra. Lavínia Gomes,Costela - EI,02/18/25 04:34 PM,07/28/25 04:01 AM,1367050,Inbound,,,C_FAKE_WHATSAPP,FAKE-WRAP-UP-TIMEOUT,[LT] Fluxo_FAKE_v3,a30d5097-aa18-4a7d-89e2-b4f467b28af7
YES,,Queue: C_FAKE_EMAIL,email,Eduardo Araújo; Kevin Monteiro,Srta. Maria Julia Nogueira,03/14/25 04:30 PM,02/15/25 06:33 AM,1625730,Inbound/Outbound,,,C_FAKE_SUPPORT,FAKE-WRAP-UP-COMPLETED,[LT] Fluxo_FAKE_v3,6a65d16c-3048-46aa-a404-5f1e8ecdf68c
YES,,Queue: C_FAKE_CHAT,message,Lavínia Ramos; Noah Nascimento,Oliveira,06/19/25 03:13 AM,01/31/25 06:38 AM,189067,Inbound,,,C_FAKE_EMAIL,FAKE-WRAP-UP-TIMEOUT,[LT] Fluxo_FAKE_v2,503e19e9-ff54-4b60-a3b9-89fa0062050e
YES,,Queue: C_FAKE_EMAIL,call,Sra. Eduarda Freitas; Arthur Cunha,Daniel das Neves,04/15/25 08:08 AM,08/27/25 08:16 AM,1196637,Inbound/Outbound,,,C_FAKE_WHATSAPP,FAKE-WRAP-UP-COMPLETED,[LT] Fluxo_FAKE_v1,1286dfff-0a24-44f3-8b51-dc9996a0465b
YES,,Queue: C_FAKE_CHAT,email,Thiago Pires,Maria Clara das Neves,06/13/25 11:46 AM,07/09/25 02:33 PM,1062239,Outbound,,,C_FAKE_CHAT,FAKE-WRAP-UP-TIMEOUT,[LT] Fluxo_FAKE_v1,04221ae9-bd88-4958-9e00-9ef45bab5aec
YES,,Queue: C_FAKE_CHAT,call,Lucas Porto,Martins S.A.,09/04/25 08:49 PM,04/29/25 05:29 AM,1176956,Outbound,,,C_FAKE_SUPPORT,FAKE-WRAP-UP-DELETED,[LT] Fluxo_FAKE_v2,1ecbd35e-6752-4efb-9072-d99446ad0f26
YES,,Queue: C_FAKE_WHATSAPP,email,Gustavo Araújo; Bárbara da Rosa,Yago Monteiro,01/25/25 08:05 AM,06/27/25 08:08 PM,1918688,Outbound,,,C_FAKE_CHAT,FAKE-WRAP-UP-COMPLETED,[LT] Fluxo_FAKE_v1,e8706ff9-653c-469a-99f9-b0084dd5ec39
YES,,Queue: C_FAKE_CHAT,message,Dr. Henrique Cunha,Barros,02/12/25 05:40 PM,08/02/25 10:30 AM,562757,Inbound,,,C_FAKE_EMAIL,FAKE-WRAP-UP-TIMEOUT,[LT] Fluxo_FAKE_v1,c0696036-7d57-4db0-bf0f-ac32623c22d1
YES,,Queue: C_FAKE_WHATSAPP,email,João Miguel da Rosa; Miguel Moraes,Dra. Isis Melo,05/19/25 06:18 AM,08/15/25 06:40 AM,737345,Inbound,,,C_FAKE_CHAT,FAKE-WRAP-UP-COMPLETED,[LT] Fluxo_FAKE_v1,2ec5ee8a-a3ad-4476-a86f-756ac207eff8
YES,,Queue: C_FAKE_EMAIL,call,Nina Pires; Emanuella Carvalho,Barbosa,01/11/25 05:22 AM,03/26/25 12:21 AM,671934,Inbound,,,C_FAKE_SUPPORT,FAKE-WRAP-UP-DELETED,[LT] Fluxo_FAKE_v2,caf5c7b4-f7ff-408a-9bba-8812ed632454
YES,,Queue: C_FAKE_EMAIL,call,Giovanna Almeida,Melo Mendes S/A,03/22/25 09:22 PM,04/16/25 06:42 AM,1699398,Outbound,,,C_FAKE_EMAIL,FAKE-WRAP-UP-TIMEOUT,[LT] Fluxo_FAKE_v3,aeefc38e-ece4-4dd8-89de-4eebc78c7f0f
YES,,Queue: C_FAKE_EMAIL,email,Marcos Vinicius Nunes; Bianca da Mata,Almeida Jesus - ME,04/04/25 04:09 PM,04/01/25 03:40 PM,948984,Inbound,,,C_FAKE_EMAIL,FAKE-WRAP-UP-TIMEOUT,[LT] Fluxo_FAKE_v3,5c776b87-ecd6-4988-80b0-5a6b10ec3c87
YES,,Queue: C_FAKE_WHATSAPP,email,João Miguel Cardoso; Dr. Gustavo da Paz,João Gabriel Carvalho,02/14/25 10:48 AM,04/12/25 06:02 AM,1940908,Outbound,,,C_FAKE_WHATSAPP,FAKE-WRAP-UP-COMPLETED,[LT] Fluxo_FAKE_v2,753ebae7-969e-4677-881b-5f7db259c528
YES,,Queue: C_FAKE_WHATSAPP,email,Manuela Rezende; Gabrielly da Rosa,Daniel Alves,04/23/25 10:27 AM,01/06/25 10:09 AM,1499155,Inbound,,,C_FAKE_SUPPORT,FAKE-WRAP-UP-DELETED,[LT] Fluxo_FAKE_v3,3e6d9f97-4910-4373-927d-b562954a29b9
YES,,Queue: C_FAKE_CHAT,email,Luna Pinto; Ana Luiza Silva,Benjamin Souza,05/26/25 05:42 AM,07/14/25 11:25 PM,1595166,Inbound,,,C_FAKE_SUPPORT,FAKE-WRAP-UP-TIMEOUT,[LT] Fluxo_FAKE_v2,b91c3516-1993-444b-8f4d-626e0d358bc3
YES,,Queue: C_FAKE_WHATSAPP,email,Dra. Luana Farias,Henrique da Rocha,08/15/25 03:24 AM,02/02/25 05:48 PM,726264,Outbound,,,C_FAKE_SUPPORT,FAKE-WRAP-UP-DELETED,[LT] Fluxo_FAKE_v3,109ec9c3-f035-481d-9793-d05053172e89
YES,,Queue: C_FAKE_WHATSAPP,message,Enzo Pinto; Maria Alice Oliveira,Pedro Lucas Cavalcanti,01/06/25 05:46 PM,07/08/25 04:46 PM,908459,Inbound,,,C_FAKE_EMAIL,FAKE-WRAP-UP-DELETED,[LT] Fluxo_FAKE_v3,8c7dacfa-13de-487a-8c6a-b706cc6606e7
YES,,Queue: C_FAKE_EMAIL,email,Ana Luiza Barbosa,Souza,05/05/25 07:23 AM,06/14/25 08:55 AM,812923,Inbound/Outbound,,,C_FAKE_CHAT,FAKE-WRAP-UP-COMPLETED,[LT] Fluxo_FAKE_v2,c2cffc0f-54a6-409a-a0fd-e1804d1af053
YES,,Queue: C_FAKE_CHAT,call,Ana Beatriz Oliveira,da Conceição - ME,08/13/25 01:05 PM,03/18/25 08:46 PM,1539977,Outbound,,,C_FAKE_CHAT,FAKE-WRAP-UP-TIMEOUT,[LT] Fluxo_FAKE_v1,b8b34edc-cf02-4db8-acab-e1e93e906a8c
YES,,Queue: C_FAKE_CHAT,call,João Lucas Ferreira,Thales da Paz,01/05/25 06:03 PM,06/06/25 11:49 PM,1244818,Inbound,,,C_FAKE_SUPPORT,FAKE-WRAP-UP-DELETED,[LT] Fluxo_FAKE_v2,31fb18bc-2f47-480c-8d83-e591088270ec
YES,,Queue: C_FAKE_CHAT,message,Diego Santos,Helena Melo,01/08/25 07:51 AM,05/07/25 06:38 PM,764622,Outbound,,,C_FAKE_WHATSAPP,FAKE-WRAP-UP-TIMEOUT,[LT] Fluxo_FAKE_v1,2b0f225c-235a-403a-94b8-a420ea5f05f4
YES,,Queue: C_FAKE_CHAT,message,Vicente Castro; Gustavo da Costa,João Oliveira,07/06/25 01:38 PM,01/15/25 05:46 AM,1830659,Inbound,,,C_FAKE_CHAT,FAKE-WRAP-UP-DELETED,[LT] Fluxo_FAKE_v1,418f69ac-134c-4e86-90a6-45681a648d30
YES,,Queue: C_FAKE_EMAIL,call,Sr. Anthony Castro,Lara Farias,03/21/25 10:15 PM,07/21/25 04:17 PM,1770411,Outbound,,,C_FAKE_EMAIL,FAKE-WRAP-UP-DELETED,[LT] Fluxo_FAKE_v3,da566160-22bc-466b-a0f4-1f0b24019b6a
YES,,Queue: C_FAKE_CHAT,call,Guilherme Azevedo,Ian Dias,08/17/25 12:13 AM,02/20/25 04:16 PM,859904,Outbound,,,C_FAKE_CHAT,FAKE-WRAP-UP-COMPLETED,[LT] Fluxo_FAKE_v3,0c14bea9-2d14-40be-aa32-e76f2f270678
YES,,Queue: C_FAKE_CHAT,message,Dr. Daniel Araújo,Barbosa S/A,02/14/25 05:21 AM,03/22/25 04:13 PM,227636,Inbound,,,C_FAKE_CHAT,FAKE-WRAP-UP-COMPLETED,[LT] Fluxo_FAKE_v1,3585ffbf-4e86-4d9c-88c0-5a8b418aeb2e
YES,,Queue: C_FAKE_WHATSAPP,call,Murilo Castro,Enzo da Luz,05/22/25 05:09 AM,03/12/25 12:01 PM,1158440,Inbound/Outbound,,,C_FAKE_EMAIL,FAKE-WRAP-UP-DELETED,[LT] Fluxo_FAKE_v3,f90d3083-f492-4446-a0fb-298e845ba11c
YES,,Queue: C_FAKE_CHAT,call,Enrico da Cruz; Thomas Fernandes,Oliveira,04/21/25 12:37 AM,05/10/25 10:10 AM,1232133,Inbound,,,C_FAKE_WHATSAPP,FAKE-WRAP-UP-TIMEOUT,[LT] Fluxo_FAKE_v3,2f88198b-4de5-4f26-b771-ad8920514ac6
YES,,Queue: C_FAKE_CHAT,call,Juliana Jesus; Paulo Pires,Vitória Almeida,03/09/25 06:55 AM,04/13/25 09:56 AM,1127945,Inbound/Outbound,,,C_FAKE_EMAIL,FAKE-WRAP-UP-TIMEOUT,[LT] Fluxo_FAKE_v2,6ded13fe-6e17-4778-8312-5afa956a1351
YES,,Queue: C_FAKE_CHAT,message,Gabriel da Luz; Srta. Sabrina Moraes,Leandro Ramos,09/05/25 06:04 AM,07/03/25 09:50 PM,1573400,Inbound/Outbound,,,C_FAKE_EMAIL,FAKE-WRAP-UP-COMPLETED,[LT] Fluxo_FAKE_v2,d2296fce-ddf1-4853-a7a8-3acba006b58f
YES,,Queue: C_FAKE_WHATSAPP,message,Guilherme Vieira; Marina Moreira,Ribeiro Dias Ltda.,06/07/25 04:41 AM,02/05/25 06:34 PM,374244,Inbound/Outbound,,,C_FAKE_EMAIL,FAKE-WRAP-UP-COMPLETED,[LT] Fluxo_FAKE_v2,ff4daa0c-2d74-4f85-b038-389555a8e46d
YES,,Queue: C_FAKE_WHATSAPP,message,Juliana Moura,Sr. Gabriel Rodrigues,06/01/25 11:52 AM,03/03/25 05:55 AM,715929,Inbound,,,C_FAKE_EMAIL,FAKE-WRAP-UP-DELETED,[LT] Fluxo_FAKE_v1,df5181bc-3f0c-4f7d-899b-d7825ea6c0a0
YES,,Queue: C_FAKE_EMAIL,email,Maitê Caldeira,Peixoto,04/27/25 01:33 PM,02/10/25 08:46 PM,369861,Inbound,,,C_FAKE_CHAT,FAKE-WRAP-UP-TIMEOUT,[LT] Fluxo_FAKE_v2,fe1c4a28-c862-470c-b904-ffb1443ff733
YES,,Queue: C_FAKE_CHAT,message,Sr. Felipe Nunes,Pietra Moura,03/03/25 08:21 PM,04/23/25 01:25 AM,1547520,Inbound,,,C_FAKE_CHAT,FAKE-WRAP-UP-DELETED,[LT] Fluxo_FAKE_v2,fe0fd9ec-c707-4546-b108-3466e0cee4a8
YES,,Queue: C_FAKE_WHATSAPP,call,Vitor Hugo Novaes,Rebeca Lopes,04/01/25 02:44 PM,05/12/25 06:59 AM,1177264,Outbound,,,C_FAKE_CHAT,FAKE-WRAP-UP-COMPLETED,[LT] Fluxo_FAKE_v2,b2e0c353-949f-4826-8faa-586e3558483c
YES,,Queue: C_FAKE_EMAIL,message,Dra. Júlia Costela,Stella Vieira,05/12/25 04:29 PM,04/08/25 12:41 AM,455239,Inbound,,,C_FAKE_CHAT,FAKE-WRAP-UP-COMPLETED,[LT] Fluxo_FAKE_v3,e09f3c1f-33da-4f19-8a25-97ae2772d577
YES,,Queue: C_FAKE_WHATSAPP,email,Sra. Luna da Costa; Calebe Mendes,Ana Júlia da Cruz,09/06/25 10:07 PM,06/27/25 05:45 PM,151039,Inbound,,,C_FAKE_SUPPORT,FAKE-WRAP-UP-DELETED,[LT] Fluxo_FAKE_v2,ef1b64cb-b2a5-485b-a515-a145dd0885b1
YES,,Queue: C_FAKE_CHAT,message,Catarina Vieira; Igor Fogaça,Rafael Gomes,06/09/25 01:09 PM,08/02/25 12:39 AM,429326,Inbound,,,C_FAKE_CHAT,FAKE-WRAP-UP-DELETED,[LT] Fluxo_FAKE_v2,6dddd10d-bfc3-45bc-800d-d8dd541a1fab
YES,,Queue: C_FAKE_EMAIL,message,Raul Araújo; Valentina Castro,Sabrina Teixeira,02/27/25 03:12 AM,04/25/25 11:14 PM,1980786,Outbound,,,C_FAKE_EMAIL,FAKE-WRAP-UP-COMPLETED,[LT] Fluxo_FAKE_v2,a38ff713-9719-416c-b86b-687490c50d15
YES,,Queue: C_FAKE_WHATSAPP,message,Paulo Viana; Ana Julia Peixoto,João Gabriel das Neves,07/14/25 05:12 AM,02/02/25 08:26 AM,980480,Inbound,,,C_FAKE_SUPPORT,FAKE-WRAP-UP-TIMEOUT,[LT] Fluxo_FAKE_v2,c817b181-e59d-4d4d-a4c6-56e119fc4dff
YES,,Queue: C_FAKE_CHAT,call,Milena da Paz,Carvalho,01/12/25 08:24 AM,04/06/25 02:06 AM,1338412,Inbound,,,C_FAKE_WHATSAPP,FAKE-WRAP-UP-COMPLETED,[LT] Fluxo_FAKE_v2,354ddb65-ce70-4e5a-bf42-20cb05eb4925
YES,,Queue: C_FAKE_WHATSAPP,call,Ana Nascimento; Lucas da Cunha,Caio Freitas,07/28/25 06:43 AM,08/27/25 06:39 AM,370153,Inbound/Outbound,,,C_FAKE_SUPPORT,FAKE-WRAP-UP-COMPLETED,[LT] Fluxo_FAKE_v3,f57c2a25-7b62-4e6a-9084-44736c71dad1
YES,,Queue: C_FAKE_WHATSAPP,call,Raquel Aragão,Nogueira Freitas - EI,03/22/25 06:45 PM,02/15/25 06:12 PM,1840434,Outbound,,,C_FAKE_WHATSAPP,FAKE-WRAP-UP-DELETED,[LT] Fluxo_FAKE_v1,faa2bdc6-1f5b-4f8d-baad-a63321be9f38
YES,,Queue: C_FAKE_EMAIL,call,João Vitor da Paz,Stella Jesus,06/21/25 03:56 PM,06/04/25 03:00 AM,1092300,Outbound,,,C_FAKE_EMAIL,FAKE-WRAP-UP-TIMEOUT,[LT] Fluxo_FAKE_v3,47291e1d-a477-4a78-92c4-c1082f16ec7f
YES,,Queue: C_FAKE_WHATSAPP,call,Vinicius da Cunha; Pietra Gonçalves,Dr. Emanuel da Mota,08/21/25 04:20 AM,02/12/25 06:52 AM,1859646,Inbound/Outbound,,,C_FAKE_WHATSAPP,FAKE-WRAP-UP-DELETED,[LT] Fluxo_FAKE_v3,ee457bb8-bf80-48b4-a381-7db975c32e98
YES,,Queue: C_FAKE_CHAT,email,Maria Sophia Jesus; Enrico Novaes,Emanuella Santos,02/01/25 12:56 AM,02/12/25 03:45 PM,765508,Inbound,,,C_FAKE_SUPPORT,FAKE-WRAP-UP-COMPLETED,[LT] Fluxo_FAKE_v1,b3d8149e-69e2-4089-a45c-26e92e783af9
YES,,Queue: C_FAKE_EMAIL,message,Raquel Gonçalves; Laís Carvalho,Júlia Porto,01/10/25 10:22 PM,06/09/25 09:15 PM,1720295,Outbound,,,C_FAKE_EMAIL,FAKE-WRAP-UP-TIMEOUT,[LT] Fluxo_FAKE_v2,3964ef48-8cfa-4ea8-a395-f2fcae92d5ea
YES,,Queue: C_FAKE_EMAIL,call,Isaac das Neves; Ana Sophia Azevedo,João Pedro Cavalcanti,03/07/25 10:43 PM,05/16/25 09:20 PM,1558071,Inbound/Outbound,,,C_FAKE_EMAIL,FAKE-WRAP-UP-COMPLETED,[LT] Fluxo_FAKE_v2,070cdacd-923b-4c06-85fa-bf97c907460e
YES,,Queue: C_FAKE_EMAIL,message,João Farias,Azevedo,02/01/25 01:48 PM,03/17/25 02:37 PM,1497541,Outbound,,,C_FAKE_SUPPORT,FAKE-WRAP-UP-DELETED,[LT] Fluxo_FAKE_v3,f8d91bd6-45ad-48ed-bb4b-b2ab39f6c0f7
YES,,Queue: C_FAKE_WHATSAPP,email,Enrico Ribeiro; Kamilly Rocha,Yasmin da Rocha,04/17/25 06:26 AM,07/27/25 04:23 AM,1226327,Inbound/Outbound,,,C_FAKE_CHAT,FAKE-WRAP-UP-TIMEOUT,[LT] Fluxo_FAKE_v3,0babd139-480c-469d-99b3-3751cb68abfa
YES,,Queue: C_FAKE_EMAIL,message,Maria Cecília Ferreira,Caldeira S/A,06/18/25 02:40 PM,07/11/25 04:54 PM,789224,Inbound/Outbound,,,C_FAKE_CHAT,FAKE-WRAP-UP-DELETED,[LT] Fluxo_FAKE_v2,12ebfd94-09a6-46a9-b76d-353d99ba118b
YES,,Queue: C_FAKE_EMAIL,email,Marcelo Carvalho,Nunes S/A,04/20/25 09:03 PM,08/13/25 02:32 PM,1921043,Inbound,,,C_FAKE_EMAIL,FAKE-WRAP-UP-DELETED,[LT] Fluxo_FAKE_v1,a9b4e9c5-971e-4001-b5db-4827a78a380b
YES,,Queue: C_FAKE_EMAIL,message,Ana Júlia Araújo; Henrique da Cruz,Davi Lucas Souza,08/07/25 04:33 AM,06/12/25 12:51 AM,772810,Inbound,,,C_FAKE_EMAIL,FAKE-WRAP-UP-TIMEOUT,[LT] Fluxo_FAKE_v1,1e7b5e00-ed03-4b70-aac0-1a5cda6c59b2
YES,,Queue: C_FAKE_CHAT,email,Maria Cecília Azevedo,Barbosa S.A.,04/24/25 09:25 AM,02/26/25 01:42 AM,328552,Outbound,,,C_FAKE_CHAT,FAKE-WRAP-UP-TIMEOUT,[LT] Fluxo_FAKE_v1,c50b9ab2-d87b-489e-b46c-02891f3afde8
YES,,Queue: C_FAKE_EMAIL,message,Francisco Santos; Sra. Fernanda Vieira,Davi Lucas Caldeira,03/23/25 08:57 AM,05/04/25 11:38 PM,938147,Inbound/Outbound,,,C_FAKE_SUPPORT,FAKE-WRAP-UP-COMPLETED,[LT] Fluxo_FAKE_v1,0fb6d2b3-6ceb-499e-931e-b238328e2a64
YES,,Queue: C_FAKE_EMAIL,call,Sra. Maria Fernanda Castro; Maria Sophia Castro,Viana Nascimento S/A,02/01/25 12:08 AM,05/06/25 07:12 PM,1044803,Inbound/Outbound,,,C_FAKE_SUPPORT,FAKE-WRAP-UP-DELETED,[LT] Fluxo_FAKE_v1,daef3802-1950-455f-bb05-7bd0c9863afd
YES,,Queue: C_FAKE_WHATSAPP,email,Srta. Vitória Sales,Emanuel Cunha,02/07/25 11:11 PM,08/15/25 09:38 AM,413625,Inbound/Outbound,,,C_FAKE_EMAIL,FAKE-WRAP-UP-DELETED,[LT] Fluxo_FAKE_v3,d8fc0b1e-ed1c-4073-8f37-4486ae8d67b5
YES,,Queue: C_FAKE_CHAT,message,Daniel Jesus; Natália Almeida,Silveira Carvalho Ltda.,02/05/25 05:38 PM,02/16/25 07:18 AM,1657229,Inbound,,,C_FAKE_WHATSAPP,FAKE-WRAP-UP-DELETED,[LT] Fluxo_FAKE_v3,7599b3df-889b-4b65-9723-52ce21ecd4d2
YES,,Queue: C_FAKE_WHATSAPP,call,Fernanda Lopes; Luigi Cardoso,Pinto Ribeiro - EI,05/24/25 02:41 AM,07/10/25 03:08 PM,1276921,Outbound,,,C_FAKE_SUPPORT,FAKE-WRAP-UP-COMPLETED,[LT] Fluxo_FAKE_v3,6dbf7fbc-dc35-4b5a-8b68-8c40616cab19
YES,,Queue: C_FAKE_EMAIL,email,Otávio Cardoso,Vieira Cardoso S/A,09/05/25 10:41 AM,07/13/25 09:58 PM,1089181,Inbound/Outbound,,,C_FAKE_EMAIL,FAKE-WRAP-UP-DELETED,[LT] Fluxo_FAKE_v2,1c77857a-f87a-4edb-9d5a-c3804d39f29f
YES,,Queue: C_FAKE_WHATSAPP,email,Isis Costa; Esther da Cunha,da Costa Costa Ltda.,04/21/25 06:41 AM,01/19/25 02:19 PM,1294341,Outbound,,,C_FAKE_CHAT,FAKE-WRAP-UP-DELETED,[LT] Fluxo_FAKE_v1,15183e2c-3cca-4de2-b5c1-accc137d97fc
YES,,Queue: C_FAKE_CHAT,message,Sr. Isaac Barros; Maria Vitória Pinto,Nogueira Campos - ME,08/01/25 06:29 PM,04/09/25 08:39 AM,402587,Inbound/Outbound,,,C_FAKE_WHATSAPP,FAKE-WRAP-UP-DELETED,[LT] Fluxo_FAKE_v3,2acef9bd-564e-4d79-982a-344fd06c0d92
YES,,Queue: C_FAKE_EMAIL,email,Sr. Vitor Gabriel Sales,Cardoso,01/01/25 06:47 PM,02/23/25 10:55 PM,798050,Outbound,,,C_FAKE_EMAIL,FAKE-WRAP-UP-TIMEOUT,[LT] Fluxo_FAKE_v1,7c8f1e1a-4872-4803-9d00-3081a20c1072
YES,,Queue: C_FAKE_EMAIL,call,Srta. Rafaela Rezende; Maria Cecília Freitas,Marcela Moraes,06/15/25 09:51 AM,06/01/25 03:02 PM,1418824,Inbound/Outbound,,,C_FAKE_CHAT,FAKE-WRAP-UP-TIMEOUT,[LT] Fluxo_FAKE_v2,91f97c16-81b6-43bd-8846-8d499ac11a87
YES,,Queue: C_FAKE_EMAIL,email,Clarice Caldeira,Moura S/A,08/18/25 11:05 AM,09/02/25 03:36 AM,600223,Outbound,,,C_FAKE_CHAT,FAKE-WRAP-UP-COMPLETED,[LT] Fluxo_FAKE_v1,6ec480b2-573a-492a-bb00-037fb364c1fd
YES,,Queue: C_FAKE_CHAT,email,Isabel Nunes; João Guilherme Moreira,da Conceição,03/13/25 01:09 PM,06/24/25 02:02 AM,1021775,Outbound,,,C_FAKE_SUPPORT,FAKE-WRAP-UP-TIMEOUT,[LT] Fluxo_FAKE_v3,74a7c15b-161f-40eb-b972-ff40a35de603
YES,,Queue: C_FAKE_CHAT,call,João Pedro Nunes,Moreira Nunes Ltda.,01/11/25 01:18 AM,04/11/25 01:58 PM,367590,Outbound,,,C_FAKE_WHATSAPP,FAKE-WRAP-UP-COMPLETED,[LT] Fluxo_FAKE_v3,79f61159-020b-453b-9fbc-277061fdf942
YES,,Queue: C_FAKE_CHAT,call,Rafael Barbosa,Gonçalves e Filhos,04/17/25 02:06 PM,02/13/25 04:45 AM,993643,Inbound/Outbound,,,C_FAKE_CHAT,FAKE-WRAP-UP-COMPLETED,[LT] Fluxo_FAKE_v2,fca0cd72-014d-4114-b8f4-9961d6bdb561
YES,,Queue: C_FAKE_EMAIL,message,Maitê Peixoto,Francisco Barbosa,07/18/25 07:43 PM,06/22/25 08:26 PM,950262,Inbound/Outbound,,,C_FAKE_EMAIL,FAKE-WRAP-UP-TIMEOUT,[LT] Fluxo_FAKE_v3,e07fb751-1a44-4ac6-8eda-d670c72cee50
YES,,Queue: C_FAKE_CHAT,email,Alexandre Oliveira,Viana,08/21/25 07:47 PM,01/23/25 09:52 PM,1066220,Inbound/Outbound,,,C_FAKE_WHATSAPP,FAKE-WRAP-UP-COMPLETED,[LT] Fluxo_FAKE_v1,f8d4b975-fcff-4ed9-859e-141cac1ce3b2
YES,,Queue: C_FAKE_EMAIL,message,Luigi Cunha,Almeida Ribeiro - ME,03/07/25 10:32 AM,03/16/25 03:11 PM,204448,Inbound,,,C_FAKE_SUPPORT,FAKE-WRAP-UP-DELETED,[LT] Fluxo_FAKE_v2,1f28b08d-1c7f-4315-b859-75b0806272a1
YES,,Queue: C_FAKE_CHAT,email,Sr. Daniel Dias; Marcos Vinicius da Conceição,da Luz da Costa Ltda.,01/06/25 02:45 AM,07/28/25 04:20 AM,1094233,Inbound,,,C_FAKE_WHATSAPP,FAKE-WRAP-UP-DELETED,[LT] Fluxo_FAKE_v3,ddc7af59-53a5-4fb6-b896-3d04471886d9
YES,,Queue: C_FAKE_WHATSAPP,message,Luiz Miguel da Mota,Jesus,01/13/25 09:47 AM,01/01/25 12:00 PM,279809,Inbound/Outbound,,,C_FAKE_EMAIL,FAKE-WRAP-UP-DELETED,[LT] Fluxo_FAKE_v1,b9ee2247-09fc-4dac-979e-f85745de0e0b
YES,,Queue: C_FAKE_WHATSAPP,email,Emanuelly Porto,Yasmin Correia,03/30/25 02:43 PM,05/25/25 08:51 PM,992566,Outbound,,,C_FAKE_CHAT,FAKE-WRAP-UP-DELETED,[LT] Fluxo_FAKE_v3,b45c25af-1a0e-4e79-8821-1db0e3d0ef71
YES,,Queue: C_FAKE_EMAIL,message,Felipe Monteiro; Alice Lopes,Ian Pires,02/26/25 01:15 PM,03/05/25 11:24 PM,784873,Inbound,,,C_FAKE_WHATSAPP,FAKE-WRAP-UP-DELETED,[LT] Fluxo_FAKE_v1,9790808a-87d6-4a5b-a4a4-11c9c421fa75
YES,,Queue: C_FAKE_EMAIL,call,Alexandre Pinto,Cauã Moreira,07/10/25 01:18 AM,08/05/25 03:11 AM,1717781,Inbound,,,C_FAKE_EMAIL,FAKE-WRAP-UP-COMPLETED,[LT] Fluxo_FAKE_v2,c25905bf-994a-404f-8a7a-b509fb04f274
YES,,Queue: C_FAKE_CHAT,message,Marcela Duarte,Costela - EI,01/07/25 04:15 PM,01/29/25 06:25 AM,1852362,Outbound,,,C_FAKE_EMAIL,FAKE-WRAP-UP-DELETED,[LT] Fluxo_FAKE_v1,1a321483-4cd3-4b05-a51b-c4b406132523
YES,,Queue: C_FAKE_CHAT,message,Esther Melo,Jesus Cardoso - EI,05/10/25 07:00 AM,02/19/25 12:42 AM,1456817,Outbound,,,C_FAKE_SUPPORT,FAKE-WRAP-UP-DELETED,[LT] Fluxo_FAKE_v3,c2cda60a-82b2-485a-8319-cd6fc9617519
YES,,Queue: C_FAKE_EMAIL,email,Pietro Ferreira; Lucas Oliveira,Gomes,09/02/25 04:54 AM,02/20/25 01:22 AM,841449,Inbound,,,C_FAKE_WHATSAPP,FAKE-WRAP-UP-COMPLETED,[LT] Fluxo_FAKE_v1,15c2b871-2cdf-4e10-8952-56f88cf44c1c
YES,,Queue: C_FAKE_EMAIL,message,Maitê das Neves; João Pedro das Neves,Sales,08/06/25 04:32 AM,09/07/25 12:18 PM,273277,Outbound,,,C_FAKE_WHATSAPP,FAKE-WRAP-UP-TIMEOUT,[LT] Fluxo_FAKE_v2,ac76dac0-0662-4d8a-b7d3-48efb5dab58c
YES,,Queue: C_FAKE_CHAT,email,Lucas Gabriel Correia; Bianca Castro,Rafael Pires,04/08/25 07:35 AM,04/04/25 12:46 AM,1089035,Inbound/Outbound,,,C_FAKE_CHAT,FAKE-WRAP-UP-TIMEOUT,[LT] Fluxo_FAKE_v1,98a494d1-670a-42c8-b872-76f0d26fdb7e
YES,,Queue: C_FAKE_CHAT,email,Alana Lopes; Dr. João Felipe Sales,Lima,01/09/25 02:23 AM,07/31/25 01:15 PM,1126597,Inbound,,,C_FAKE_SUPPORT,FAKE-WRAP-UP-COMPLETED,[LT] Fluxo_FAKE_v2,936f017a-2fc3-46b1-873b-dfcbc2728e4a
YES,,Queue: C_FAKE_CHAT,call,Srta. Kamilly Pinto; Maysa Barros,Sra. Isabella da Costa,07/21/25 09:05 PM,08/25/25 12:31 AM,522191,Inbound/Outbound,,,C_FAKE_CHAT,FAKE-WRAP-UP-TIMEOUT,[LT] Fluxo_FAKE_v2,03c82477-6ddc-43ff-8b10-96c0cd0e823c
YES,,Queue: C_FAKE_EMAIL,call,Ana Clara Barros; Helena Peixoto,Eduarda Dias,06/25/25 04:10 PM,04/17/25 03:58 AM,576131,Inbound/Outbound,,,C_FAKE_EMAIL,FAKE-WRAP-UP-DELETED,[LT] Fluxo_FAKE_v3,0b1134bb-e4c8-44a7-b1ad-673d5f0a8b79
YES,,Queue: C_FAKE_EMAIL,email,João Lopes,Leonardo Peixoto,02/06/25 04:59 AM,03/28/25 11:26 AM,1790816,Inbound/Outbound,,,C_FAKE_WHATSAPP,FAKE-WRAP-UP-COMPLETED,[LT] Fluxo_FAKE_v1,11b154fc-8f65-4132-a9f4-2e236b12bd63
YES,,Queue: C_FAKE_CHAT,call,Nicolas Vieira,Cunha Ltda.,03/27/25 10:06 AM,09/04/25 02:47 PM,402570,Inbound,,,C_FAKE_SUPPORT,FAKE-WRAP-UP-COMPLETED,[LT] Fluxo_FAKE_v2,31c78f1c-47c5-44e3-8314-48cb053f349f
YES,,Queue: C_FAKE_CHAT,message,Rebeca Nunes,Novaes Gonçalves Ltda.,04/28/25 12:15 AM,06/28/25 01:56 PM,395906,Inbound/Outbound,,,C_FAKE_SUPPORT,FAKE-WRAP-UP-TIMEOUT,[LT] Fluxo_FAKE_v3,dc14124d-7fb7-491d-965d-7815c61c79b4
YES,,Queue: C_FAKE_EMAIL,message,Igor Alves; Esther da Mata,Vinicius da Conceição,04/08/25 07:07 AM,03/09/25 02:48 PM,1082630,Outbound,,,C_FAKE_EMAIL,FAKE-WRAP-UP-COMPLETED,[LT] Fluxo_FAKE_v1,01387010-8325-4783-8d2d-e4cb366c6b8a
YES,,Queue: C_FAKE_EMAIL,email,Guilherme Cardoso,Rafaela Costela,04/30/25 01:02 PM,02/12/25 10:58 PM,1059012,Inbound,,,C_FAKE_EMAIL,FAKE-WRAP-UP-TIMEOUT,[LT] Fluxo_FAKE_v3,3f21360a-578d-465f-94bc-0607b85b81c2
YES,,Queue: C_FAKE_CHAT,email,Maria Vitória Cavalcanti,Dr. Ian Ramos,04/20/25 10:27 AM,08/16/25 04:12 AM,1910775,Inbound,,,C_FAKE_CHAT,FAKE-WRAP-UP-DELETED,[LT] Fluxo_FAKE_v1,2c92f14d-6259-44b2-875f-0f97ed9c52a7
YES,,Queue: C_FAKE_WHATSAPP,call,Maria Fernanda Nascimento,da Cruz Ltda.,03/05/25 09:38 PM,05/24/25 06:36 AM,651719,Inbound/Outbound,,,C_FAKE_SUPPORT,FAKE-WRAP-UP-DELETED,[LT] Fluxo_FAKE_v3,ff2af7ad-3d39-45bb-8fba-257b73c1f6a2
YES,,Queue: C_FAKE_WHATSAPP,message,Enzo Gabriel da Conceição,Vitória Mendes,08/21/25 10:23 PM,04/24/25 01:24 AM,770247,Inbound,,,C_FAKE_SUPPORT,FAKE-WRAP-UP-DELETED,[LT] Fluxo_FAKE_v1,38e4cbdf-ee50-4b8d-ae68-92435bdcb2a9
YES,,Queue: C_FAKE_WHATSAPP,message,Igor Teixeira; Luiz Miguel Nogueira,Augusto Freitas,01/08/25 08:47 PM,02/24/25 07:13 AM,449829,Outbound,,,C_FAKE_CHAT,FAKE-WRAP-UP-TIMEOUT,[LT] Fluxo_FAKE_v3,2f0ee497-646e-4d6b-af61-9f659ae7e3fd
YES,,Queue: C_FAKE_EMAIL,message,Dra. Maria Vitória Carvalho,da Cruz,02/08/25 12:41 PM,07/08/25 12:00 PM,1386479,Inbound/Outbound,,,C_FAKE_SUPPORT,FAKE-WRAP-UP-DELETED,[LT] Fluxo_FAKE_v1,99a93fad-282f-47e5-b386-fc844ba548a8
YES,,Queue: C_FAKE_WHATSAPP,email,Cauê Araújo,Carvalho,06/08/25 04:02 AM,06/30/25 04:53 AM,1602258,Inbound,,,C_FAKE_WHATSAPP,FAKE-WRAP-UP-COMPLETED,[LT] Fluxo_FAKE_v1,2d44f50e-c4e3-45ed-ad77-ed378aa499b7
YES,,Queue: C_FAKE_EMAIL,email,João Gabriel Duarte; Camila Nunes,da Rocha,07/04/25 09:49 AM,01/02/25 10:10 PM,822520,Outbound,,,C_FAKE_CHAT,FAKE-WRAP-UP-TIMEOUT,[LT] Fluxo_FAKE_v2,204ec480-fc77-4405-b8a6-8341656e5a10
YES,,Queue: C_FAKE_EMAIL,call,Sr. Enrico Costa,Nicolas da Cruz,07/14/25 05:22 AM,01/18/25 12:54 PM,431627,Inbound,,,C_FAKE_CHAT,FAKE-WRAP-UP-COMPLETED,[LT] Fluxo_FAKE_v1,f007eee0-c7bd-4b63-8819-7b4c4d547b96
YES,,Queue: C_FAKE_EMAIL,call,Sr. Diego da Costa,Kaique Castro,08/16/25 04:57 AM,01/19/25 10:22 PM,1178642,Outbound,,,C_FAKE_EMAIL,FAKE-WRAP-UP-TIMEOUT,[LT] Fluxo_FAKE_v2,a49acb02-3d46-4a7f-9392-81001b32bc3b
YES,,Queue: C_FAKE_CHAT,email,Enrico Moura,Clarice Rodrigues,08/23/25 03:30 PM,07/09/25 05:09 AM,230538,Inbound,,,C_FAKE_SUPPORT,FAKE-WRAP-UP-COMPLETED,[LT] Fluxo_FAKE_v3,00871d18-0fd1-4e3b-9a8c-449215b25915
YES,,Queue: C_FAKE_WHATSAPP,email,Pedro Aragão; Thales Mendes,Castro,05/27/25 07:52 AM,02/26/25 06:54 PM,379548,Outbound,,,C_FAKE_WHATSAPP,FAKE-WRAP-UP-DELETED,[LT] Fluxo_FAKE_v2,60671542-572b-4bf9-9778-c1a02f281d8e
YES,,Queue: C_FAKE_CHAT,email,Dra. Nicole Freitas; Sra. Ana Clara Silva,Sra. Isabella Lima,01/01/25 10:54 PM,06/24/25 01:36 PM,242228,Inbound,,,C_FAKE_EMAIL,FAKE-WRAP-UP-DELETED,[LT] Fluxo_FAKE_v3,cfd86194-9f24-44ca-bf5c-381594516729
YES,,Queue: C_FAKE_CHAT,email,Enzo Almeida; Yago Monteiro,Srta. Beatriz Dias,02/02/25 04:09 AM,05/30/25 01:07 PM,984801,Inbound,,,C_FAKE_WHATSAPP,FAKE-WRAP-UP-COMPLETED,[LT] Fluxo_FAKE_v2,7729407f-77fe-4c7b-a0a5-741ea6a0b2d0
YES,,Queue: C_FAKE_WHATSAPP,email,Stella Cardoso; Isaac Nascimento,Leonardo Gomes,04/06/25 04:09 AM,06/22/25 09:48 AM,182504,Inbound/Outbound,,,C_FAKE_EMAIL,FAKE-WRAP-UP-TIMEOUT,[LT] Fluxo_FAKE_v2,1e46ecdc-bd76-4a7d-8849-7cca034a0aab
YES,,Queue: C_FAKE_CHAT,message,Evelyn Moraes,Renan Cavalcanti,02/01/25 04:15 AM,06/25/25 06:58 AM,931022,Inbound,,,C_FAKE_CHAT,FAKE-WRAP-UP-COMPLETED,[LT] Fluxo_FAKE_v2,f81d4272-6d8b-443e-bfbb-667df95a5a97
YES,,Queue: C_FAKE_EMAIL,message,Raquel Pereira,Caldeira,05/14/25 07:54 PM,03/10/25 03:51 PM,1185673,Outbound,,,C_FAKE_SUPPORT,FAKE-WRAP-UP-COMPLETED,[LT] Fluxo_FAKE_v3,e575eeb5-a5ea-4d8f-b88e-f5c1a8a94ed5
YES,,Queue: C_FAKE_EMAIL,message,Ana Clara Costela; Yuri da Cruz,Martins - ME,08/01/25 02:30 PM,01/22/25 08:06 AM,1144900,Inbound/Outbound,,,C_FAKE_SUPPORT,FAKE-WRAP-UP-TIMEOUT,[LT] Fluxo_FAKE_v1,cc1241a5-12fd-46db-a984-af6c6822b2cd
YES,,Queue: C_FAKE_EMAIL,call,Dra. Ana Carolina da Costa,Felipe Campos,02/14/25 05:24 AM,06/01/25 06:26 PM,709122,Inbound,,,C_FAKE_CHAT,FAKE-WRAP-UP-TIMEOUT,[LT] Fluxo_FAKE_v1,ae044525-8c0e-4204-a045-b3f37a7c61f7
YES,,Queue: C_FAKE_WHATSAPP,message,Alice Nogueira,Luana Pereira,03/21/25 10:03 AM,05/11/25 05:13 AM,889031,Inbound,,,C_FAKE_EMAIL,FAKE-WRAP-UP-COMPLETED,[LT] Fluxo_FAKE_v2,32cbd134-26b2-4c9a-a2af-08443efebc12
YES,,Queue: C_FAKE_CHAT,email,Luiza Costa,Isabella da Costa,01/28/25 07:28 PM,02/23/25 02:48 PM,1839736,Outbound,,,C_FAKE_CHAT,FAKE-WRAP-UP-COMPLETED,[LT] Fluxo_FAKE_v3,844e19ff-a2c1-4893-9198-a56060e8b47c
YES,,Queue: C_FAKE_EMAIL,message,Sra. Melissa Silva,Dr. Enzo Gabriel Sales,02/02/25 12:57 PM,02/02/25 06:47 AM,1482878,Inbound,,,C_FAKE_WHATSAPP,FAKE-WRAP-UP-TIMEOUT,[LT] Fluxo_FAKE_v2,9b34c649-26f8-43c6-9886-8d4d493bafc4
YES,,Queue: C_FAKE_CHAT,email,Diogo Aragão; Antônio Farias,Mendes,04/06/25 09:41 AM,08/10/25 06:53 AM,1119530,Inbound/Outbound,,,C_FAKE_WHATSAPP,FAKE-WRAP-UP-TIMEOUT,[LT] Fluxo_FAKE_v3,e869c41d-9089-44b1-89b2-1c3bc099739c
YES,,Queue: C_FAKE_EMAIL,message,Srta. Elisa Cardoso; Danilo Ferreira,Isabel Santos,05/28/25 02:46 PM,05/28/25 01:45 PM,647521,Outbound,,,C_FAKE_SUPPORT,FAKE-WRAP-UP-TIMEOUT,[LT] Fluxo_FAKE_v3,f88cd2b0-2076-4df3-b56c-d31f9cd3bbe5
YES,,Queue: C_FAKE_CHAT,message,Sophia Teixeira; Sra. Ana Lívia Rodrigues,Maria Clara da Paz,07/12/25 11:44 PM,06/10/25 06:57 AM,1753365,Inbound,,,C_FAKE_SUPPORT,FAKE-WRAP-UP-DELETED,[LT] Fluxo_FAKE_v2,e1e3f5cf-1252-453b-91f3-b11c57adfb93
YES,,Queue: C_FAKE_WHATSAPP,message,Sr. Luiz Miguel Cunha,Caio Castro,04/17/25 05:14 PM,01/12/25 06:43 PM,1519330,Inbound,,,C_FAKE_SUPPORT,FAKE-WRAP-UP-COMPLETED,[LT] Fluxo_FAKE_v3,5a64b5e8-cdc7-43a0-a349-2ba3d084b7df
YES,,Queue: C_FAKE_CHAT,message,Samuel Pereira; Evelyn da Mata,Laura das Neves,05/24/25 05:28 AM,01/25/25 04:55 PM,1703344,Outbound,,,C_FAKE_CHAT,FAKE-WRAP-UP-TIMEOUT,[LT] Fluxo_FAKE_v3,2ede3ede-7ce3-4a45-a4fd-f258ce3413ea
YES,,Queue: C_FAKE_WHATSAPP,message,Ian Monteiro; Felipe Rodrigues,Dr. Ian Nogueira,08/27/25 07:07 AM,07/02/25 05:50 AM,604703,Inbound,,,C_FAKE_EMAIL,FAKE-WRAP-UP-TIMEOUT,[LT] Fluxo_FAKE_v1,8768462a-429b-41a5-a925-c72bfa38b5d4
YES,,Queue: C_FAKE_WHATSAPP,email,Maitê Gonçalves; Lara da Cruz,Guilherme Gomes,05/23/25 06:21 PM,02/16/25 05:24 PM,1262493,Inbound/Outbound,,,C_FAKE_EMAIL,FAKE-WRAP-UP-COMPLETED,[LT] Fluxo_FAKE_v3,a01f1549-6823-4869-8e8c-378e058cd5ca
YES,,Queue: C_FAKE_WHATSAPP,call,Ian Almeida,Costela,08/09/25 09:19 AM,06/12/25 03:33 PM,1644983,Inbound/Outbound,,,C_FAKE_SUPPORT,FAKE-WRAP-UP-TIMEOUT,[LT] Fluxo_FAKE_v2,edc6722f-88a9-44a1-a211-5e1753b5af5a
YES,,Queue: C_FAKE_WHATSAPP,message,Sr. Danilo Barros,Costela,06/23/25 05:13 PM,06/12/25 07:01 AM,1915689,Outbound,,,C_FAKE_SUPPORT,FAKE-WRAP-UP-COMPLETED,[LT] Fluxo_FAKE_v2,98e725ea-2de8-4ea2-be00-2a34b60199e4
YES,,Queue: C_FAKE_CHAT,call,Vicente Lopes; Srta. Mariana Pires,Stephany da Rosa,04/10/25 11:08 PM,04/15/25 01:58 PM,1326964,Outbound,,,C_FAKE_CHAT,FAKE-WRAP-UP-DELETED,[LT] Fluxo_FAKE_v2,2188966e-12ac-4cff-a373-9fe7ddd12868
YES,,Queue: C_FAKE_WHATSAPP,call,Ana Sophia Jesus; Valentina Moura,Diego da Conceição,03/18/25 01:46 AM,04/24/25 04:13 PM,832555,Inbound/Outbound,,,C_FAKE_CHAT,FAKE-WRAP-UP-TIMEOUT,[LT] Fluxo_FAKE_v1,8cd39b4e-7622-4679-be51-471be49a4f58
YES,,Queue: C_FAKE_EMAIL,message,Dra. Natália Almeida; João Felipe Sales,Cunha,05/26/25 02:01 AM,02/15/25 03:13 AM,634979,Inbound,,,C_FAKE_EMAIL,FAKE-WRAP-UP-DELETED,[LT] Fluxo_FAKE_v2,b2b7a188-4a93-43ba-850e-7e3add305848
YES,,Queue: C_FAKE_CHAT,email,Ana Beatriz Ramos; Emanuel Dias,Mariana Souza,02/22/25 12:32 AM,02/06/25 08:28 AM,1024570,Outbound,,,C_FAKE_EMAIL,FAKE-WRAP-UP-TIMEOUT,[LT] Fluxo_FAKE_v2,ae3e0c98-8e35-490d-b3e9-9f684ae8285c
YES,,Queue: C_FAKE_EMAIL,call,Yago Farias,Pires da Costa e Filhos,01/22/25 06:53 PM,08/09/25 08:25 AM,817940,Outbound,,,C_FAKE_SUPPORT,FAKE-WRAP-UP-TIMEOUT,[LT] Fluxo_FAKE_v3,51106091-450c-4687-b402-4e90b2df1a53
YES,,Queue: C_FAKE_EMAIL,call,Theo Novaes,Nunes,06/22/25 10:11 PM,01/05/25 01:31 PM,1576721,Inbound,,,C_FAKE_SUPPORT,FAKE-WRAP-UP-DELETED,[LT] Fluxo_FAKE_v1,a150ddd7-6830-463b-b277-22a7653a8465
YES,,Queue: C_FAKE_EMAIL,email,Raul Cunha; Lara da Paz,Correia S/A,02/23/25 05:13 PM,02/28/25 08:32 PM,563054,Outbound,,,C_FAKE_CHAT,FAKE-WRAP-UP-TIMEOUT,[LT] Fluxo_FAKE_v1,d74c8860-f2fb-42c6-925b-53f506edd6bb
YES,,Queue: C_FAKE_WHATSAPP,call,Thiago Silveira; Luiz Fernando Fogaça,João Pedro Fernandes,07/30/25 10:24 PM,03/21/25 01:07 AM,666099,Inbound,,,C_FAKE_SUPPORT,FAKE-WRAP-UP-TIMEOUT,[LT] Fluxo_FAKE_v3,36677765-c0b3-413a-be2b-7fe8346030ec
YES,,Queue: C_FAKE_WHATSAPP,email,Lavínia Nascimento,Silva S.A.,07/29/25 07:33 PM,08/24/25 01:21 AM,461007,Inbound/Outbound,,,C_FAKE_EMAIL,FAKE-WRAP-UP-COMPLETED,[LT] Fluxo_FAKE_v3,bd74f9d3-b949-4125-bfaf-15be67ccfdf3
YES,,Queue: C_FAKE_CHAT,call,Ana Júlia da Rocha; Alana Melo,Nicole Fernandes,08/24/25 01:49 PM,04/22/25 02:05 AM,1252267,Inbound,,,C_FAKE_CHAT,FAKE-WRAP-UP-DELETED,[LT] Fluxo_FAKE_v2,ea7dbecd-e06f-40d4-af53-5f89e401ce0f
YES,,Queue: C_FAKE_WHATSAPP,call,Beatriz Araújo,Peixoto,04/19/25 05:09 PM,08/09/25 04:33 PM,992987,Inbound,,,C_FAKE_CHAT,FAKE-WRAP-UP-TIMEOUT,[LT] Fluxo_FAKE_v3,1d1d0eaa-0d4f-4743-957d-5102b716d761
YES,,Queue: C_FAKE_WHATSAPP,call,Danilo Ferreira,Isadora Carvalho,08/08/25 12:09 AM,03/25/25 01:20 PM,898184,Inbound,,,C_FAKE_CHAT,FAKE-WRAP-UP-TIMEOUT,[LT] Fluxo_FAKE_v1,a7308128-d32a-40f6-8cc7-754d5fcb995b
YES,,Queue: C_FAKE_WHATSAPP,call,Breno Cavalcanti; Dr. João Vitor Correia,Monteiro,07/26/25 01:30 AM,09/07/25 10:30 AM,1469943,Inbound,,,C_FAKE_WHATSAPP,FAKE-WRAP-UP-COMPLETED,[LT] Fluxo_FAKE_v1,0c7d5796-e0b5-4dd0-8a77-fcc00f5d1a02
YES,,Queue: C_FAKE_CHAT,email,Luiz Miguel Silva; Maysa Azevedo,Fernando Campos,01/24/25 06:54 PM,04/20/25 10:59 AM,253947,Outbound,,,C_FAKE_WHATSAPP,FAKE-WRAP-UP-TIMEOUT,[LT] Fluxo_FAKE_v2,105a1242-3df3-4349-859d-cfb50fba4244
YES,,Queue: C_FAKE_CHAT,call,Dr. João Pedro Silva,Cardoso,03/24/25 10:40 PM,05/09/25 05:25 AM,1684777,Outbound,,,C_FAKE_SUPPORT,FAKE-WRAP-UP-TIMEOUT,[LT] Fluxo_FAKE_v1,a78f49f2-a261-46dc-85be-ac2f30e0ee79
YES,,Queue: C_FAKE_CHAT,call,Guilherme Silva,Rocha Lima - ME,05/05/25 03:59 AM,05/17/25 07:20 PM,1734974,Inbound,,,C_FAKE_SUPPORT,FAKE-WRAP-UP-DELETED,[LT] Fluxo_FAKE_v1,0ac4a07c-3274-4991-8cc8-c8078174a096
YES,,Queue: C_FAKE_EMAIL,email,Maysa Alves; João Silveira,Dr. Gustavo Henrique Porto,02/12/25 05:10 PM,07/09/25 03:42 AM,852932,Outbound,,,C_FAKE_SUPPORT,FAKE-WRAP-UP-DELETED,[LT] Fluxo_FAKE_v3,8c85af35-7367-42c7-90cd-e5c3d73e5632
YES,,Queue: C_FAKE_CHAT,call,Arthur Carvalho,da Costa - ME,02/09/25 09:18 PM,06/07/25 04:59 AM,688843,Inbound,,,C_FAKE_CHAT,FAKE-WRAP-UP-COMPLETED,[LT] Fluxo_FAKE_v2,b1a4675d-86f1-46d9-9b37-16cfe5bfca33
YES,,Queue: C_FAKE_EMAIL,email,Melissa da Rocha,Cavalcanti,06/19/25 07:10 AM,02/06/25 06:38 AM,1321381,Inbound/Outbound,,,C_FAKE_CHAT,FAKE-WRAP-UP-COMPLETED,[LT] Fluxo_FAKE_v2,ed871e96-8415-4038-9da5-f6751b50e4d6
YES,,Queue: C_FAKE_EMAIL,message,Lara Silveira,Ana Sophia Cardoso,08/09/25 09:08 PM,08/10/25 08:46 PM,473199,Inbound,,,C_FAKE_EMAIL,FAKE-WRAP-UP-DELETED,[LT] Fluxo_FAKE_v2,62a84555-d4e4-485e-939c-2bfc78536a36
YES,,Queue: C_FAKE_WHATSAPP,email,Isabella Silveira,da Paz da Cruz - ME,01/26/25 12:06 PM,07/05/25 01:12 AM,1292697,Outbound,,,C_FAKE_WHATSAPP,FAKE-WRAP-UP-DELETED,[LT] Fluxo_FAKE_v2,5223111f-b82b-4912-8aab-d482deaa3d09
YES,,Queue: C_FAKE_EMAIL,call,Isaac Teixeira,João Lucas da Mota,04/10/25 06:12 AM,05/19/25 11:09 AM,1335349,Inbound/Outbound,,,C_FAKE_SUPPORT,FAKE-WRAP-UP-COMPLETED,[LT] Fluxo_FAKE_v3,968b42cc-1125-42b3-8a03-abeba4c487d5
YES,,Queue: C_FAKE_CHAT,call,Dr. Igor Pires,Srta. Maria Cecília Moura,04/06/25 09:24 PM,05/22/25 03:40 PM,1777003,Inbound/Outbound,,,C_FAKE_CHAT,FAKE-WRAP-UP-DELETED,[LT] Fluxo_FAKE_v1,3f59dfa0-fcc5-44be-bd4a-5466f3acca68
YES,,Queue: C_FAKE_EMAIL,message,Milena Silva; Gustavo Henrique da Cruz,Juliana da Conceição,02/06/25 02:36 PM,07/01/25 07:14 PM,251857,Outbound,,,C_FAKE_SUPPORT,FAKE-WRAP-UP-COMPLETED,[LT] Fluxo_FAKE_v2,7b62e628-b34d-4ab6-86da-d79be7c9b4b3
YES,,Queue: C_FAKE_CHAT,call,Sr. Bernardo Melo,Pereira,06/16/25 02:59 AM,08/01/25 08:13 PM,728292,Inbound,,,C_FAKE_WHATSAPP,FAKE-WRAP-UP-TIMEOUT,[LT] Fluxo_FAKE_v2,3540a26d-de77-4d4f-9ad1-0cac7c20ecf5
YES,,Queue: C_FAKE_WHATSAPP,email,Yago da Paz; Davi Lucas Silva,da Rocha,03/03/25 04:50 AM,06/29/25 10:23 AM,829541,Outbound,,,C_FAKE_CHAT,FAKE-WRAP-UP-TIMEOUT,[LT] Fluxo_FAKE_v1,625e1ea8-c102-4a6e-ba9f-143b2dc3d6a2
YES,,Queue: C_FAKE_CHAT,message,Maria Sophia das Neves; Ian Campos,Caldeira,03/05/25 10:14 PM,05/05/25 06:00 AM,184269,Inbound,,,C_FAKE_SUPPORT,FAKE-WRAP-UP-TIMEOUT,[LT] Fluxo_FAKE_v3,5ee0bc37-8492-47cb-9ff2-180720333e81
YES,,Queue: C_FAKE_EMAIL,email,Kevin Cavalcanti,Almeida Viana - ME,03/15/25 11:03 PM,01/03/25 11:20 PM,1478287,Outbound,,,C_FAKE_EMAIL,FAKE-WRAP-UP-TIMEOUT,[LT] Fluxo_FAKE_v1,ec81f021-9076-47b4-aa85-5d668900f547
YES,,Queue: C_FAKE_WHATSAPP,call,Ana Alves,das Neves,08/04/25 06:17 PM,03/06/25 07:46 PM,365121,Inbound/Outbound,,,C_FAKE_EMAIL,FAKE-WRAP-UP-COMPLETED,[LT] Fluxo_FAKE_v1,79a130ba-cb19-44d0-bbd9-0579f33bc9d7
YES,,Queue: C_FAKE_EMAIL,message,Laís Correia,Santos Ltda.,02/24/25 10:50 AM,05/04/25 09:39 PM,770392,Inbound/Outbound,,,C_FAKE_CHAT,FAKE-WRAP-UP-COMPLETED,[LT] Fluxo_FAKE_v1,7b1137b3-bb84-417e-b17b-b80020d6697c
YES,,Queue: C_FAKE_CHAT,call,Lívia Nogueira; Alexandre Caldeira,Leonardo Cardoso,02/26/25 08:47 PM,01/29/25 10:07 AM,573937,Inbound,,,C_FAKE_WHATSAPP,FAKE-WRAP-UP-TIMEOUT,[LT] Fluxo_FAKE_v1,b7614545-243d-4405-93c8-a4d60c4d0073
YES,,Queue: C_FAKE_EMAIL,call,Danilo da Mota; Renan Gonçalves,Clara Barros,05/16/25 11:02 AM,07/07/25 05:52 PM,672551,Inbound/Outbound,,,C_FAKE_WHATSAPP,FAKE-WRAP-UP-COMPLETED,[LT] Fluxo_FAKE_v3,a986ee52-b115-47e2-9257-b49cd948bf57
YES,,Queue: C_FAKE_CHAT,email,Lorena Castro; Valentina Pereira,Ribeiro S/A,05/27/25 02:25 AM,05/22/25 03:51 PM,865064,Outbound,,,C_FAKE_SUPPORT,FAKE-WRAP-UP-TIMEOUT,[LT] Fluxo_FAKE_v3,5990e243-6f3b-4e35-9c23-513db5b3ecb5
YES,,Queue: C_FAKE_CHAT,call,Juliana Ramos; Evelyn Barbosa,Souza,04/02/25 01:57 AM,03/17/25 03:24 PM,1476335,Outbound,,,C_FAKE_WHATSAPP,FAKE-WRAP-UP-TIMEOUT,[LT] Fluxo_FAKE_v3,041dac52-4419-42d6-876b-25ad499e52b5
YES,,Queue: C_FAKE_WHATSAPP,email,Paulo Moreira,da Cruz Gomes S.A.,05/28/25 12:34 PM,05/22/25 01:39 PM,1383765,Inbound/Outbound,,,C_FAKE_SUPPORT,FAKE-WRAP-UP-COMPLETED,[LT] Fluxo_FAKE_v1,9fc7d5e4-757a-4380-87c3-cb29323f2ffd
YES,,Queue: C_FAKE_CHAT,email,Ryan da Mata,Bryan Cardoso,04/11/25 08:12 AM,04/05/25 05:06 PM,512655,Inbound/Outbound,,,C_FAKE_WHATSAPP,FAKE-WRAP-UP-COMPLETED,[LT] Fluxo_FAKE_v2,0366a89e-b413-4c64-9faf-30fdfbec4b87
YES,,Queue: C_FAKE_CHAT,message,Alexia Moreira; Sra. Luana Farias,Barros,02/14/25 06:43 AM,05/10/25 10:27 PM,1143774,Inbound/Outbound,,,C_FAKE_SUPPORT,FAKE-WRAP-UP-COMPLETED,[LT] Fluxo_FAKE_v1,9634d83f-a3fa-49c2-89e1-16b97e2ae0da
YES,,Queue: C_FAKE_EMAIL,message,Bruno Melo; Vinicius Castro,Campos - ME,02/28/25 07:04 PM,06/12/25 05:54 PM,772784,Inbound/Outbound,,,C_FAKE_SUPPORT,FAKE-WRAP-UP-TIMEOUT,[LT] Fluxo_FAKE_v2,085ecfbc-8100-4c08-87dd-ebf30248256f
YES,,Queue: C_FAKE_CHAT,email,João Monteiro,Ferreira Rezende Ltda.,08/21/25 04:35 AM,06/26/25 11:33 PM,1562983,Inbound/Outbound,,,C_FAKE_EMAIL,FAKE-WRAP-UP-TIMEOUT,[LT] Fluxo_FAKE_v2,da98948d-eb23-4938-8e6a-0b5edd0f73e8
YES,,Queue: C_FAKE_WHATSAPP,call,Enzo Gabriel Lopes,Luiz Fernando Santos,03/22/25 09:31 AM,05/20/25 02:15 AM,1388900,Inbound,,,C_FAKE_CHAT,FAKE-WRAP-UP-TIMEOUT,[LT] Fluxo_FAKE_v1,99a1a943-16d9-4a91-a4f9-6c657df37d45
YES,,Queue: C_FAKE_CHAT,email,Calebe Gomes; Juliana Ribeiro,Ana Laura Fernandes,05/30/25 06:54 AM,04/05/25 03:56 AM,206435,Inbound,,,C_FAKE_CHAT,FAKE-WRAP-UP-TIMEOUT,[LT] Fluxo_FAKE_v3,815f1816-b5fc-4489-a570-6947f865871a
YES,,Queue: C_FAKE_CHAT,call,Maysa Nogueira,Renan Duarte,03/02/25 11:50 AM,01/09/25 09:52 PM,1148644,Outbound,,,C_FAKE_CHAT,FAKE-WRAP-UP-TIMEOUT,[LT] Fluxo_FAKE_v3,f141dd13-1774-4bc2-b529-c231e0689f19
YES,,Queue: C_FAKE_EMAIL,message,Olivia Cunha,Júlia Pereira,05/22/25 04:48 PM,02/26/25 07:10 PM,1896388,Inbound,,,C_FAKE_EMAIL,FAKE-WRAP-UP-COMPLETED,[LT] Fluxo_FAKE_v2,4f74edc2-2459-42f9-84b8-fcb2c75795ba
YES,,Queue: C_FAKE_CHAT,email,Maria Alice Melo,Nicolas da Cunha,07/13/25 10:15 AM,02/19/25 10:02 PM,1172231,Inbound,,,C_FAKE_CHAT,FAKE-WRAP-UP-COMPLETED,[LT] Fluxo_FAKE_v3,cf937908-0a15-479a-80ab-4b074a43e10c
YES,,Queue: C_FAKE_WHATSAPP,message,Ryan da Conceição; Marcelo Novaes,Carvalho Ltda.,05/27/25 09:48 AM,01/07/25 06:48 PM,299741,Outbound,,,C_FAKE_SUPPORT,FAKE-WRAP-UP-COMPLETED,[LT] Fluxo_FAKE_v2,062a9d31-96d7-4a01-9605-2cda51d33ded
YES,,Queue: C_FAKE_WHATSAPP,message,Stella Mendes,Emanuel da Conceição,07/12/25 10:27 AM,02/14/25 11:36 AM,309409,Inbound,,,C_FAKE_CHAT,FAKE-WRAP-UP-DELETED,[LT] Fluxo_FAKE_v3,33f272b2-a6d5-4800-b450-d66c6690a17c
YES,,Queue: C_FAKE_WHATSAPP,call,Srta. Melissa da Paz; Ian Peixoto,Clara Nascimento,08/21/25 08:18 AM,03/19/25 11:20 PM,1989785,Inbound/Outbound,,,C_FAKE_CHAT,FAKE-WRAP-UP-COMPLETED,[LT] Fluxo_FAKE_v3,e83608fe-16e3-44c4-834b-0549cfd3aab2
YES,,Queue: C_FAKE_CHAT,message,Benício Azevedo; Ana Beatriz Souza,Maria Sophia Duarte,01/26/25 02:51 PM,08/03/25 06:44 PM,1405967,Inbound,,,C_FAKE_EMAIL,FAKE-WRAP-UP-TIMEOUT,[LT] Fluxo_FAKE_v2,ba246f05-1d2c-4ae2-8562-f3ab71808487
YES,,Queue: C_FAKE_WHATSAPP,message,Henrique Teixeira; Davi Souza,Melo Freitas S/A,05/11/25 03:23 AM,07/31/25 04:09 AM,548250,Inbound/Outbound,,,C_FAKE_CHAT,FAKE-WRAP-UP-DELETED,[LT] Fluxo_FAKE_v1,c18918c6-99a2-4e9a-b17d-c180e17adfd9
YES,,Queue: C_FAKE_CHAT,call,Pedro Henrique Barros,Sarah Dias,01/20/25 04:09 AM,04/12/25 10:47 PM,368821,Inbound/Outbound,,,C_FAKE_EMAIL,FAKE-WRAP-UP-TIMEOUT,[LT] Fluxo_FAKE_v1,71880139-a223-42ec-b87a-e2d2b4ce93c1
YES,,Queue: C_FAKE_WHATSAPP,call,Lara Carvalho,Peixoto Novaes S.A.,07/27/25 07:16 AM,09/07/25 02:22 PM,407678,Inbound,,,C_FAKE_CHAT,FAKE-WRAP-UP-COMPLETED,[LT] Fluxo_FAKE_v1,cf8eeaf3-c9f3-4c9d-8308-450e0654df2a
YES,,Queue: C_FAKE_WHATSAPP,message,Daniel Cunha; Maysa Pereira,Monteiro - EI,04/28/25 05:05 PM,06/28/25 04:55 AM,1632651,Outbound,,,C_FAKE_WHATSAPP,FAKE-WRAP-UP-DELETED,[LT] Fluxo_FAKE_v2,41a5b2f0-fb3c-4d94-b289-4d6fe4e5ab2a
YES,,Queue: C_FAKE_CHAT,email,Agatha Monteiro; Srta. Ana Julia Carvalho,João Felipe Vieira,03/24/25 08:49 AM,04/05/25 10:58 PM,776560,Inbound,,,C_FAKE_EMAIL,FAKE-WRAP-UP-TIMEOUT,[LT] Fluxo_FAKE_v3,6ec22d01-9ce5-4da9-9cad-357e022456cb
YES,,Queue: C_FAKE_CHAT,message,Catarina Porto; Lívia Gonçalves,Castro Costa e Filhos,04/30/25 06:43 PM,02/24/25 08:14 AM,1070259,Inbound/Outbound,,,C_FAKE_EMAIL,FAKE-WRAP-UP-COMPLETED,[LT] Fluxo_FAKE_v1,3b97810d-9b3d-4cfa-ac14-b13eaad1f179
YES,,Queue: C_FAKE_WHATSAPP,message,Júlia Moraes,Cavalcanti - ME,07/08/25 04:11 PM,06/15/25 09:14 PM,1499176,Inbound/Outbound,,,C_FAKE_SUPPORT,FAKE-WRAP-UP-COMPLETED,[LT] Fluxo_FAKE_v3,1929c52f-dde4-45a0-b0a9-065c7a9b9038
YES,,Queue: C_FAKE_EMAIL,email,Luna Rocha; Ana Souza,Clara Oliveira,04/02/25 05:25 PM,06/17/25 10:39 PM,637214,Inbound,,,C_FAKE_EMAIL,FAKE-WRAP-UP-TIMEOUT,[LT] Fluxo_FAKE_v1,aa306b9d-e7f3-472a-86a5-9dc38b748936
YES,,Queue: C_FAKE_CHAT,call,Isabella Araújo; Thomas Novaes,Bruna Ramos,06/05/25 10:25 PM,03/08/25 06:12 PM,640609,Outbound,,,C_FAKE_WHATSAPP,FAKE-WRAP-UP-TIMEOUT,[LT] Fluxo_FAKE_v2,6cd44902-2f1f-4181-a8ae-ac669795795d
YES,,Queue: C_FAKE_WHATSAPP,call,Larissa Pires; Olivia Silva,Miguel da Mota,06/23/25 07:26 PM,09/07/25 10:36 PM,1849302,Outbound,,,C_FAKE_EMAIL,FAKE-WRAP-UP-TIMEOUT,[LT] Fluxo_FAKE_v2,652a176a-f319-43cb-95eb-89a865a72b5f
YES,,Queue: C_FAKE_EMAIL,message,Sr. Diego Vieira; Maria Teixeira,Agatha Rezende,04/24/25 04:21 AM,08/14/25 01:15 PM,1915385,Inbound/Outbound,,,C_FAKE_CHAT,FAKE-WRAP-UP-DELETED,[LT] Fluxo_FAKE_v2,5167dd70-cef4-4789-bde9-0fd9956f769b
YES,,Queue: C_FAKE_WHATSAPP,email,Maria Alice Cavalcanti; Igor Mendes,Rocha,06/30/25 12:44 PM,03/01/25 03:28 AM,502016,Inbound,,,C_FAKE_WHATSAPP,FAKE-WRAP-UP-TIMEOUT,[LT] Fluxo_FAKE_v1,9a6f5a60-f97a-455a-929d-85316f0fc08b
YES,,Queue: C_FAKE_WHATSAPP,call,Isis Gonçalves,Vieira S.A.,08/05/25 08:01 AM,05/24/25 10:39 AM,1178662,Inbound/Outbound,,,C_FAKE_EMAIL,FAKE-WRAP-UP-TIMEOUT,[LT] Fluxo_FAKE_v1,064e97f5-883e-44a9-bdf7-1fc7f5a7d23e
YES,,Queue: C_FAKE_EMAIL,call,Sr. Breno Gonçalves; Vitor Pires,Yago Nogueira,05/09/25 12:40 AM,07/07/25 12:27 PM,1579163,Inbound/Outbound,,,C_FAKE_EMAIL,FAKE-WRAP-UP-TIMEOUT,[LT] Fluxo_FAKE_v1,92581fd6-303f-42a5-952c-a2d18d2ae9c0
YES,,Queue: C_FAKE_EMAIL,call,Daniel Moraes; Isabel Carvalho,Maria Alice Pires,02/01/25 04:15 AM,02/14/25 07:57 AM,1652844,Inbound/Outbound,,,C_FAKE_EMAIL,FAKE-WRAP-UP-COMPLETED,[LT] Fluxo_FAKE_v2,868c8cdd-4ef1-43c8-ba1c-6272d76d6de7
YES,,Queue: C_FAKE_WHATSAPP,message,Amanda Caldeira,Isabelly Barbosa,01/02/25 04:39 PM,08/23/25 08:44 AM,1765539,Inbound/Outbound,,,C_FAKE_CHAT,FAKE-WRAP-UP-DELETED,[LT] Fluxo_FAKE_v1,98285c33-450f-40b1-830b-3d762f02bf5d
YES,,Queue: C_FAKE_CHAT,call,Dra. Carolina Silveira; Maria Eduarda Rodrigues,Rezende,01/20/25 08:04 AM,09/01/25 07:01 AM,1649904,Inbound,,,C_FAKE_EMAIL,FAKE-WRAP-UP-TIMEOUT,[LT] Fluxo_FAKE_v2,c621068e-0443-49a8-a47e-d76e3ba049a6
YES,,Queue: C_FAKE_CHAT,message,Nicolas da Paz; Cauã Cavalcanti,Mendes Alves S/A,09/08/25 12:08 AM,07/16/25 11:13 PM,420760,Inbound/Outbound,,,C_FAKE_WHATSAPP,FAKE-WRAP-UP-DELETED,[LT] Fluxo_FAKE_v1,093fbebc-a024-4779-95ea-be9a64346e31
YES,,Queue: C_FAKE_EMAIL,email,Emilly da Cunha,Sophia Aragão,06/05/25 10:15 PM,09/07/25 06:23 PM,251397,Outbound,,,C_FAKE_SUPPORT,FAKE-WRAP-UP-COMPLETED,[LT] Fluxo_FAKE_v2,fed6b3b6-2634-4184-9839-a47799c93a43
YES,,Queue: C_FAKE_CHAT,email,Davi Lucca Dias; Juan da Rocha,Aragão - ME,03/07/25 07:15 AM,01/17/25 06:02 AM,899428,Inbound,,,C_FAKE_EMAIL,FAKE-WRAP-UP-DELETED,[LT] Fluxo_FAKE_v3,7f9c0bc1-f3c5-4e77-884f-3c33037dea9d
YES,,Queue: C_FAKE_WHATSAPP,message,Catarina Aragão,Ferreira da Luz - ME,06/14/25 11:04 AM,02/23/25 10:34 PM,1815027,Inbound,,,C_FAKE_CHAT,FAKE-WRAP-UP-DELETED,[LT] Fluxo_FAKE_v1,92ffeec1-ce0f-47af-b3a5-d2cb4272adf3
YES,,Queue: C_FAKE_WHATSAPP,call,Isabelly Duarte; Vitória Gomes,Martins - ME,02/05/25 05:42 PM,09/07/25 07:52 AM,1320057,Inbound,,,C_FAKE_SUPPORT,FAKE-WRAP-UP-TIMEOUT,[LT] Fluxo_FAKE_v1,641a6d82-4e19-4e19-86ef-5599c33c62ee
YES,,Queue: C_FAKE_EMAIL,message,Maria Vitória Moura,Nicole Sales,04/10/25 07:24 AM,01/20/25 07:14 AM,899829,Inbound,,,C_FAKE_EMAIL,FAKE-WRAP-UP-DELETED,[LT] Fluxo_FAKE_v2,e7394d6e-8af1-4c83-a163-d267b86995ca
YES,,Queue: C_FAKE_CHAT,message,Valentina da Rocha,Dr. Fernando Moura,03/27/25 12:00 AM,04/09/25 07:02 PM,1715263,Inbound/Outbound,,,C_FAKE_WHATSAPP,FAKE-WRAP-UP-DELETED,[LT] Fluxo_FAKE_v1,47db2124-10ca-4429-b97c-5829548ef512
YES,,Queue: C_FAKE_WHATSAPP,message,Milena Pereira,Moraes,07/19/25 03:53 PM,03/19/25 03:20 AM,805322,Inbound,,,C_FAKE_EMAIL,FAKE-WRAP-UP-TIMEOUT,[LT] Fluxo_FAKE_v2,4485e362-df61-466a-bf5e-abf2aa8fd309
YES,,Queue: C_FAKE_WHATSAPP,email,Catarina Gonçalves; Sarah Dias,Isabella Vieira,06/16/25 02:11 PM,09/02/25 03:50 PM,310121,Outbound,,,C_FAKE_EMAIL,FAKE-WRAP-UP-DELETED,[LT] Fluxo_FAKE_v2,d50624d6-6a9f-4613-9acc-0bfc28f724f6
YES,,Queue: C_FAKE_WHATSAPP,message,Clara Pinto; Fernanda Silveira,Sr. Davi Lucas Araújo,06/28/25 10:15 PM,07/03/25 02:27 PM,243274,Inbound/Outbound,,,C_FAKE_EMAIL,FAKE-WRAP-UP-DELETED,[LT] Fluxo_FAKE_v3,012bdad5-7893-4d2d-8647-43c75d6b4e01
YES,,Queue: C_FAKE_CHAT,call,Maria Gonçalves,da Cruz Oliveira - EI,08/06/25 07:31 PM,03/26/25 08:02 PM,554064,Inbound,,,C_FAKE_CHAT,FAKE-WRAP-UP-DELETED,[LT] Fluxo_FAKE_v3,40776c4a-a619-45de-9441-41d4a829c2ae
YES,,Queue: C_FAKE_EMAIL,email,Felipe Pinto; Olivia Mendes,Alícia Moraes,01/10/25 05:38 AM,04/29/25 04:24 PM,1125047,Inbound/Outbound,,,C_FAKE_WHATSAPP,FAKE-WRAP-UP-DELETED,[LT] Fluxo_FAKE_v1,5c762bd6-0f40-4393-8cb9-c92d51b2530e
YES,,Queue: C_FAKE_CHAT,message,Srta. Maria Vitória da Luz,Nunes,06/29/25 11:57 PM,03/06/25 03:38 AM,1599703,Inbound,,,C_FAKE_CHAT,FAKE-WRAP-UP-TIMEOUT,[LT] Fluxo_FAKE_v2,0d174a20-0218-46a9-929e-8c00bb99da58
YES,,Queue: C_FAKE_EMAIL,call,Catarina Freitas; Vitor Hugo da Paz,Rezende - ME,03/30/25 06:22 AM,07/10/25 07:20 AM,285024,Inbound/Outbound,,,C_FAKE_EMAIL,FAKE-WRAP-UP-COMPLETED,[LT] Fluxo_FAKE_v2,f8dc2be1-d833-4894-a452-260de830331b
YES,,Queue: C_FAKE_CHAT,message,Gabrielly Fogaça,Valentina Monteiro,09/02/25 05:38 AM,01/02/25 08:37 PM,655146,Inbound/Outbound,,,C_FAKE_CHAT,FAKE-WRAP-UP-COMPLETED,[LT] Fluxo_FAKE_v3,0750d866-ece5-4307-8fee-2edb3ddf5688
YES,,Queue: C_FAKE_WHATSAPP,email,Kaique Cunha; Dr. Carlos Eduardo Moraes,Renan Costela,09/05/25 12:11 AM,01/02/25 09:21 PM,801335,Inbound/Outbound,,,C_FAKE_WHATSAPP,FAKE-WRAP-UP-TIMEOUT,[LT] Fluxo_FAKE_v3,05edca30-57ef-461e-be11-ac4f4cc612f5
YES,,Queue: C_FAKE_CHAT,call,Carolina Castro,Emanuel Mendes,03/30/25 03:34 AM,01/26/25 03:19 AM,1796016,Outbound,,,C_FAKE_WHATSAPP,FAKE-WRAP-UP-DELETED,[LT] Fluxo_FAKE_v2,98bc6b45-76c8-43e0-a8aa-c4a523a724e7
YES,,Queue: C_FAKE_CHAT,message,Vitor Dias,Vitor Gabriel Rodrigues,08/29/25 10:55 PM,05/09/25 09:31 AM,499104,Inbound/Outbound,,,C_FAKE_SUPPORT,FAKE-WRAP-UP-DELETED,[LT] Fluxo_FAKE_v3,b8b78c4a-cc28-4fa0-9423-acc93026b66b
YES,,Queue: C_FAKE_EMAIL,email,Srta. Ana Sophia da Conceição; Rafael Moraes,Freitas S.A.,06/05/25 06:34 PM,05/20/25 12:31 AM,122036,Inbound/Outbound,,,C_FAKE_EMAIL,FAKE-WRAP-UP-DELETED,[LT] Fluxo_FAKE_v2,d12e73a1-75f1-4fb8-a28a-11d12f45428a
YES,,Queue: C_FAKE_CHAT,email,Davi Lucas Vieira,Nicole Nascimento,03/13/25 03:20 AM,05/14/25 01:48 PM,1786272,Outbound,,,C_FAKE_WHATSAPP,FAKE-WRAP-UP-COMPLETED,[LT] Fluxo_FAKE_v3,8608da42-0d15-4670-b120-67d81c6b1e50
YES,,Queue: C_FAKE_CHAT,message,Dr. Enzo Gabriel Souza,Marcos Vinicius Monteiro,05/16/25 08:49 AM,04/24/25 02:48 PM,985591,Outbound,,,C_FAKE_SUPPORT,FAKE-WRAP-UP-TIMEOUT,[LT] Fluxo_FAKE_v1,42717ada-148b-419e-b45e-0a21579bd424
YES,,Queue: C_FAKE_EMAIL,message,Sophia Pinto,Otávio Cardoso,08/16/25 12:52 AM,04/01/25 03:47 AM,522342,Inbound/Outbound,,,C_FAKE_WHATSAPP,FAKE-WRAP-UP-COMPLETED,[LT] Fluxo_FAKE_v3,7a04d8fc-1411-4760-9801-1cfb52fd641f
YES,,Queue: C_FAKE_EMAIL,call,Fernanda Monteiro,Dr. Vitor Gabriel das Neves,06/26/25 05:18 AM,01/13/25 03:16 AM,1022711,Outbound,,,C_FAKE_SUPPORT,FAKE-WRAP-UP-TIMEOUT,[LT] Fluxo_FAKE_v1,22be0d3b-6afa-4ea3-83ce-7118ec7e91c6
YES,,Queue: C_FAKE_WHATSAPP,email,Carolina Viana,Kaique Ramos,03/19/25 02:14 PM,04/07/25 02:24 AM,1909879,Outbound,,,C_FAKE_SUPPORT,FAKE-WRAP-UP-COMPLETED,[LT] Fluxo_FAKE_v2,18709d0d-62a1-42f4-800b-c861713812b7
YES,,Queue: C_FAKE_EMAIL,email,Bryan Lopes; Isadora Pereira,Pereira Fernandes S/A,03/09/25 11:55 AM,06/14/25 06:54 PM,986801,Inbound/Outbound,,,C_FAKE_CHAT,FAKE-WRAP-UP-COMPLETED,[LT] Fluxo_FAKE_v2,86958649-41ee-4c23-8381-8bda075bfc90
YES,,Queue: C_FAKE_EMAIL,call,Luiz Gustavo Pires,da Cruz,01/06/25 11:34 AM,08/17/25 07:19 PM,343470,Inbound/Outbound,,,C_FAKE_SUPPORT,FAKE-WRAP-UP-TIMEOUT,[LT] Fluxo_FAKE_v3,6c847a07-0f28-4fc1-aed3-252a9f16723f
YES,,Queue: C_FAKE_EMAIL,email,Daniela Cardoso,Larissa Duarte,01/08/25 08:04 PM,04/02/25 05:09 AM,1690264,Inbound/Outbound,,,C_FAKE_EMAIL,FAKE-WRAP-UP-DELETED,[LT] Fluxo_FAKE_v1,5605dfb3-9903-463f-9e53-d154ec4643db
YES,,Queue: C_FAKE_EMAIL,email,Leandro Sales,Henrique Melo,01/13/25 02:47 PM,05/09/25 03:10 AM,786235,Inbound/Outbound,,,C_FAKE_SUPPORT,FAKE-WRAP-UP-TIMEOUT,[LT] Fluxo_FAKE_v2,971593fb-d24e-487a-9d94-601bb89a3e7c
YES,,Queue: C_FAKE_CHAT,call,Bianca Costela; Rafaela Peixoto,Dias,02/08/25 07:40 PM,03/09/25 06:44 AM,188898,Outbound,,,C_FAKE_EMAIL,FAKE-WRAP-UP-COMPLETED,[LT] Fluxo_FAKE_v1,47c8195c-371e-4161-82b5-f675f3c7da4a
YES,,Queue: C_FAKE_EMAIL,message,Yago Souza,Lima - EI,05/14/25 03:46 PM,02/05/25 03:04 AM,317972,Inbound,,,C_FAKE_EMAIL,FAKE-WRAP-UP-TIMEOUT,[LT] Fluxo_FAKE_v1,26fa1827-a674-4a3f-8ab0-47e0a8568d84
YES,,Queue: C_FAKE_EMAIL,call,Danilo Moura,Nunes Jesus Ltda.,01/18/25 10:35 PM,02/26/25 05:11 AM,724109,Outbound,,,C_FAKE_SUPPORT,FAKE-WRAP-UP-DELETED,[LT] Fluxo_FAKE_v1,b8ec0c1d-c912-480e-acfa-f3c48d8fe74d
YES,,Queue: C_FAKE_EMAIL,call,Calebe Farias,Cauê Ribeiro,05/21/25 12:19 PM,05/25/25 02:46 AM,1667904,Inbound/Outbound,,,C_FAKE_WHATSAPP,FAKE-WRAP-UP-COMPLETED,[LT] Fluxo_FAKE_v2,2f4f6761-7770-4cdc-a0eb-b712710a4cd6
YES,,Queue: C_FAKE_EMAIL,email,Mariana Campos; Theo Melo,Araújo,04/21/25 06:36 PM,09/02/25 04:00 AM,543445,Inbound,,,C_FAKE_CHAT,FAKE-WRAP-UP-DELETED,[LT] Fluxo_FAKE_v2,15c7dc6e-e532-4380-b1af-6411423e25ce
YES,,Queue: C_FAKE_EMAIL,email,Rafaela da Paz; Fernanda Farias,Moura,03/29/25 09:22 AM,02/02/25 08:07 PM,804875,Inbound/Outbound,,,C_FAKE_WHATSAPP,FAKE-WRAP-UP-COMPLETED,[LT] Fluxo_FAKE_v1,a7366835-af88-4619-89c3-32eee2f820df
YES,,Queue: C_FAKE_CHAT,message,Raul Rocha,Ana Vitória Cavalcanti,05/05/25 01:04 PM,01/07/25 03:15 AM,388766,Outbound,,,C_FAKE_EMAIL,FAKE-WRAP-UP-DELETED,[LT] Fluxo_FAKE_v1,95a4d81b-aeee-4e2c-a5a6-dcf86872b415
YES,,Queue: C_FAKE_EMAIL,message,Renan Rezende,Nogueira Mendes S/A,06/25/25 12:08 PM,03/24/25 11:10 PM,1911196,Outbound,,,C_FAKE_CHAT,FAKE-WRAP-UP-TIMEOUT,[LT] Fluxo_FAKE_v3,1c8e1029-825d-42b4-a966-b97edb73a0c0
YES,,Queue: C_FAKE_EMAIL,message,Bianca Cardoso,Santos - ME,03/30/25 06:35 PM,08/29/25 05:19 AM,1193340,Inbound,,,C_FAKE_EMAIL,FAKE-WRAP-UP-TIMEOUT,[LT] Fluxo_FAKE_v3,97fcfb3a-1913-4417-a81f-843927d6b2e2
YES,,Queue: C_FAKE_EMAIL,call,Elisa Novaes,Ana Julia Martins,06/21/25 09:49 PM,03/26/25 02:20 PM,1073356,Outbound,,,C_FAKE_CHAT,FAKE-WRAP-UP-TIMEOUT,[LT] Fluxo_FAKE_v3,c72beda0-6f65-44bd-b5e3-f1d0adecfcd3
YES,,Queue: C_FAKE_WHATSAPP,email,Ana Sophia Araújo; Sr. Miguel Silva,Rodrigues,01/01/25 09:07 AM,06/21/25 04:23 PM,1104824,Outbound,,,C_FAKE_CHAT,FAKE-WRAP-UP-TIMEOUT,[LT] Fluxo_FAKE_v3,d9b69c3f-58a4-4e03-8ac1-a8f4a4ba67d7
YES,,Queue: C_FAKE_CHAT,email,Sarah Cardoso; Sr. Benício Fernandes,Lopes,01/20/25 08:27 PM,01/05/25 12:29 AM,1914201,Inbound/Outbound,,,C_FAKE_SUPPORT,FAKE-WRAP-UP-TIMEOUT,[LT] Fluxo_FAKE_v3,01813f3f-2d75-4d4f-bcfa-2369cf11be94
YES,,Queue: C_FAKE_CHAT,message,Yago Nascimento,Dra. Elisa Sales,08/04/25 12:31 PM,08/27/25 12:48 AM,1551654,Outbound,,,C_FAKE_WHATSAPP,FAKE-WRAP-UP-TIMEOUT,[LT] Fluxo_FAKE_v2,bea9a566-368a-4eaa-a315-fe9008c252d6
YES,,Queue: C_FAKE_CHAT,email,Pedro Miguel Monteiro,da Cunha - EI,05/03/25 07:16 PM,07/15/25 08:17 AM,225312,Inbound/Outbound,,,C_FAKE_CHAT,FAKE-WRAP-UP-DELETED,[LT] Fluxo_FAKE_v1,6587a1af-c2e0-4128-b3dc-e0e0665700be
YES,,Queue: C_FAKE_EMAIL,call,Erick Barros,André da Rocha,04/17/25 01:52 AM,06/08/25 11:38 AM,160796,Inbound,,,C_FAKE_WHATSAPP,FAKE-WRAP-UP-DELETED,[LT] Fluxo_FAKE_v2,adee77ed-7590-42f6-b095-0247af51f151
YES,,Queue: C_FAKE_WHATSAPP,email,Dr. Pedro Lucas Campos; Raquel da Conceição,Yuri Pereira,07/30/25 09:02 AM,07/16/25 02:50 AM,1425749,Outbound,,,C_FAKE_CHAT,FAKE-WRAP-UP-DELETED,[LT] Fluxo_FAKE_v3,e37f9a63-1355-4496-8b6e-698218a461ca
YES,,Queue: C_FAKE_WHATSAPP,email,Marcos Vinicius Costela; Camila Cardoso,Vitor Gabriel Lopes,02/08/25 09:16 PM,04/05/25 03:18 PM,757992,Inbound/Outbound,,,C_FAKE_WHATSAPP,FAKE-WRAP-UP-DELETED,[LT] Fluxo_FAKE_v3,0f6322ae-6013-461a-87e3-a4293e9bf492
YES,,Queue: C_FAKE_WHATSAPP,message,Marcelo Lima; Davi Lucas Almeida,Duarte - EI,08/01/25 09:31 AM,03/07/25 03:44 PM,1612447,Inbound/Outbound,,,C_FAKE_WHATSAPP,FAKE-WRAP-UP-TIMEOUT,[LT] Fluxo_FAKE_v2,2c7efbe2-3c6d-4133-8bcc-d4fe5c95e249
YES,,Queue: C_FAKE_WHATSAPP,call,Vitor Vieira; Srta. Nina Cardoso,Joana Silveira,02/17/25 05:00 AM,09/05/25 10:54 AM,1426985,Inbound/Outbound,,,C_FAKE_CHAT,FAKE-WRAP-UP-COMPLETED,[LT] Fluxo_FAKE_v2,d752133c-6a53-447a-b8e6-44d9693c3019
YES,,Queue: C_FAKE_WHATSAPP,call,Erick Teixeira,Rocha S.A.,05/28/25 05:21 PM,08/22/25 02:34 AM,998118,Outbound,,,C_FAKE_SUPPORT,FAKE-WRAP-UP-COMPLETED,[LT] Fluxo_FAKE_v2,82a1c1c2-bfc4-4c8b-b742-614d033bbe59
YES,,Queue: C_FAKE_WHATSAPP,email,Rafaela Lima,Luiza Pereira,07/07/25 05:53 AM,03/13/25 12:44 PM,251391,Inbound/Outbound,,,C_FAKE_WHATSAPP,FAKE-WRAP-UP-DELETED,[LT] Fluxo_FAKE_v2,5a84c172-05ec-48ed-8af1-1f9e0bd1fe08
YES,,Queue: C_FAKE_CHAT,call,Bruno Fernandes,Barros - ME,01/04/25 10:20 AM,06/27/25 09:14 AM,882190,Inbound,,,C_FAKE_WHATSAPP,FAKE-WRAP-UP-TIMEOUT,[LT] Fluxo_FAKE_v3,44dccebd-3dcf-494c-af07-11811d3845db
YES,,Queue: C_FAKE_EMAIL,call,Isabelly Araújo,Cavalcanti,03/12/25 12:32 AM,03/26/25 03:42 AM,975022,Outbound,,,C_FAKE_CHAT,FAKE-WRAP-UP-DELETED,[LT] Fluxo_FAKE_v1,5f0e75e7-8772-4389-81a4-b9bd7572765a
YES,,Queue: C_FAKE_WHATSAPP,call,Vitor Hugo Correia; Sophia Cardoso,Jesus,05/21/25 12:17 PM,04/11/25 07:06 PM,310926,Inbound/Outbound,,,C_FAKE_EMAIL,FAKE-WRAP-UP-TIMEOUT,[LT] Fluxo_FAKE_v3,9b02912b-6b99-4fc8-9d05-b9f2ef4b2109
YES,,Queue: C_FAKE_WHATSAPP,message,Bianca Novaes,Mendes,06/01/25 06:15 AM,02/14/25 02:47 PM,1228801,Outbound,,,C_FAKE_CHAT,FAKE-WRAP-UP-DELETED,[LT] Fluxo_FAKE_v3,6d8363da-7419-4b05-afa1-ea72999c35a0
YES,,Queue: C_FAKE_EMAIL,message,Ana Júlia Duarte; Lavínia Correia,da Conceição,06/15/25 07:24 AM,04/04/25 09:47 AM,127182,Inbound,,,C_FAKE_EMAIL,FAKE-WRAP-UP-TIMEOUT,[LT] Fluxo_FAKE_v2,1b46f9d7-669a-4e0c-9ab8-58a095abe7ae
YES,,Queue: C_FAKE_CHAT,message,Vicente Nunes; Stephany Pires,Clarice Araújo,05/25/25 01:40 PM,05/22/25 03:39 AM,521645,Outbound,,,C_FAKE_CHAT,FAKE-WRAP-UP-COMPLETED,[LT] Fluxo_FAKE_v3,1933bad6-7571-46d7-b51c-f7397e923c57
YES,,Queue: C_FAKE_EMAIL,call,Marcelo Souza; Sofia Gomes,da Cunha e Filhos,02/24/25 06:56 AM,03/26/25 10:27 AM,1527534,Inbound/Outbound,,,C_FAKE_EMAIL,FAKE-WRAP-UP-COMPLETED,[LT] Fluxo_FAKE_v1,b7a6beb2-ed79-4d94-a7c0-37b5aff8d43e
YES,,Queue: C_FAKE_EMAIL,message,Raul Nascimento; Heitor Jesus,Isis da Luz,07/11/25 10:38 PM,06/14/25 06:25 PM,1499011,Inbound/Outbound,,,C_FAKE_WHATSAPP,FAKE-WRAP-UP-COMPLETED,[LT] Fluxo_FAKE_v1,00379b0c-37e9-4f35-ba3e-d4f4346d592e
YES,,Queue: C_FAKE_EMAIL,call,Rodrigo Correia,Lorenzo Peixoto,02/07/25 01:53 PM,04/26/25 07:20 PM,171082,Inbound/Outbound,,,C_FAKE_WHATSAPP,FAKE-WRAP-UP-COMPLETED,[LT] Fluxo_FAKE_v2,1a2e1c6d-abc2-405c-a04f-43702c92da23
YES,,Queue: C_FAKE_WHATSAPP,call,Sr. Gustavo Silva,Carlos Eduardo Novaes,07/26/25 01:20 PM,06/13/25 04:38 PM,1889375,Inbound/Outbound,,,C_FAKE_WHATSAPP,FAKE-WRAP-UP-TIMEOUT,[LT] Fluxo_FAKE_v1,6a68934d-ec4f-46ec-a31d-e8bd350ba522
YES,,Queue: C_FAKE_WHATSAPP,call,Lucca Araújo; João Pedro Lopes,Teixeira,08/08/25 01:41 PM,05/31/25 11:45 AM,428905,Inbound/Outbound,,,C_FAKE_CHAT,FAKE-WRAP-UP-TIMEOUT,[LT] Fluxo_FAKE_v2,7ba843a3-e703-4c12-82b1-089197d90588
YES,,Queue: C_FAKE_WHATSAPP,message,Enrico Nascimento,Maria Eduarda Dias,01/02/25 03:52 AM,01/11/25 11:50 PM,1346872,Inbound,,,C_FAKE_WHATSAPP,FAKE-WRAP-UP-TIMEOUT,[LT] Fluxo_FAKE_v1,7c861c03-384a-4aa9-8a91-919e473eed62
YES,,Queue: C_FAKE_WHATSAPP,message,Maria Dias; Sabrina Dias,Monteiro - EI,03/12/25 08:12 AM,02/26/25 07:11 AM,411009,Outbound,,,C_FAKE_SUPPORT,FAKE-WRAP-UP-COMPLETED,[LT] Fluxo_FAKE_v2,fce28232-b4fa-485b-b477-649bc78af9dc
YES,,Queue: C_FAKE_WHATSAPP,message,Ana Sophia da Cunha; Ana Carolina Nogueira,Sr. Guilherme Campos,01/17/25 11:08 PM,04/13/25 02:43 PM,1328605,Inbound/Outbound,,,C_FAKE_EMAIL,FAKE-WRAP-UP-TIMEOUT,[LT] Fluxo_FAKE_v1,efc7ba96-be29-459b-a08a-f5ee0cc4e865
YES,,Queue: C_FAKE_CHAT,message,Bianca Castro,Marcelo Porto,03/08/25 03:40 AM,02/19/25 07:40 PM,1422058,Inbound,,,C_FAKE_SUPPORT,FAKE-WRAP-UP-DELETED,[LT] Fluxo_FAKE_v1,7ad51b22-47e0-44b7-a829-2b598378dd18
YES,,Queue: C_FAKE_EMAIL,message,Luiz Henrique da Mota; Bryan Teixeira,Porto e Filhos,08/15/25 01:34 PM,06/05/25 12:43 PM,450448,Outbound,,,C_FAKE_SUPPORT,FAKE-WRAP-UP-DELETED,[LT] Fluxo_FAKE_v2,d3cf6541-d915-4e77-8dad-7a5fa6e9b5ae
YES,,Queue: C_FAKE_WHATSAPP,message,Helena Porto; Mariana Silveira,Eloah Rocha,04/21/25 03:04 PM,08/14/25 09:14 PM,209537,Inbound,,,C_FAKE_WHATSAPP,FAKE-WRAP-UP-TIMEOUT,[LT] Fluxo_FAKE_v1,99ab2084-9fd0-4410-b2e4-46439d42cad0
YES,,Queue: C_FAKE_CHAT,message,Ian da Cruz; Calebe Rodrigues,Correia Ltda.,08/01/25 03:44 AM,06/08/25 10:11 PM,1239429,Inbound,,,C_FAKE_CHAT,FAKE-WRAP-UP-TIMEOUT,[LT] Fluxo_FAKE_v3,6ae1dd7e-fce3-44dd-95f3-d1e7ca600190
YES,,Queue: C_FAKE_WHATSAPP,email,Sr. Marcos Vinicius Teixeira; Ana Lívia Alves,Ana Julia Sales,03/24/25 01:04 AM,09/03/25 09:11 AM,191810,Inbound/Outbound,,,C_FAKE_SUPPORT,FAKE-WRAP-UP-DELETED,[LT] Fluxo_FAKE_v2,f5233ab5-daa9-46dc-af49-3e2fcd007cad
YES,,Queue: C_FAKE_EMAIL,message,Sra. Júlia Farias; Juan da Paz,Davi Luiz Rezende,05/23/25 08:14 AM,05/17/25 08:35 PM,449894,Outbound,,,C_FAKE_CHAT,FAKE-WRAP-UP-DELETED,[LT] Fluxo_FAKE_v2,beae4132-2d91-4696-9166-e1b472d980c1
YES,,Queue: C_FAKE_CHAT,message,Ana Lívia Peixoto; Gabriela Oliveira,Luigi Santos,01/28/25 02:03 PM,02/04/25 10:33 AM,797996,Outbound,,,C_FAKE_SUPPORT,FAKE-WRAP-UP-COMPLETED,[LT] Fluxo_FAKE_v2,36151464-e442-4217-96d4-836b92eef5bb
YES,,Queue: C_FAKE_EMAIL,message,Olivia Barros; Marcela da Cunha,Correia S.A.,09/07/25 05:12 PM,01/06/25 12:52 AM,1940201,Inbound,,,C_FAKE_EMAIL,FAKE-WRAP-UP-DELETED,[LT] Fluxo_FAKE_v3,fdb94388-6d0f-4812-93ad-147a7fe5339c
YES,,Queue: C_FAKE_WHATSAPP,email,Isabel da Mota; Pietra da Cunha,Nogueira S.A.,03/17/25 12:35 PM,06/13/25 05:31 PM,872354,Outbound,,,C_FAKE_WHATSAPP,FAKE-WRAP-UP-COMPLETED,[LT] Fluxo_FAKE_v3,d66b8c9e-cd65-46ee-9edb-568bebc19f82
YES,,Queue: C_FAKE_EMAIL,message,Breno Ribeiro; Marcela Melo,Azevedo,01/18/25 03:14 PM,05/01/25 01:48 PM,515335,Inbound,,,C_FAKE_CHAT,FAKE-WRAP-UP-COMPLETED,[LT] Fluxo_FAKE_v2,0e6884d6-d5b5-4c21-9a20-0881b0727fa8
YES,,Queue: C_FAKE_CHAT,message,Lucas da Cruz,Gonçalves,05/25/25 07:17 AM,07/20/25 08:25 AM,363648,Outbound,,,C_FAKE_CHAT,FAKE-WRAP-UP-TIMEOUT,[LT] Fluxo_FAKE_v2,399388f9-80e6-43de-9539-7a02c6ca565f
YES,,Queue: C_FAKE_CHAT,email,Dr. Erick Vieira,da Costa - ME,04/19/25 03:21 AM,03/26/25 02:17 PM,471167,Inbound,,,C_FAKE_CHAT,FAKE-WRAP-UP-TIMEOUT,[LT] Fluxo_FAKE_v3,253f7bb6-2774-4089-a1d2-75059a8fcb92
YES,,Queue: C_FAKE_EMAIL,email,Dr. Calebe Pires,Bernardo da Mata,05/06/25 07:30 AM,08/05/25 01:41 PM,1300971,Outbound,,,C_FAKE_SUPPORT,FAKE-WRAP-UP-TIMEOUT,[LT] Fluxo_FAKE_v1,a11d19a4-1117-43a0-a0cf-954ce16dfe37
YES,,Queue: C_FAKE_WHATSAPP,message,Sra. Luna Peixoto; Calebe da Mata,Srta. Juliana Azevedo,02/17/25 04:35 AM,07/30/25 11:48 AM,1736135,Outbound,,,C_FAKE_EMAIL,FAKE-WRAP-UP-DELETED,[LT] Fluxo_FAKE_v1,9925df49-924a-4fea-bbb7-a5776529880c
YES,,Queue: C_FAKE_CHAT,call,João Gabriel Ferreira; Emanuel Fernandes,Dias,02/06/25 10:25 AM,05/02/25 10:14 PM,898892,Inbound/Outbound,,,C_FAKE_EMAIL,FAKE-WRAP-UP-DELETED,[LT] Fluxo_FAKE_v3,0d7f241e-c6a6-4eb4-b7b6-78c463bd994c
YES,,Queue: C_FAKE_CHAT,message,Elisa Alves; Maria Vitória Nunes,Barbosa,08/17/25 12:34 AM,06/16/25 11:17 AM,758166,Inbound,,,C_FAKE_EMAIL,FAKE-WRAP-UP-DELETED,[LT] Fluxo_FAKE_v3,5cc3c950-4e4c-4008-a95e-bce8b21d8ed2
YES,,Queue: C_FAKE_EMAIL,email,Maria Alice Rezende; Pedro Lucas Freitas,da Luz e Filhos,02/11/25 07:00 PM,06/28/25 11:55 PM,1278869,Inbound/Outbound,,,C_FAKE_CHAT,FAKE-WRAP-UP-TIMEOUT,[LT] Fluxo_FAKE_v2,e45c6d39-c6c2-436c-a2d4-3fa47bc3b7b1
YES,,Queue: C_FAKE_WHATSAPP,email,Isaac Carvalho; Juliana Silva,Bernardo da Rocha,03/25/25 07:19 PM,08/30/25 10:39 AM,1898615,Inbound/Outbound,,,C_FAKE_CHAT,FAKE-WRAP-UP-DELETED,[LT] Fluxo_FAKE_v3,6dc5559b-ef2e-45e6-b12e-16087870a04c
YES,,Queue: C_FAKE_EMAIL,message,Alice Rocha; Srta. Ana Vitória Rocha,Clarice Gonçalves,01/05/25 08:26 AM,03/12/25 12:08 AM,1539889,Outbound,,,C_FAKE_CHAT,FAKE-WRAP-UP-TIMEOUT,[LT] Fluxo_FAKE_v2,2bf14f70-a684-4cf3-a1f2-57f24e3dc31a
YES,,Queue: C_FAKE_EMAIL,message,Bárbara Fogaça,Souza e Filhos,03/31/25 03:24 AM,01/24/25 07:38 PM,1200001,Inbound/Outbound,,,C_FAKE_SUPPORT,FAKE-WRAP-UP-COMPLETED,[LT] Fluxo_FAKE_v2,3ee1d728-e990-4a64-ac78-3741696b6093
YES,,Queue: C_FAKE_WHATSAPP,message,Thomas Duarte,Lopes,04/30/25 07:48 PM,01/06/25 02:22 PM,440300,Inbound,,,C_FAKE_WHATSAPP,FAKE-WRAP-UP-TIMEOUT,[LT] Fluxo_FAKE_v1,19919b61-8b55-4fe6-a43d-482d1819db76
YES,,Queue: C_FAKE_CHAT,email,Vitória Lima; Gabriel da Cunha,Vieira,04/16/25 03:35 AM,03/02/25 07:30 AM,594957,Outbound,,,C_FAKE_EMAIL,FAKE-WRAP-UP-COMPLETED,[LT] Fluxo_FAKE_v2,07e3a513-ab0c-46dd-bc39-53ebab5deee3
YES,,Queue: C_FAKE_WHATSAPP,email,Ryan Freitas,Vitor Gabriel Moura,01/03/25 08:15 PM,08/22/25 09:00 AM,1580634,Inbound,,,C_FAKE_CHAT,FAKE-WRAP-UP-COMPLETED,[LT] Fluxo_FAKE_v2,59dd9452-694e-49c3-b070-9b654ec22c2a
YES,,Queue: C_FAKE_CHAT,call,Srta. Ana Vitória Silva; Mirella Campos,Peixoto,04/17/25 09:32 AM,01/04/25 03:09 AM,1739285,Inbound,,,C_FAKE_EMAIL,FAKE-WRAP-UP-DELETED,[LT] Fluxo_FAKE_v3,48f63a9e-9371-4e14-8d7e-2e139cd928ef
YES,,Queue: C_FAKE_EMAIL,message,Henrique Sales; Sr. Pedro Henrique Viana,Rafaela Campos,03/16/25 06:25 PM,07/01/25 01:01 PM,1624265,Inbound,,,C_FAKE_SUPPORT,FAKE-WRAP-UP-TIMEOUT,[LT] Fluxo_FAKE_v3,d4b07d7e-4fa0-4716-91e6-361009f76898
YES,,Queue: C_FAKE_CHAT,message,Beatriz Jesus,Carvalho,09/04/25 12:04 AM,08/31/25 04:16 AM,1118585,Inbound/Outbound,,,C_FAKE_CHAT,FAKE-WRAP-UP-COMPLETED,[LT] Fluxo_FAKE_v1,d31c6274-e8c7-4867-8231-b35c0e491353
YES,,Queue: C_FAKE_WHATSAPP,email,João Pedro Cardoso,Stephany Cardoso,01/11/25 01:09 PM,09/07/25 05:14 PM,830377,Outbound,,,C_FAKE_EMAIL,FAKE-WRAP-UP-DELETED,[LT] Fluxo_FAKE_v2,51cc6390-6221-489c-917c-8165331b36c7
YES,,Queue: C_FAKE_EMAIL,message,Emanuelly da Mata; Dra. Maria Sophia da Luz,da Luz S.A.,07/06/25 12:34 PM,05/29/25 10:39 AM,593915,Inbound/Outbound,,,C_FAKE_WHATSAPP,FAKE-WRAP-UP-TIMEOUT,[LT] Fluxo_FAKE_v2,9545201e-6eca-40f5-a1b0-d81fb60c498a
YES,,Queue: C_FAKE_WHATSAPP,call,Lara da Luz,Miguel Monteiro,04/01/25 06:29 PM,03/31/25 11:43 PM,1477461,Outbound,,,C_FAKE_SUPPORT,FAKE-WRAP-UP-COMPLETED,[LT] Fluxo_FAKE_v3,9195164c-17e0-43ca-a23b-b1c68989d605
YES,,Queue: C_FAKE_WHATSAPP,call,Bryan Campos,Aragão Dias Ltda.,02/19/25 06:00 AM,04/19/25 09:54 PM,1336098,Inbound,,,C_FAKE_WHATSAPP,FAKE-WRAP-UP-TIMEOUT,[LT] Fluxo_FAKE_v3,2617836b-dbd1-41b4-a184-5f6da759361d
YES,,Queue: C_FAKE_WHATSAPP,call,Alexandre Nascimento,Nicole da Luz,07/18/25 11:47 PM,03/14/25 10:36 PM,1858446,Inbound/Outbound,,,C_FAKE_WHATSAPP,FAKE-WRAP-UP-DELETED,[LT] Fluxo_FAKE_v1,339a34cb-30fa-4cb4-a8fd-116b45292253
YES,,Queue: C_FAKE_WHATSAPP,message,Renan Silveira,Duarte Fernandes S.A.,07/03/25 01:19 PM,05/25/25 01:17 AM,1908440,Outbound,,,C_FAKE_CHAT,FAKE-WRAP-UP-DELETED,[LT] Fluxo_FAKE_v2,bcd1e347-f502-4acd-b066-f27a1a3f3ff2
YES,,Queue: C_FAKE_EMAIL,call,Isis Pinto,Azevedo,07/17/25 04:23 AM,06/18/25 07:18 PM,1076273,Inbound,,,C_FAKE_CHAT,FAKE-WRAP-UP-COMPLETED,[LT] Fluxo_FAKE_v3,cfdaff51-5caa-4701-8ef1-878fc6aaf4fc
YES,,Queue: C_FAKE_WHATSAPP,call,Davi Gomes; Thomas da Luz,Mariane Cunha,08/04/25 08:10 AM,05/09/25 01:40 AM,1893078,Inbound,,,C_FAKE_CHAT,FAKE-WRAP-UP-TIMEOUT,[LT] Fluxo_FAKE_v3,44dc6f42-7323-4ab3-8554-b14457f1480a
YES,,Queue: C_FAKE_WHATSAPP,call,Joaquim Aragão; Isabel da Cruz,Maysa Silveira,08/30/25 08:27 AM,05/25/25 10:38 PM,1397624,Inbound/Outbound,,,C_FAKE_SUPPORT,FAKE-WRAP-UP-TIMEOUT,[LT] Fluxo_FAKE_v2,fc49f545-e10f-4f09-85a0-71179bd8ea38
YES,,Queue: C_FAKE_CHAT,message,Marina Alves,Pereira Pereira Ltda.,05/07/25 09:36 PM,03/23/25 08:57 AM,827362,Inbound,,,C_FAKE_EMAIL,FAKE-WRAP-UP-COMPLETED,[LT] Fluxo_FAKE_v3,d6e9ebe0-189b-48d4-99d7-2f60529d82f8
YES,,Queue: C_FAKE_WHATSAPP,message,Juliana Melo; Francisco Ramos,Marcos Vinicius Silveira,03/20/25 05:16 AM,01/02/25 06:13 PM,430126,Inbound/Outbound,,,C_FAKE_SUPPORT,FAKE-WRAP-UP-COMPLETED,[LT] Fluxo_FAKE_v2,cc54d981-9787-4df2-8313-e1be09a27c56
YES,,Queue: C_FAKE_CHAT,email,Heloísa Freitas; Marcos Vinicius Silva,da Rosa,04/17/25 05:03 PM,04/21/25 02:32 PM,1360819,Inbound,,,C_FAKE_CHAT,FAKE-WRAP-UP-COMPLETED,[LT] Fluxo_FAKE_v2,a5226756-9c4b-4428-bacf-5012bd549545
YES,,Queue: C_FAKE_WHATSAPP,email,Natália Nascimento; Larissa Pinto,Teixeira,08/26/25 09:38 AM,08/14/25 12:18 AM,917865,Outbound,,,C_FAKE_SUPPORT,FAKE-WRAP-UP-TIMEOUT,[LT] Fluxo_FAKE_v2,6898e551-0432-4d05-b4fc-fa93421a51df
YES,,Queue: C_FAKE_EMAIL,email,Srta. Laís Aragão,Maria Luiza Barros,02/03/25 12:17 AM,04/12/25 07:24 AM,739240,Inbound,,,C_FAKE_EMAIL,FAKE-WRAP-UP-DELETED,[LT] Fluxo_FAKE_v2,150046e3-e87e-4008-b0b8-77509f08a213
YES,,Queue: C_FAKE_EMAIL,call,Antônio da Rosa,Emanuella Porto,02/09/25 08:34 PM,05/11/25 06:28 PM,1686578,Inbound/Outbound,,,C_FAKE_WHATSAPP,FAKE-WRAP-UP-COMPLETED,[LT] Fluxo_FAKE_v1,5bc66ea4-d44a-4dde-bafd-c08164667f70
YES,,Queue: C_FAKE_CHAT,message,Larissa Martins,Mendes S/A,07/30/25 07:26 PM,07/16/25 04:38 AM,439126,Inbound/Outbound,,,C_FAKE_SUPPORT,FAKE-WRAP-UP-TIMEOUT,[LT] Fluxo_FAKE_v1,afac70bc-051e-474a-b195-321d6c20ee70
YES,,Queue: C_FAKE_EMAIL,call,João Pedro Rodrigues,Evelyn Ferreira,08/07/25 03:18 PM,03/12/25 04:15 AM,629848,Outbound,,,C_FAKE_SUPPORT,FAKE-WRAP-UP-COMPLETED,[LT] Fluxo_FAKE_v2,351de11b-b1bd-449c-88b9-e631345439ff
YES,,Queue: C_FAKE_CHAT,message,Dr. Murilo Silveira,Sr. Guilherme Martins,01/07/25 11:05 AM,09/08/25 06:28 PM,307932,Outbound,,,C_FAKE_SUPPORT,FAKE-WRAP-UP-DELETED,[LT] Fluxo_FAKE_v3,689552a7-68b1-46e5-8812-feae55caab20
YES,,Queue: C_FAKE_WHATSAPP,email,Dra. Vitória Dias,Mendes,05/01/25 05:29 PM,01/18/25 04:39 PM,1030135,Inbound,,,C_FAKE_SUPPORT,FAKE-WRAP-UP-DELETED,[LT] Fluxo_FAKE_v1,bfd80514-b641-4eda-9327-aa9722be2e23
YES,,Queue: C_FAKE_EMAIL,email,Davi Pinto; Lucas Teixeira,Melo Porto S/A,04/27/25 06:22 PM,01/13/25 10:18 PM,1419365,Inbound,,,C_FAKE_WHATSAPP,FAKE-WRAP-UP-COMPLETED,[LT] Fluxo_FAKE_v1,0e422912-5497-4c9e-a14b-286fd8302225
YES,,Queue: C_FAKE_WHATSAPP,call,Eduarda Teixeira,Dr. Kevin da Luz,05/27/25 04:13 AM,04/27/25 08:10 PM,1682804,Outbound,,,C_FAKE_SUPPORT,FAKE-WRAP-UP-TIMEOUT,[LT] Fluxo_FAKE_v2,1243a7d7-ca22-46d5-be22-a8c383a022e0
YES,,Queue: C_FAKE_CHAT,email,Júlia Farias; Melissa Gomes,Oliveira Barros e Filhos,05/30/25 03:50 PM,03/18/25 01:34 AM,1608088,Inbound/Outbound,,,C_FAKE_WHATSAPP,FAKE-WRAP-UP-TIMEOUT,[LT] Fluxo_FAKE_v2,388211e0-59cd-420b-831c-313952b52069
YES,,Queue: C_FAKE_CHAT,email,Thiago Cardoso; Vitor Cardoso,Leonardo Vieira,08/13/25 12:20 PM,05/27/25 01:22 PM,1494817,Inbound/Outbound,,,C_FAKE_EMAIL,FAKE-WRAP-UP-COMPLETED,[LT] Fluxo_FAKE_v2,f782b24b-1584-46bf-955d-ddac99e0859c
YES,,Queue: C_FAKE_CHAT,call,Milena da Rocha,Gonçalves e Filhos,07/15/25 02:57 PM,05/24/25 06:09 AM,1707820,Outbound,,,C_FAKE_SUPPORT,FAKE-WRAP-UP-COMPLETED,[LT] Fluxo_FAKE_v3,e759070e-de44-4c40-a813-bdc625bdf494
YES,,Queue: C_FAKE_WHATSAPP,message,Sra. Laís Monteiro,Ribeiro,01/19/25 10:35 PM,03/25/25 11:27 PM,537140,Inbound/Outbound,,,C_FAKE_SUPPORT,FAKE-WRAP-UP-TIMEOUT,[LT] Fluxo_FAKE_v2,258ce2bf-6a3a-4b21-93da-2de863258518
YES,,Queue: C_FAKE_EMAIL,message,Diogo Pereira,Fernandes Jesus e Filhos,04/20/25 05:31 AM,03/24/25 01:19 AM,1265872,Inbound/Outbound,,,C_FAKE_CHAT,FAKE-WRAP-UP-TIMEOUT,[LT] Fluxo_FAKE_v3,6728cd49-4217-499a-985a-aa57a0fd7ea0
YES,,Queue: C_FAKE_EMAIL,call,Stephany Nascimento,Dias Cavalcanti - EI,01/28/25 10:31 PM,02/28/25 11:07 AM,730363,Outbound,,,C_FAKE_EMAIL,FAKE-WRAP-UP-DELETED,[LT] Fluxo_FAKE_v1,7093172e-5eeb-4fad-b8eb-f35d32389b8d
YES,,Queue: C_FAKE_CHAT,message,Kamilly Carvalho; Raquel Barros,Clarice Costa,06/23/25 09:41 AM,04/28/25 01:44 AM,1526122,Outbound,,,C_FAKE_WHATSAPP,FAKE-WRAP-UP-DELETED,[LT] Fluxo_FAKE_v2,76030d8e-5b79-49c0-9dcb-894347aa2d02
YES,,Queue: C_FAKE_WHATSAPP,message,Lara da Luz; Júlia Cunha,Farias,06/02/25 09:33 AM,06/22/25 03:00 PM,1232324,Inbound,,,C_FAKE_EMAIL,FAKE-WRAP-UP-DELETED,[LT] Fluxo_FAKE_v2,0a882932-b255-4709-902b-5dc089c6589a
YES,,Queue: C_FAKE_CHAT,call,Mariana Vieira,Sales,04/13/25 09:39 PM,07/12/25 01:08 PM,357471,Inbound,,,C_FAKE_SUPPORT,FAKE-WRAP-UP-COMPLETED,[LT] Fluxo_FAKE_v3,5fd456a6-dbd3-4e61-85fc-71d6f75820c1
YES,,Queue: C_FAKE_WHATSAPP,message,Emanuelly Gomes,Gomes Santos e Filhos,05/10/25 07:44 PM,02/23/25 05:23 PM,1444721,Outbound,,,C_FAKE_CHAT,FAKE-WRAP-UP-TIMEOUT,[LT] Fluxo_FAKE_v1,30b4c334-d933-48c0-9aa9-060996620519
YES,,Queue: C_FAKE_CHAT,message,Sofia Ramos,Araújo,04/04/25 05:12 AM,07/04/25 10:29 PM,896454,Inbound/Outbound,,,C_FAKE_CHAT,FAKE-WRAP-UP-COMPLETED,[LT] Fluxo_FAKE_v2,8ebd14ca-6b7e-4381-b73a-24b663a8bb64
YES,,Queue: C_FAKE_CHAT,message,Esther Araújo,da Costa,01/09/25 05:58 PM,07/06/25 10:05 AM,347659,Inbound,,,C_FAKE_WHATSAPP,FAKE-WRAP-UP-COMPLETED,[LT] Fluxo_FAKE_v1,149cc4a8-5acd-4fb5-b79d-6d316bd7117b
YES,,Queue: C_FAKE_WHATSAPP,email,Noah Pires; Sr. Heitor Carvalho,Ian Ribeiro,03/22/25 03:52 PM,03/22/25 06:20 PM,1271217,Inbound,,,C_FAKE_SUPPORT,FAKE-WRAP-UP-DELETED,[LT] Fluxo_FAKE_v2,0ee576d1-969e-4c23-9f3a-c1330f348245
YES,,Queue: C_FAKE_EMAIL,message,Pedro Barbosa; Emilly Azevedo,Isadora Novaes,05/19/25 04:07 PM,07/16/25 02:30 PM,636809,Inbound/Outbound,,,C_FAKE_SUPPORT,FAKE-WRAP-UP-DELETED,[LT] Fluxo_FAKE_v1,4a5e84b3-beaf-4c57-bdfe-bb6e26676451
YES,,Queue: C_FAKE_EMAIL,call,Sra. Heloísa Farias,Pereira,05/22/25 10:18 PM,04/06/25 12:54 PM,1931524,Inbound/Outbound,,,C_FAKE_CHAT,FAKE-WRAP-UP-TIMEOUT,[LT] Fluxo_FAKE_v2,e9ee045e-2e27-451c-b42e-466d578a7568
YES,,Queue: C_FAKE_EMAIL,call,Renan Costela,Larissa Azevedo,09/03/25 04:07 AM,01/06/25 05:37 AM,449135,Inbound/Outbound,,,C_FAKE_CHAT,FAKE-WRAP-UP-DELETED,[LT] Fluxo_FAKE_v3,429e5407-096c-4b05-b53e-0a4cdc986ec2
YES,,Queue: C_FAKE_EMAIL,call,Alice Cardoso; Benício Farias,Nathan Moreira,06/13/25 03:52 PM,01/31/25 05:07 AM,942252,Inbound/Outbound,,,C_FAKE_CHAT,FAKE-WRAP-UP-TIMEOUT,[LT] Fluxo_FAKE_v3,c3f02831-b07e-4dca-999a-0fbc142359e3
YES,,Queue: C_FAKE_EMAIL,message,Lívia Nunes,Cardoso,02/03/25 04:41 PM,08/01/25 04:10 PM,914155,Outbound,,,C_FAKE_EMAIL,FAKE-WRAP-UP-DELETED,[LT] Fluxo_FAKE_v3,517ae689-e300-4545-aecf-14451a0fb76e
YES,,Queue: C_FAKE_EMAIL,email,Clara Porto; João Pereira,Lima e Filhos,04/29/25 11:58 PM,07/02/25 04:17 PM,1935752,Inbound,,,C_FAKE_CHAT,FAKE-WRAP-UP-DELETED,[LT] Fluxo_FAKE_v2,17cf76e2-ec5e-4dae-acd0-175372dc83ed
YES,,Queue: C_FAKE_WHATSAPP,call,Melissa Oliveira,Luiza Almeida,04/19/25 11:58 PM,06/29/25 06:02 AM,1938225,Inbound/Outbound,,,C_FAKE_SUPPORT,FAKE-WRAP-UP-TIMEOUT,[LT] Fluxo_FAKE_v2,665f8993-695f-40c5-9563-8ea4bbaafa3c
YES,,Queue: C_FAKE_CHAT,call,Milena Nogueira,Bianca Aragão,05/25/25 07:20 PM,02/21/25 05:12 PM,116263,Inbound,,,C_FAKE_SUPPORT,FAKE-WRAP-UP-TIMEOUT,[LT] Fluxo_FAKE_v3,fa5afb37-57d4-48c4-a774-26865e6d9db3
YES,,Queue: C_FAKE_WHATSAPP,call,Maria Sophia Moura; Luiz Miguel Campos,Theo da Cunha,04/01/25 08:38 AM,03/31/25 10:16 PM,803091,Inbound,,,C_FAKE_WHATSAPP,FAKE-WRAP-UP-COMPLETED,[LT] Fluxo_FAKE_v2,93022639-2e33-4af0-bae0-f3da00ec8333
YES,,Queue: C_FAKE_EMAIL,email,Srta. Luna Pereira; Anthony Lopes,Rocha,04/04/25 11:18 PM,08/31/25 12:06 AM,780306,Inbound,,,C_FAKE_CHAT,FAKE-WRAP-UP-TIMEOUT,[LT] Fluxo_FAKE_v2,ea24ea3a-2cbb-41d7-ac1d-e2fa88f7b88e
YES,,Queue: C_FAKE_CHAT,email,Bernardo Fernandes,João Gabriel Campos,03/25/25 11:53 PM,02/04/25 06:27 AM,489203,Inbound,,,C_FAKE_CHAT,FAKE-WRAP-UP-DELETED,[LT] Fluxo_FAKE_v2,08405335-6047-4b30-a377-ff85882cd5af
YES,,Queue: C_FAKE_EMAIL,call,Luigi Lima; Elisa da Rosa,Maria Sophia Carvalho,04/09/25 09:12 AM,06/26/25 05:33 AM,318422,Inbound/Outbound,,,C_FAKE_EMAIL,FAKE-WRAP-UP-TIMEOUT,[LT] Fluxo_FAKE_v2,56eefd68-8016-45ef-bd9b-3532bbb51d4b
YES,,Queue: C_FAKE_CHAT,message,Francisco Ramos; Heitor Costela,Diogo Martins,08/24/25 05:36 AM,04/12/25 10:15 PM,963039,Inbound/Outbound,,,C_FAKE_EMAIL,FAKE-WRAP-UP-TIMEOUT,[LT] Fluxo_FAKE_v3,ee15fd4e-0445-4990-9a65-85ab4832daf1
YES,,Queue: C_FAKE_EMAIL,call,Dra. Bárbara das Neves; Luana das Neves,Cardoso,07/28/25 03:43 PM,06/07/25 06:52 PM,1487630,Inbound/Outbound,,,C_FAKE_EMAIL,FAKE-WRAP-UP-DELETED,[LT] Fluxo_FAKE_v1,ddf7e954-ecf8-4922-8f62-4e9b69e2fcb5
YES,,Queue: C_FAKE_CHAT,message,Luana Jesus,Emanuel Carvalho,03/21/25 01:16 AM,05/23/25 07:44 AM,1290478,Inbound,,,C_FAKE_WHATSAPP,FAKE-WRAP-UP-DELETED,[LT] Fluxo_FAKE_v1,301a1db9-ac9f-495f-8167-4d9b138bfe04
YES,,Queue: C_FAKE_CHAT,email,Danilo Moraes; Isadora da Paz,Kaique Lopes,07/27/25 02:00 PM,01/31/25 11:59 AM,1912899,Inbound,,,C_FAKE_SUPPORT,FAKE-WRAP-UP-DELETED,[LT] Fluxo_FAKE_v3,9f3b7131-f36b-48bf-b5c5-028259693879
YES,,Queue: C_FAKE_EMAIL,email,Stephany Teixeira; Sr. Ryan Costa,Maria Clara Martins,05/14/25 11:46 AM,08/30/25 07:13 PM,1374025,Inbound,,,C_FAKE_SUPPORT,FAKE-WRAP-UP-COMPLETED,[LT] Fluxo_FAKE_v2,cf10869c-0ed1-4b4b-9eb0-3dadce85eee8
YES,,Queue: C_FAKE_CHAT,call,Manuela Jesus,da Cunha - EI,05/26/25 04:15 PM,05/09/25 06:32 AM,358180,Inbound,,,C_FAKE_SUPPORT,FAKE-WRAP-UP-COMPLETED,[LT] Fluxo_FAKE_v3,d6e9aeba-84d1-4e3b-8ec2-38635c6ae28e
YES,,Queue: C_FAKE_EMAIL,email,João Miguel Ramos; Sr. Enrico Teixeira,Caio das Neves,05/01/25 07:11 PM,07/26/25 07:11 PM,1149214,Outbound,,,C_FAKE_SUPPORT,FAKE-WRAP-UP-DELETED,[LT] Fluxo_FAKE_v1,1779a44c-926a-4390-b460-4426c31fd749
YES,,Queue: C_FAKE_CHAT,call,Raquel Barbosa; Srta. Catarina Teixeira,Ferreira - ME,03/15/25 10:20 AM,04/11/25 03:08 PM,1289389,Inbound,,,C_FAKE_EMAIL,FAKE-WRAP-UP-COMPLETED,[LT] Fluxo_FAKE_v2,fb664abf-9b50-45fb-b41d-a663208befee
YES,,Queue: C_FAKE_CHAT,message,Henrique da Cruz,Moura - EI,06/29/25 10:21 PM,04/05/25 01:07 AM,597288,Inbound/Outbound,,,C_FAKE_CHAT,FAKE-WRAP-UP-COMPLETED,[LT] Fluxo_FAKE_v3,0d51524c-d8d4-425c-835c-6b32fa631e09
YES,,Queue: C_FAKE_WHATSAPP,email,Sarah Cavalcanti; Bernardo Silva,da Costa,07/03/25 09:03 AM,03/17/25 12:40 AM,100184,Outbound,,,C_FAKE_CHAT,FAKE-WRAP-UP-TIMEOUT,[LT] Fluxo_FAKE_v1,164fdb8c-fd7a-4950-9736-aadc4b91b450
YES,,Queue: C_FAKE_CHAT,email,Thiago Nunes; Eduardo Farias,Melo e Filhos,05/19/25 09:30 AM,05/21/25 06:12 PM,1985554,Inbound,,,C_FAKE_WHATSAPP,FAKE-WRAP-UP-TIMEOUT,[LT] Fluxo_FAKE_v1,f3c7f5f2-0dd1-4aa2-9956-6b19321e746b
YES,,Queue: C_FAKE_EMAIL,message,Igor das Neves; Diogo Caldeira,Gustavo Alves,06/24/25 04:15 PM,06/21/25 05:57 AM,1886346,Outbound,,,C_FAKE_CHAT,FAKE-WRAP-UP-COMPLETED,[LT] Fluxo_FAKE_v3,b65365bf-abf5-40bc-9683-f3298867260d
YES,,Queue: C_FAKE_CHAT,message,Benjamin Oliveira; Dr. Rafael Lopes,Dr. Juan Pinto,04/03/25 04:33 AM,04/29/25 02:47 PM,869867,Inbound,,,C_FAKE_EMAIL,FAKE-WRAP-UP-TIMEOUT,[LT] Fluxo_FAKE_v3,4db7255b-e2e7-455f-bcea-825153565937
YES,,Queue: C_FAKE_WHATSAPP,message,Yuri da Mata; Maria Sophia Castro,Oliveira Fogaça Ltda.,03/01/25 07:16 AM,01/22/25 09:20 AM,678613,Inbound,,,C_FAKE_CHAT,FAKE-WRAP-UP-COMPLETED,[LT] Fluxo_FAKE_v3,15002f8d-af37-4150-8e89-87696abef130
YES,,Queue: C_FAKE_EMAIL,message,Sabrina Cavalcanti; Kaique Cavalcanti,Nascimento,08/28/25 04:13 AM,02/06/25 05:27 AM,1602651,Outbound,,,C_FAKE_CHAT,FAKE-WRAP-UP-TIMEOUT,[LT] Fluxo_FAKE_v3,c0f61d0d-e529-4653-8f12-543f046bc3d7
YES,,Queue: C_FAKE_EMAIL,message,Dra. Marcela Costela,Raul Fernandes,02/22/25 12:56 AM,02/17/25 11:05 PM,754563,Inbound,,,C_FAKE_SUPPORT,FAKE-WRAP-UP-COMPLETED,[LT] Fluxo_FAKE_v1,6adaf044-2432-4c6f-8919-9f95678d2bb9
YES,,Queue: C_FAKE_WHATSAPP,email,Ana da Costa,Sales Ltda.,09/05/25 06:55 PM,06/06/25 03:55 AM,1038202,Inbound,,,C_FAKE_WHATSAPP,FAKE-WRAP-UP-DELETED,[LT] Fluxo_FAKE_v1,618b1b2e-c83b-4551-a67f-88502ba5d62a
YES,,Queue: C_FAKE_CHAT,email,Maria Fernanda Nascimento,Araújo Souza S.A.,09/03/25 05:19 AM,04/16/25 05:48 AM,1387156,Inbound,,,C_FAKE_CHAT,FAKE-WRAP-UP-TIMEOUT,[LT] Fluxo_FAKE_v3,eeb1ae97-ccb4-4d2d-92ab-e1cb7f1f2b30
YES,,Queue: C_FAKE_WHATSAPP,email,Srta. Sofia Almeida,Monteiro - EI,03/31/25 11:25 AM,02/24/25 12:59 AM,450857,Inbound,,,C_FAKE_WHATSAPP,FAKE-WRAP-UP-COMPLETED,[LT] Fluxo_FAKE_v1,a223621e-a257-40d7-8cb6-0e9ea97c0644
YES,,Queue: C_FAKE_EMAIL,message,Isabella Sales; Vitor Hugo Costela,Marina Ramos,01/20/25 02:10 AM,03/20/25 03:39 AM,1553672,Inbound/Outbound,,,C_FAKE_SUPPORT,FAKE-WRAP-UP-COMPLETED,[LT] Fluxo_FAKE_v3,0befb63a-07cf-4600-a551-00c2286c2d47
YES,,Queue: C_FAKE_EMAIL,message,Mirella Rezende,Matheus Mendes,08/28/25 02:35 AM,07/11/25 02:18 PM,401355,Outbound,,,C_FAKE_CHAT,FAKE-WRAP-UP-TIMEOUT,[LT] Fluxo_FAKE_v2,ce188222-410b-43d1-a0fa-3560bc2a0357
YES,,Queue: C_FAKE_CHAT,call,Matheus Rezende; Danilo Monteiro,Gonçalves Ltda.,03/14/25 08:07 AM,01/18/25 08:35 AM,894415,Inbound,,,C_FAKE_SUPPORT,FAKE-WRAP-UP-COMPLETED,[LT] Fluxo_FAKE_v2,83000f15-feef-4c7f-ad48-c17454c8633b
YES,,Queue: C_FAKE_CHAT,message,Alexia da Conceição; Manuela Nunes,João Miguel Barbosa,04/22/25 08:41 PM,08/03/25 12:54 PM,160666,Outbound,,,C_FAKE_EMAIL,FAKE-WRAP-UP-COMPLETED,[LT] Fluxo_FAKE_v2,ef70014e-ca92-4da8-ac6a-a91f0757912b
YES,,Queue: C_FAKE_EMAIL,email,Francisco Alves; Valentina Moraes,Lucca Ferreira,06/25/25 05:04 AM,06/05/25 12:14 AM,1836839,Outbound,,,C_FAKE_SUPPORT,FAKE-WRAP-UP-COMPLETED,[LT] Fluxo_FAKE_v1,f74e5484-9b63-42e5-bacf-99ffb14d94c0
YES,,Queue: C_FAKE_WHATSAPP,message,Sr. Theo Aragão; Bruno Santos,Dra. Lívia Melo,06/19/25 04:34 AM,06/02/25 07:02 AM,1827888,Inbound/Outbound,,,C_FAKE_SUPPORT,FAKE-WRAP-UP-TIMEOUT,[LT] Fluxo_FAKE_v3,3448ec44-4274-4e66-b014-5cbbf683065e
YES,,Queue: C_FAKE_WHATSAPP,call,Caio Nogueira,Dr. Leandro Cunha,03/27/25 03:44 PM,07/19/25 10:30 PM,501889,Inbound/Outbound,,,C_FAKE_CHAT,FAKE-WRAP-UP-COMPLETED,[LT] Fluxo_FAKE_v1,82377bd0-87e5-45c1-bdfc-b03a8f11b60e
YES,,Queue: C_FAKE_WHATSAPP,message,Laura Nascimento,Pereira,08/27/25 04:45 AM,08/31/25 02:53 AM,1726903,Outbound,,,C_FAKE_CHAT,FAKE-WRAP-UP-TIMEOUT,[LT] Fluxo_FAKE_v1,34bca6b4-12f6-4dc7-bcd6-f53fd45fdfc8
YES,,Queue: C_FAKE_WHATSAPP,message,Mirella Barros; Melissa Costela,Nicolas Aragão,02/04/25 05:56 AM,02/07/25 10:30 PM,1892606,Outbound,,,C_FAKE_SUPPORT,FAKE-WRAP-UP-TIMEOUT,[LT] Fluxo_FAKE_v3,318b2903-de3e-4bc2-ba17-2ab1cca324c6
YES,,Queue: C_FAKE_EMAIL,call,Isis Alves; Lucca Freitas,Sophia Porto,01/31/25 10:18 PM,08/13/25 05:55 AM,437553,Outbound,,,C_FAKE_WHATSAPP,FAKE-WRAP-UP-TIMEOUT,[LT] Fluxo_FAKE_v1,8249dfeb-36dd-4d1e-83f2-d0479d8ac4b9
YES,,Queue: C_FAKE_EMAIL,email,Emanuel Melo,Vitor Hugo Fernandes,07/22/25 08:35 AM,08/16/25 09:57 PM,1960657,Inbound/Outbound,,,C_FAKE_SUPPORT,FAKE-WRAP-UP-TIMEOUT,[LT] Fluxo_FAKE_v1,529954a6-c3ea-4af4-bd86-29e2cc321064
YES,,Queue: C_FAKE_CHAT,call,Srta. Maria Eduarda da Cunha; Dra. Evelyn Lima,Nicolas Costa,04/11/25 07:47 PM,06/28/25 11:47 AM,648524,Inbound/Outbound,,,C_FAKE_CHAT,FAKE-WRAP-UP-TIMEOUT,[LT] Fluxo_FAKE_v1,0c3b491f-bb27-4cbb-9038-3703cf12b313
YES,,Queue: C_FAKE_EMAIL,message,Sr. Henrique Pires,Matheus Duarte,08/17/25 01:26 PM,05/20/25 04:35 AM,581239,Outbound,,,C_FAKE_WHATSAPP,FAKE-WRAP-UP-DELETED,[LT] Fluxo_FAKE_v1,bc44427f-f512-430d-97cd-4206e1f8f3f6
YES,,Queue: C_FAKE_WHATSAPP,message,Lorena da Rosa; Ana Carolina Melo,Costela Novaes - ME,01/04/25 12:56 AM,08/05/25 03:49 AM,1641410,Inbound/Outbound,,,C_FAKE_WHATSAPP,FAKE-WRAP-UP-DELETED,[LT] Fluxo_FAKE_v1,c256f224-82b2-48b6-9d51-ef25417f38c1
YES,,Queue: C_FAKE_CHAT,call,Juliana Souza; Sra. Yasmin Melo,Olivia da Costa,08/19/25 07:10 AM,03/06/25 06:40 PM,432744,Inbound,,,C_FAKE_WHATSAPP,FAKE-WRAP-UP-COMPLETED,[LT] Fluxo_FAKE_v1,f07369c3-a9dd-493e-8638-6ae05e1868c9
YES,,Queue: C_FAKE_WHATSAPP,message,Maria Alice da Mata,Souza da Cunha e Filhos,07/28/25 08:44 AM,01/01/25 03:00 PM,247483,Inbound/Outbound,,,C_FAKE_SUPPORT,FAKE-WRAP-UP-TIMEOUT,[LT] Fluxo_FAKE_v1,86e5b158-1c5c-4751-8391-af62c2984f2b
YES,,Queue: C_FAKE_CHAT,call,Davi Lucas Farias; Sr. Augusto Pinto,Maitê Mendes,06/15/25 08:48 PM,07/27/25 08:13 PM,1601221,Outbound,,,C_FAKE_EMAIL,FAKE-WRAP-UP-COMPLETED,[LT] Fluxo_FAKE_v2,f12ee3a3-ae77-44d2-8c4b-6f67ba3cfc84
YES,,Queue: C_FAKE_EMAIL,message,Luiza Oliveira; Luna Santos,Paulo Nunes,04/19/25 04:11 AM,05/06/25 07:24 PM,1100780,Inbound/Outbound,,,C_FAKE_SUPPORT,FAKE-WRAP-UP-TIMEOUT,[LT] Fluxo_FAKE_v3,7ac9080c-3803-4d7f-8d39-db39cd3ce090
YES,,Queue: C_FAKE_WHATSAPP,message,Thomas Freitas,Ribeiro,05/10/25 11:50 PM,02/26/25 10:01 PM,585685,Outbound,,,C_FAKE_SUPPORT,FAKE-WRAP-UP-COMPLETED,[LT] Fluxo_FAKE_v1,a2dc95f5-5b7f-4f66-bb26-28be14503e5b
YES,,Queue: C_FAKE_EMAIL,message,Bruno Rocha,Dr. Rodrigo Melo,08/21/25 09:36 PM,09/02/25 02:07 AM,1116737,Outbound,,,C_FAKE_WHATSAPP,FAKE-WRAP-UP-TIMEOUT,[LT] Fluxo_FAKE_v1,b3348662-80c1-47e5-ac7b-e9e9289cad9c
YES,,Queue: C_FAKE_CHAT,message,Luiza Freitas; Rafaela Ramos,Bryan Campos,09/05/25 01:00 AM,04/24/25 01:33 AM,1538447,Inbound/Outbound,,,C_FAKE_EMAIL,FAKE-WRAP-UP-COMPLETED,[LT] Fluxo_FAKE_v2,af1458cf-62c1-4f4c-86cc-db09f881ec7b
YES,,Queue: C_FAKE_EMAIL,message,Kevin Pires; Sr. Vinicius Costa,Pereira,04/10/25 09:00 PM,05/10/25 11:07 PM,769220,Outbound,,,C_FAKE_WHATSAPP,FAKE-WRAP-UP-COMPLETED,[LT] Fluxo_FAKE_v2,680099bc-9cf5-4e16-84aa-1ea739595bb2
YES,,Queue: C_FAKE_EMAIL,message,Dr. Breno Moraes; Larissa Lima,Paulo Nunes,06/21/25 02:41 AM,07/25/25 02:15 PM,148022,Inbound,,,C_FAKE_WHATSAPP,FAKE-WRAP-UP-TIMEOUT,[LT] Fluxo_FAKE_v1,ef7419b8-3cd2-4aaf-ad40-a9b8994e594e
YES,,Queue: C_FAKE_WHATSAPP,email,Srta. Ana Beatriz da Rocha; Sr. Benício Correia,da Mota,01/15/25 02:49 PM,02/03/25 08:17 AM,1645109,Inbound,,,C_FAKE_EMAIL,FAKE-WRAP-UP-TIMEOUT,[LT] Fluxo_FAKE_v2,935afe43-53c8-404f-bc85-3e82c233abaa
YES,,Queue: C_FAKE_CHAT,message,Milena da Costa,Freitas da Conceição S.A.,07/23/25 03:04 PM,04/20/25 12:54 AM,1789053,Outbound,,,C_FAKE_EMAIL,FAKE-WRAP-UP-DELETED,[LT] Fluxo_FAKE_v3,bebf5e40-cab8-4add-8a9c-7a82c26317e8
YES,,Queue: C_FAKE_WHATSAPP,email,Henrique da Cunha,Nascimento,06/09/25 07:25 AM,08/03/25 09:06 PM,923426,Inbound,,,C_FAKE_CHAT,FAKE-WRAP-UP-DELETED,[LT] Fluxo_FAKE_v3,85182ad2-a0e0-41c8-9156-77430c7f758b
YES,,Queue: C_FAKE_EMAIL,call,Leandro Barros,Santos S/A,04/17/25 03:24 PM,01/04/25 03:33 AM,1755668,Inbound/Outbound,,,C_FAKE_EMAIL,FAKE-WRAP-UP-DELETED,[LT] Fluxo_FAKE_v3,e8f50fb0-3250-4f53-b438-1df6cb2b9704
YES,,Queue: C_FAKE_CHAT,call,Marcos Vinicius Almeida; Isaac das Neves,Sofia Duarte,05/26/25 12:43 PM,07/24/25 03:50 PM,1072512,Inbound/Outbound,,,C_FAKE_EMAIL,FAKE-WRAP-UP-TIMEOUT,[LT] Fluxo_FAKE_v2,bf32ed0d-fc9c-4a0f-a676-76eb662d826f
YES,,Queue: C_FAKE_CHAT,message,Ana Lívia Monteiro; Dr. Gabriel Peixoto,João Felipe Farias,08/16/25 11:46 AM,03/01/25 09:37 PM,1586175,Inbound,,,C_FAKE_WHATSAPP,FAKE-WRAP-UP-TIMEOUT,[LT] Fluxo_FAKE_v1,9d74321a-0a78-4cfd-a498-6ec1e47aa215
YES,,Queue: C_FAKE_EMAIL,message,Luiza Fogaça,Cunha,07/12/25 12:56 PM,02/22/25 07:55 PM,1310022,Outbound,,,C_FAKE_SUPPORT,FAKE-WRAP-UP-COMPLETED,[LT] Fluxo_FAKE_v2,bfd7d03f-552f-4fed-a10e-6d9e0c4ed3f4
YES,,Queue: C_FAKE_WHATSAPP,email,João Vitor Jesus; Maria Julia Campos,da Costa e Filhos,07/26/25 02:37 AM,05/16/25 01:08 PM,884118,Outbound,,,C_FAKE_CHAT,FAKE-WRAP-UP-DELETED,[LT] Fluxo_FAKE_v1,a064c0cc-bd27-4fd8-b1c7-4f6268a5057c
YES,,Queue: C_FAKE_EMAIL,call,Brenda Santos,Sr. Davi Luiz Cardoso,05/19/25 07:21 PM,05/05/25 03:46 PM,317199,Inbound,,,C_FAKE_EMAIL,FAKE-WRAP-UP-DELETED,[LT] Fluxo_FAKE_v2,c8dffcba-d98b-4f63-a2d5-4777b8ffe8b1
YES,,Queue: C_FAKE_EMAIL,call,Mirella da Rosa; Elisa Aragão,Luna Ramos,05/13/25 02:44 AM,05/05/25 06:51 AM,602578,Inbound,,,C_FAKE_WHATSAPP,FAKE-WRAP-UP-DELETED,[LT] Fluxo_FAKE_v2,ea081543-16df-4a19-a385-c2218c8cbdd5
YES,,Queue: C_FAKE_WHATSAPP,message,João Pedro da Mata,Ferreira,03/26/25 11:39 AM,08/24/25 08:49 PM,1494682,Inbound/Outbound,,,C_FAKE_CHAT,FAKE-WRAP-UP-DELETED,[LT] Fluxo_FAKE_v3,a42f5d7c-7a4a-4e76-a5cd-5ee75eeb78bf
YES,,Queue: C_FAKE_EMAIL,call,Emanuelly Gomes; Sra. Agatha Porto,Rocha Ltda.,02/01/25 10:01 PM,08/07/25 11:35 AM,1078127,Outbound,,,C_FAKE_WHATSAPP,FAKE-WRAP-UP-TIMEOUT,[LT] Fluxo_FAKE_v1,199d32d8-f02b-465f-91cb-ee5ab26c73c3
YES,,Queue: C_FAKE_CHAT,message,Lívia Campos,Luana Moura,05/24/25 07:40 PM,01/27/25 02:40 PM,1307130,Outbound,,,C_FAKE_EMAIL,FAKE-WRAP-UP-TIMEOUT,[LT] Fluxo_FAKE_v1,b02044ec-ad76-49b1-9295-096427369729
YES,,Queue: C_FAKE_EMAIL,call,Heitor Castro; Otávio da Cunha,Sr. Renan Castro,06/16/25 06:42 PM,04/18/25 12:42 AM,1247432,Inbound,,,C_FAKE_EMAIL,FAKE-WRAP-UP-DELETED,[LT] Fluxo_FAKE_v2,851f9a50-2d87-4eb0-8a9f-97459eb29619
YES,,Queue: C_FAKE_EMAIL,email,Sophie Farias,Ribeiro,04/16/25 04:16 PM,06/20/25 08:51 PM,156690,Inbound/Outbound,,,C_FAKE_CHAT,FAKE-WRAP-UP-COMPLETED,[LT] Fluxo_FAKE_v2,6115914c-59ba-4160-af33-12ce71e7ac0c
YES,,Queue: C_FAKE_CHAT,message,Sr. Lucca Aragão,Martins,04/28/25 04:05 PM,08/26/25 11:18 PM,288791,Outbound,,,C_FAKE_WHATSAPP,FAKE-WRAP-UP-DELETED,[LT] Fluxo_FAKE_v1,b5574a16-cb35-4ba9-a60d-69d943693344
YES,,Queue: C_FAKE_EMAIL,message,Pedro Miguel Lima; Vitor Pinto,Lorena Sales,02/09/25 01:17 PM,05/11/25 02:24 PM,1309325,Inbound,,,C_FAKE_WHATSAPP,FAKE-WRAP-UP-TIMEOUT,[LT] Fluxo_FAKE_v3,904d27d3-ccfa-40aa-a918-4fe9dc1d6309
YES,,Queue: C_FAKE_WHATSAPP,message,Danilo Almeida,Emanuelly Barros,07/09/25 02:01 AM,06/07/25 06:05 AM,337957,Inbound,,,C_FAKE_EMAIL,FAKE-WRAP-UP-COMPLETED,[LT] Fluxo_FAKE_v3,3db195a9-b1a5-41dc-b30f-e9daf254f70f
YES,,Queue: C_FAKE_CHAT,call,Carlos Eduardo Monteiro; João Guilherme Rezende,Costa,01/20/25 06:55 PM,01/19/25 12:57 PM,644409,Inbound/Outbound,,,C_FAKE_CHAT,FAKE-WRAP-UP-TIMEOUT,[LT] Fluxo_FAKE_v1,55412f59-f322-486c-9f81-78d21c1b2fdd
YES,,Queue: C_FAKE_CHAT,email,Eloah Rezende; Daniela Gomes,Emanuella Duarte,01/28/25 08:49 PM,04/12/25 09:53 PM,949039,Inbound/Outbound,,,C_FAKE_SUPPORT,FAKE-WRAP-UP-TIMEOUT,[LT] Fluxo_FAKE_v3,222c8612-7bd7-4913-895b-f8a9b1b9585a
YES,,Queue: C_FAKE_EMAIL,email,João Gabriel Moreira,Lívia Mendes,06/05/25 08:18 PM,04/09/25 08:41 PM,701076,Inbound/Outbound,,,C_FAKE_EMAIL,FAKE-WRAP-UP-COMPLETED,[LT] Fluxo_FAKE_v2,45368ab5-57b5-45d1-b926-f68b1a96b9d0
YES,,Queue: C_FAKE_CHAT,email,Sabrina Rodrigues; Caio Novaes,Moura,07/01/25 02:16 PM,03/25/25 02:35 AM,1944457,Inbound/Outbound,,,C_FAKE_CHAT,FAKE-WRAP-UP-TIMEOUT,[LT] Fluxo_FAKE_v1,26d27228-5067-4451-aa49-faab9e9c6f2a
YES,,Queue: C_FAKE_EMAIL,message,Danilo Teixeira,Dr. João Felipe Vieira,01/07/25 08:32 PM,08/15/25 01:18 AM,908344,Inbound,,,C_FAKE_WHATSAPP,FAKE-WRAP-UP-DELETED,[LT] Fluxo_FAKE_v2,58111179-d630-4b45-b7cc-bee9c9275407
YES,,Queue: C_FAKE_CHAT,email,Sofia Jesus; Isabelly Santos,Oliveira - ME,01/18/25 05:00 AM,03/02/25 08:17 AM,919432,Outbound,,,C_FAKE_WHATSAPP,FAKE-WRAP-UP-TIMEOUT,[LT] Fluxo_FAKE_v2,87e94307-e8f2-4352-a5de-7e4fc99404b2
YES,,Queue: C_FAKE_EMAIL,email,Pedro Lucas Costa; Juan da Cunha,da Rosa Jesus - ME,01/01/25 05:31 PM,04/27/25 05:38 PM,322832,Inbound,,,C_FAKE_WHATSAPP,FAKE-WRAP-UP-COMPLETED,[LT] Fluxo_FAKE_v2,406a57f5-1a0d-42e1-b70b-28a304ab90e4
YES,,Queue: C_FAKE_CHAT,email,Maria Sophia Pires,Raquel Castro,04/09/25 07:58 PM,07/11/25 08:17 AM,1245318,Outbound,,,C_FAKE_SUPPORT,FAKE-WRAP-UP-TIMEOUT,[LT] Fluxo_FAKE_v2,b869cac8-7d38-43c0-9701-89aaab607bb0
YES,,Queue: C_FAKE_CHAT,message,Srta. Evelyn Costa; Isabel Lopes,Heloísa Barbosa,07/21/25 05:59 AM,03/26/25 04:16 AM,377599,Inbound/Outbound,,,C_FAKE_EMAIL,FAKE-WRAP-UP-DELETED,[LT] Fluxo_FAKE_v2,5f73f838-488c-4a0f-b057-2b067fd30610
YES,,Queue: C_FAKE_EMAIL,call,Sra. Alícia Costa,Alice da Mota,08/25/25 07:28 AM,05/31/25 07:15 PM,1652906,Outbound,,,C_FAKE_EMAIL,FAKE-WRAP-UP-TIMEOUT,[LT] Fluxo_FAKE_v2,75ca3ff8-13ec-4e60-84f0-842319cc4183
YES,,Queue: C_FAKE_CHAT,call,Sr. Rafael Barbosa; Leonardo Azevedo,Ramos,08/11/25 10:41 AM,09/08/25 11:04 PM,620715,Inbound/Outbound,,,C_FAKE_CHAT,FAKE-WRAP-UP-DELETED,[LT] Fluxo_FAKE_v3,7d27519b-088f-41e1-931a-8fd8450bbc4f
YES,,Queue: C_FAKE_WHATSAPP,call,Larissa da Luz,Gabrielly Lopes,02/08/25 12:11 AM,06/04/25 12:24 PM,532695,Inbound,,,C_FAKE_EMAIL,FAKE-WRAP-UP-DELETED,[LT] Fluxo_FAKE_v3,1c1e9a5a-27f5-44d5-b421-76c0e763b8fe
YES,,Queue: C_FAKE_EMAIL,call,Sra. Maria Luiza Duarte,Pires,06/06/25 01:05 AM,04/08/25 02:02 AM,781153,Inbound,,,C_FAKE_CHAT,FAKE-WRAP-UP-COMPLETED,[LT] Fluxo_FAKE_v2,ca63e418-32ac-4061-bf8a-fa105a5a5071
YES,,Queue: C_FAKE_EMAIL,message,Luiza Duarte,Moraes,07/24/25 05:44 PM,08/19/25 07:42 PM,1612576,Outbound,,,C_FAKE_EMAIL,FAKE-WRAP-UP-TIMEOUT,[LT] Fluxo_FAKE_v1,0ecb845e-7d32-4d96-8ba4-475b68532e2e
YES,,Queue: C_FAKE_EMAIL,email,Ana Cunha,Fogaça Cardoso S.A.,03/31/25 12:15 PM,05/15/25 03:25 AM,294555,Outbound,,,C_FAKE_WHATSAPP,FAKE-WRAP-UP-TIMEOUT,[LT] Fluxo_FAKE_v2,31a0261e-c0d7-4f89-9b41-a626d1fd6684
YES,,Queue: C_FAKE_CHAT,call,Agatha Cardoso; Diogo Barros,Lima,03/06/25 01:37 AM,07/11/25 06:25 AM,995176,Inbound,,,C_FAKE_WHATSAPP,FAKE-WRAP-UP-DELETED,[LT] Fluxo_FAKE_v2,9d4efcd4-f9bf-47ad-8f4c-2b42a29fef1e
YES,,Queue: C_FAKE_EMAIL,email,Leandro Nunes,Lopes Rocha e Filhos,08/09/25 12:03 PM,06/10/25 07:11 PM,1474762,Inbound,,,C_FAKE_WHATSAPP,FAKE-WRAP-UP-COMPLETED,[LT] Fluxo_FAKE_v1,e26a971b-d1f7-4e4e-84c4-a450710ea061
YES,,Queue: C_FAKE_CHAT,message,Ryan Fogaça; Alexia da Paz,Barros - ME,03/30/25 04:09 PM,05/22/25 10:38 AM,1160978,Inbound,,,C_FAKE_WHATSAPP,FAKE-WRAP-UP-TIMEOUT,[LT] Fluxo_FAKE_v3,d7ee5d4f-6fdc-4550-a0fe-f4d6c6309f00
YES,,Queue: C_FAKE_WHATSAPP,call,Sr. João Pedro Araújo,Mendes da Mata e Filhos,06/11/25 04:49 AM,04/03/25 03:39 AM,215455,Inbound/Outbound,,,C_FAKE_EMAIL,FAKE-WRAP-UP-DELETED,[LT] Fluxo_FAKE_v2,cf4d9e6c-788b-4ccd-babd-dfeae59cfdf4
YES,,Queue: C_FAKE_WHATSAPP,email,Emanuella Campos; Luiz Fernando Silveira,Pereira,08/15/25 12:30 PM,02/10/25 06:25 AM,1551049,Inbound/Outbound,,,C_FAKE_CHAT,FAKE-WRAP-UP-COMPLETED,[LT] Fluxo_FAKE_v1,ac168dcc-2052-4c9a-8f6c-678f16a55b73
YES,,Queue: C_FAKE_WHATSAPP,message,Eduardo da Cunha; Francisco da Cunha,Sr. João Miguel Cardoso,02/12/25 12:32 AM,08/16/25 10:00 AM,908391,Inbound/Outbound,,,C_FAKE_SUPPORT,FAKE-WRAP-UP-COMPLETED,[LT] Fluxo_FAKE_v3,8beafa46-a454-4a75-8a2a-f73a7d3e4cc1
YES,,Queue: C_FAKE_CHAT,call,Bianca Melo; Gabriela Novaes,Porto,04/13/25 01:38 PM,09/02/25 08:21 AM,1552036,Inbound,,,C_FAKE_SUPPORT,FAKE-WRAP-UP-COMPLETED,[LT] Fluxo_FAKE_v1,ea2aaae9-60a6-4e36-85d9-6457a10db698
YES,,Queue: C_FAKE_WHATSAPP,message,Sr. Diego Moura; Gabrielly Freitas,Breno Correia,07/22/25 05:56 AM,02/07/25 09:17 PM,1123692,Inbound,,,C_FAKE_EMAIL,FAKE-WRAP-UP-COMPLETED,[LT] Fluxo_FAKE_v2,884659fb-b002-4232-85c0-4ac0cc1b5e2e
YES,,Queue: C_FAKE_CHAT,call,Sophie Mendes; Enrico Nascimento,da Mota,07/18/25 12:49 PM,01/08/25 02:28 AM,607483,Outbound,,,C_FAKE_EMAIL,FAKE-WRAP-UP-DELETED,[LT] Fluxo_FAKE_v1,0ed511e4-24f6-41b4-968f-84d5afe906ad
YES,,Queue: C_FAKE_EMAIL,email,Marcos Vinicius Viana; Ryan da Rosa,Pereira,07/19/25 05:25 AM,04/27/25 08:40 PM,1808339,Inbound/Outbound,,,C_FAKE_EMAIL,FAKE-WRAP-UP-COMPLETED,[LT] Fluxo_FAKE_v2,c751f523-897c-4f4e-9987-0d8cc7c33f17
YES,,Queue: C_FAKE_WHATSAPP,email,Luiz Felipe Cardoso; João Miguel Cunha,Araújo Cardoso Ltda.,07/22/25 07:30 PM,04/05/25 04:39 PM,268444,Inbound,,,C_FAKE_WHATSAPP,FAKE-WRAP-UP-TIMEOUT,[LT] Fluxo_FAKE_v2,4457af40-52da-47ac-be30-ed5e32c582ac
YES,,Queue: C_FAKE_EMAIL,call,Caio Correia; Leonardo da Cunha,Cecília Nogueira,01/05/25 10:25 AM,03/17/25 11:04 PM,1792210,Inbound,,,C_FAKE_WHATSAPP,FAKE-WRAP-UP-DELETED,[LT] Fluxo_FAKE_v2,e0e21494-7b4f-4914-8216-a806006a218f
YES,,Queue: C_FAKE_CHAT,call,Evelyn Rezende,Amanda Alves,06/13/25 07:20 PM,07/07/25 03:27 PM,362084,Outbound,,,C_FAKE_WHATSAPP,FAKE-WRAP-UP-COMPLETED,[LT] Fluxo_FAKE_v3,8b20658e-f8a8-440f-9bc0-95f06f7c4fd6
YES,,Queue: C_FAKE_WHATSAPP,message,Yago Rezende; Bianca Moura,Lucca Peixoto,07/07/25 11:50 AM,01/26/25 12:11 PM,1389032,Inbound/Outbound,,,C_FAKE_CHAT,FAKE-WRAP-UP-TIMEOUT,[LT] Fluxo_FAKE_v3,f55db579-2f7f-4a73-aa81-5581a2f23a9f
YES,,Queue: C_FAKE_CHAT,email,Luiz Felipe da Conceição,Gomes - EI,07/23/25 07:51 AM,07/20/25 10:49 AM,283097,Outbound,,,C_FAKE_CHAT,FAKE-WRAP-UP-COMPLETED,[LT] Fluxo_FAKE_v1,a8221fae-0ca0-4c81-8f98-1207650e7547
YES,,Queue: C_FAKE_CHAT,message,Calebe Santos; Maria Julia das Neves,das Neves e Filhos,03/04/25 08:24 PM,05/31/25 08:14 AM,930241,Inbound,,,C_FAKE_CHAT,FAKE-WRAP-UP-TIMEOUT,[LT] Fluxo_FAKE_v3,54190014-a782-49d2-8c20-a369d84eaf52
YES,,Queue: C_FAKE_EMAIL,call,Eloah Pereira; Fernanda Cavalcanti,Mariana Cardoso,06/05/25 08:10 PM,01/15/25 08:54 AM,1916452,Inbound/Outbound,,,C_FAKE_CHAT,FAKE-WRAP-UP-COMPLETED,[LT] Fluxo_FAKE_v1,af479a0b-e7fd-4482-b7c9-debe52a9a87f
YES,,Queue: C_FAKE_EMAIL,email,Otávio Aragão; Valentina Fernandes,Rodrigues e Filhos,01/07/25 12:09 AM,03/31/25 02:47 AM,395926,Inbound,,,C_FAKE_EMAIL,FAKE-WRAP-UP-COMPLETED,[LT] Fluxo_FAKE_v1,d0794a04-5617-4d9e-a174-cb534c61d505
YES,,Queue: C_FAKE_EMAIL,message,Ana Sophia Porto; Ana Beatriz Costa,Moura - EI,08/11/25 08:50 PM,02/08/25 06:35 PM,659011,Inbound/Outbound,,,C_FAKE_WHATSAPP,FAKE-WRAP-UP-COMPLETED,[LT] Fluxo_FAKE_v2,8b79eccc-fe54-4e0f-a5a8-bdc130158278
YES,,Queue: C_FAKE_EMAIL,email,Nathan Novaes,Alves,06/29/25 01:36 PM,04/18/25 04:21 PM,698923,Inbound,,,C_FAKE_SUPPORT,FAKE-WRAP-UP-TIMEOUT,[LT] Fluxo_FAKE_v2,550569a3-f5f2-4b99-9e2c-723c2cd6bb1d
YES,,Queue: C_FAKE_WHATSAPP,email,Bernardo Farias; Julia Cunha,da Cunha,06/05/25 10:31 PM,01/02/25 08:07 AM,1712001,Inbound/Outbound,,,C_FAKE_CHAT,FAKE-WRAP-UP-COMPLETED,[LT] Fluxo_FAKE_v2,6c66ccf5-1cf2-4a66-ac9a-7b9a23fe1431
YES,,Queue: C_FAKE_WHATSAPP,email,Sarah Araújo,Rafaela Silva,06/26/25 09:31 PM,05/23/25 11:10 AM,1362972,Inbound/Outbound,,,C_FAKE_CHAT,FAKE-WRAP-UP-COMPLETED,[LT] Fluxo_FAKE_v2,02adcdde-83af-4815-86be-81c7caec3e30
YES,,Queue: C_FAKE_CHAT,email,Otávio Dias; Vitor Moura,Daniela Santos,04/26/25 05:57 PM,03/16/25 02:43 PM,1244022,Inbound/Outbound,,,C_FAKE_SUPPORT,FAKE-WRAP-UP-COMPLETED,[LT] Fluxo_FAKE_v3,a386fa52-9f1e-4612-96d5-8e12aeb494ff
YES,,Queue: C_FAKE_WHATSAPP,call,Alexandre Oliveira; Dr. Erick Martins,Rocha Ltda.,05/12/25 07:03 AM,04/09/25 12:51 PM,157172,Outbound,,,C_FAKE_CHAT,FAKE-WRAP-UP-TIMEOUT,[LT] Fluxo_FAKE_v2,c580424f-37b9-4cc5-92eb-c686609c17ac
YES,,Queue: C_FAKE_CHAT,email,Dra. Isabel Costa; Davi Lucca Cardoso,Barros,02/04/25 08:12 AM,02/28/25 11:09 AM,242624,Inbound/Outbound,,,C_FAKE_SUPPORT,FAKE-WRAP-UP-TIMEOUT,[LT] Fluxo_FAKE_v2,307c68e0-3e9a-46d6-8b07-475ae92f924a
YES,,Queue: C_FAKE_WHATSAPP,email,Murilo Melo; Dr. Miguel Alves,Joaquim Ramos,02/08/25 07:45 PM,07/11/25 09:03 AM,703107,Outbound,,,C_FAKE_EMAIL,FAKE-WRAP-UP-TIMEOUT,[LT] Fluxo_FAKE_v2,db65aeb8-14d9-4397-be31-97b5edcf79dd
YES,,Queue: C_FAKE_WHATSAPP,call,Pietra Araújo,Azevedo Monteiro - ME,07/14/25 07:17 AM,06/25/25 12:01 PM,1671968,Inbound,,,C_FAKE_WHATSAPP,FAKE-WRAP-UP-DELETED,[LT] Fluxo_FAKE_v2,92b89c2a-e4ac-44e1-8e96-7fb8e85580e4
YES,,Queue: C_FAKE_EMAIL,message,Breno Costela; Samuel Nascimento,Isaac Carvalho,06/02/25 07:11 AM,04/09/25 09:34 AM,1248906,Inbound,,,C_FAKE_CHAT,FAKE-WRAP-UP-DELETED,[LT] Fluxo_FAKE_v2,c2c1925c-3b5b-4d47-8f24-8b558a767f56
YES,,Queue: C_FAKE_EMAIL,message,Marina Martins,Erick Porto,05/30/25 02:10 PM,08/05/25 10:40 PM,1866963,Inbound,,,C_FAKE_EMAIL,FAKE-WRAP-UP-DELETED,[LT] Fluxo_FAKE_v1,8eaea75f-c18c-4413-9d84-848442452602
YES,,Queue: C_FAKE_EMAIL,message,Sophie Nunes; Letícia Pinto,Alves - ME,04/19/25 04:04 PM,03/29/25 03:56 AM,1515330,Inbound,,,C_FAKE_SUPPORT,FAKE-WRAP-UP-COMPLETED,[LT] Fluxo_FAKE_v2,f44467ef-f116-4667-9318-d0ae4f66e880
YES,,Queue: C_FAKE_EMAIL,email,Raquel Ramos; Maysa Dias,Pedro Miguel Ribeiro,04/02/25 06:47 PM,01/18/25 07:46 AM,1048213,Outbound,,,C_FAKE_CHAT,FAKE-WRAP-UP-TIMEOUT,[LT] Fluxo_FAKE_v2,43a2647c-2d52-4504-b9cd-ea833a470c64
YES,,Queue: C_FAKE_WHATSAPP,email,Vitória Peixoto; Dra. Rebeca Porto,Dr. Francisco Mendes,02/15/25 04:05 AM,01/01/25 03:00 AM,754465,Inbound,,,C_FAKE_WHATSAPP,FAKE-WRAP-UP-DELETED,[LT] Fluxo_FAKE_v2,e59b9185-47e9-473e-8af7-e6544d5ca142
YES,,Queue: C_FAKE_EMAIL,email,Amanda Jesus; Sra. Rebeca da Rosa,Marcelo Carvalho,05/14/25 06:23 PM,05/31/25 07:15 AM,541939,Inbound/Outbound,,,C_FAKE_EMAIL,FAKE-WRAP-UP-TIMEOUT,[LT] Fluxo_FAKE_v2,d85a254f-5745-4fc4-9b40-076b05002962
YES,,Queue: C_FAKE_WHATSAPP,call,Davi Lucca Rocha,Lorenzo Moreira,08/14/25 03:23 AM,04/27/25 01:54 AM,1725312,Inbound/Outbound,,,C_FAKE_WHATSAPP,FAKE-WRAP-UP-TIMEOUT,[LT] Fluxo_FAKE_v1,d4fb02df-69de-4796-ba31-942ccd80c7ae
YES,,Queue: C_FAKE_EMAIL,message,Calebe Cavalcanti,Lucca Ribeiro,06/02/25 07:36 AM,04/30/25 02:24 AM,1210680,Outbound,,,C_FAKE_WHATSAPP,FAKE-WRAP-UP-DELETED,[LT] Fluxo_FAKE_v2,4a38da42-5caf-4a04-b317-58c7e1909c43
YES,,Queue: C_FAKE_EMAIL,email,Sofia Monteiro; Heloísa Rezende,Luiz Gustavo Ramos,02/28/25 09:57 PM,03/06/25 03:08 PM,1771369,Inbound/Outbound,,,C_FAKE_EMAIL,FAKE-WRAP-UP-DELETED,[LT] Fluxo_FAKE_v2,35c85907-939d-4deb-aee1-2e2d632cb8db
YES,,Queue: C_FAKE_CHAT,call,Luiz Fernando Mendes,Rodrigo Araújo,03/20/25 10:07 PM,08/14/25 05:42 AM,1216060,Inbound,,,C_FAKE_SUPPORT,FAKE-WRAP-UP-COMPLETED,[LT] Fluxo_FAKE_v2,420090a1-81e9-4860-9bdd-ed0f02aaa83a
YES,,Queue: C_FAKE_WHATSAPP,email,Isis Souza; Dr. André Pinto,Rebeca da Mata,06/08/25 08:15 AM,01/27/25 06:49 AM,1153869,Outbound,,,C_FAKE_WHATSAPP,FAKE-WRAP-UP-DELETED,[LT] Fluxo_FAKE_v3,ee75ff64-21d8-4576-84f7-97c237ee8f02
YES,,Queue: C_FAKE_CHAT,email,Valentina Vieira; Alícia Pires,Laís Pires,08/20/25 12:27 PM,05/26/25 11:23 AM,707415,Inbound,,,C_FAKE_EMAIL,FAKE-WRAP-UP-TIMEOUT,[LT] Fluxo_FAKE_v3,a77d38ce-c1c2-47fd-8a77-201e77e83c58
YES,,Queue: C_FAKE_WHATSAPP,call,Miguel Oliveira; João Miguel das Neves,Rezende,08/17/25 08:17 PM,03/13/25 08:33 AM,993708,Inbound,,,C_FAKE_EMAIL,FAKE-WRAP-UP-TIMEOUT,[LT] Fluxo_FAKE_v2,c240ab62-ced2-47f8-bed4-7280e11c8a45
YES,,Queue: C_FAKE_WHATSAPP,email,Ana Clara Cardoso,Pires S.A.,05/19/25 08:59 PM,02/17/25 08:19 PM,1200712,Inbound/Outbound,,,C_FAKE_CHAT,FAKE-WRAP-UP-DELETED,[LT] Fluxo_FAKE_v2,6b609d92-98d9-465a-8dcc-4d112148c1f4
YES,,Queue: C_FAKE_WHATSAPP,message,Diego Azevedo; Maria Cecília da Cunha,da Paz,03/05/25 04:15 PM,04/01/25 12:47 AM,1812158,Inbound,,,C_FAKE_EMAIL,FAKE-WRAP-UP-DELETED,[LT] Fluxo_FAKE_v1,c6bca20f-f10f-4e2d-af35-8d31314dbbab
YES,,Queue: C_FAKE_CHAT,message,Benjamin da Conceição,Dias Fernandes Ltda.,05/28/25 05:19 AM,01/09/25 06:15 PM,1753816,Inbound,,,C_FAKE_WHATSAPP,FAKE-WRAP-UP-DELETED,[LT] Fluxo_FAKE_v2,b557ad80-d07c-4682-a6b0-d207c99979a6
YES,,Queue: C_FAKE_WHATSAPP,message,João Miguel Ferreira; Srta. Nina Almeida,Monteiro,02/20/25 04:29 PM,03/16/25 01:43 AM,1048716,Inbound/Outbound,,,C_FAKE_EMAIL,FAKE-WRAP-UP-COMPLETED,[LT] Fluxo_FAKE_v2,e144b6aa-89a5-45bb-b009-91ec574d5150
YES,,Queue: C_FAKE_CHAT,call,Giovanna Cunha,Gabriela Carvalho,02/23/25 12:38 AM,07/16/25 10:50 AM,1484819,Inbound/Outbound,,,C_FAKE_SUPPORT,FAKE-WRAP-UP-COMPLETED,[LT] Fluxo_FAKE_v2,b7249d79-7b7e-4f8d-be10-8df157f86ee9
YES,,Queue: C_FAKE_EMAIL,message,Arthur Nascimento,Fernando Souza,08/04/25 07:22 PM,05/11/25 02:50 PM,1355372,Inbound/Outbound,,,C_FAKE_SUPPORT,FAKE-WRAP-UP-COMPLETED,[LT] Fluxo_FAKE_v3,c7a5b755-7a97-45df-881e-04ef498a6c25
YES,,Queue: C_FAKE_CHAT,call,Sr. Calebe Correia,Marina Silveira,01/04/25 07:23 PM,04/10/25 09:23 AM,776110,Inbound,,,C_FAKE_CHAT,FAKE-WRAP-UP-DELETED,[LT] Fluxo_FAKE_v2,f68cc63e-599d-4e1a-9cb3-3dab2aae11d3
YES,,Queue: C_FAKE_WHATSAPP,call,Danilo Souza; Igor Farias,Oliveira,04/28/25 01:12 PM,02/21/25 06:26 AM,952083,Outbound,,,C_FAKE_CHAT,FAKE-WRAP-UP-DELETED,[LT] Fluxo_FAKE_v1,07a523cb-ccfb-4e47-9540-e2e15d7b5b55
YES,,Queue: C_FAKE_CHAT,message,Maria Eduarda Pereira; Marcela Porto,Araújo,03/12/25 01:41 AM,01/17/25 07:52 AM,1643629,Inbound/Outbound,,,C_FAKE_CHAT,FAKE-WRAP-UP-TIMEOUT,[LT] Fluxo_FAKE_v3,f371cfac-9710-4075-b8db-fc463a8b17bd
YES,,Queue: C_FAKE_CHAT,email,Davi Luiz Costa; Breno Rocha,Bryan Martins,08/06/25 01:16 PM,06/05/25 08:14 PM,342407,Inbound/Outbound,,,C_FAKE_EMAIL,FAKE-WRAP-UP-COMPLETED,[LT] Fluxo_FAKE_v2,357707f6-ec29-42eb-aa2a-26faf6e6b949
YES,,Queue: C_FAKE_EMAIL,email,Stephany Costela; Lorena Souza,da Cruz,07/21/25 05:06 PM,07/13/25 12:57 AM,653392,Outbound,,,C_FAKE_CHAT,FAKE-WRAP-UP-DELETED,[LT] Fluxo_FAKE_v3,b31d6e22-cc2e-4560-938c-bef333f6ac67
YES,,Queue: C_FAKE_EMAIL,call,Fernando da Cruz; Miguel Moreira,Camila Correia,07/04/25 12:58 AM,08/13/25 06:06 AM,1821893,Inbound/Outbound,,,C_FAKE_SUPPORT,FAKE-WRAP-UP-TIMEOUT,[LT] Fluxo_FAKE_v2,1d67278f-4ce8-41f1-8f49-1f7c646de4b5
YES,,Queue: C_FAKE_EMAIL,email,Alana Duarte; Vitor Hugo da Mata,Maria Eduarda Santos,01/03/25 01:47 PM,07/02/25 10:06 PM,1850202,Inbound/Outbound,,,C_FAKE_CHAT,FAKE-WRAP-UP-TIMEOUT,[LT] Fluxo_FAKE_v3,141de088-52fd-4d5b-84f6-7d6801263258
YES,,Queue: C_FAKE_EMAIL,message,Srta. Camila Souza; Gabriela Mendes,Ana Júlia da Costa,01/09/25 05:37 AM,02/27/25 03:26 AM,1708208,Outbound,,,C_FAKE_WHATSAPP,FAKE-WRAP-UP-DELETED,[LT] Fluxo_FAKE_v1,b40c034b-bb0a-43e5-a8c2-0b8dae5cf007
YES,,Queue: C_FAKE_WHATSAPP,call,Sophia Almeida; Thiago Rodrigues,Jesus,05/23/25 08:43 AM,04/16/25 11:24 AM,1350065,Inbound/Outbound,,,C_FAKE_CHAT,FAKE-WRAP-UP-COMPLETED,[LT] Fluxo_FAKE_v1,87a2c2ec-4682-4e82-a5fa-309f111b53e7
YES,,Queue: C_FAKE_EMAIL,message,Mariane Cunha,Caldeira Ltda.,06/07/25 02:14 PM,06/11/25 04:34 AM,1741950,Inbound/Outbound,,,C_FAKE_EMAIL,FAKE-WRAP-UP-TIMEOUT,[LT] Fluxo_FAKE_v2,51cd3d87-776a-4a9b-9fdb-b3e221b1107e
YES,,Queue: C_FAKE_CHAT,message,Sarah Aragão; João Gabriel da Cunha,Nina Porto,04/09/25 04:50 AM,04/18/25 02:24 AM,994737,Inbound/Outbound,,,C_FAKE_CHAT,FAKE-WRAP-UP-DELETED,[LT] Fluxo_FAKE_v3,3ad4f204-0d01-47b0-9342-b5872bba374c
YES,,Queue: C_FAKE_EMAIL,email,Sra. Ana Carolina Rocha,Gonçalves,07/30/25 07:45 PM,03/15/25 06:14 AM,1085191,Outbound,,,C_FAKE_WHATSAPP,FAKE-WRAP-UP-COMPLETED,[LT] Fluxo_FAKE_v1,f7b453f5-92a7-4604-836d-f96e33a032ee
YES,,Queue: C_FAKE_CHAT,message,Dr. Danilo Duarte,Novaes Teixeira e Filhos,09/08/25 04:58 AM,01/05/25 01:32 AM,1255142,Inbound/Outbound,,,C_FAKE_WHATSAPP,FAKE-WRAP-UP-COMPLETED,[LT] Fluxo_FAKE_v2,168238e9-cbad-40cc-8c89-956d6d1e5ed7
YES,,Queue: C_FAKE_EMAIL,email,Isaac Porto; Brenda Dias,Nunes Rodrigues S/A,04/15/25 12:55 AM,07/26/25 10:10 AM,764990,Inbound,,,C_FAKE_WHATSAPP,FAKE-WRAP-UP-DELETED,[LT] Fluxo_FAKE_v2,19877296-b425-47ec-800a-fc1e579d16cc
YES,,Queue: C_FAKE_EMAIL,message,Maysa Ramos,Castro Ltda.,01/18/25 04:45 AM,02/11/25 11:59 AM,1856459,Inbound/Outbound,,,C_FAKE_CHAT,FAKE-WRAP-UP-COMPLETED,[LT] Fluxo_FAKE_v3,9bfb5f8a-7f10-4373-aeaa-42be90c45d25
YES,,Queue: C_FAKE_CHAT,email,Natália Costela; Pedro Henrique Costela,Sr. Murilo Costela,01/18/25 10:48 PM,02/16/25 06:38 AM,1928518,Outbound,,,C_FAKE_WHATSAPP,FAKE-WRAP-UP-COMPLETED,[LT] Fluxo_FAKE_v2,8cb9b57e-279c-4ef7-8ff6-3d7ed92fcf51
YES,,Queue: C_FAKE_EMAIL,message,Dra. Isabella Costela; Enzo da Costa,Lavínia Almeida,04/15/25 08:01 AM,08/12/25 10:38 AM,1483684,Outbound,,,C_FAKE_WHATSAPP,FAKE-WRAP-UP-COMPLETED,[LT] Fluxo_FAKE_v3,c102ec3b-329c-4d35-99da-ea9da5bef82e
YES,,Queue: C_FAKE_WHATSAPP,email,Maria Luiza Mendes,Cavalcanti Mendes - EI,09/03/25 07:14 AM,05/25/25 10:51 AM,153380,Inbound/Outbound,,,C_FAKE_CHAT,FAKE-WRAP-UP-COMPLETED,[LT] Fluxo_FAKE_v1,1ff8fc14-cf80-490b-929d-6142ea1bba42
YES,,Queue: C_FAKE_CHAT,call,Kevin da Rosa; Melissa Pires,Gomes - EI,03/06/25 12:44 AM,01/08/25 12:47 PM,1184258,Inbound,,,C_FAKE_CHAT,FAKE-WRAP-UP-COMPLETED,[LT] Fluxo_FAKE_v3,559133ac-7776-44d6-899d-67c8e76f04bc
YES,,Queue: C_FAKE_CHAT,call,Fernanda Correia,da Mata,04/27/25 03:07 AM,08/06/25 11:35 PM,155210,Outbound,,,C_FAKE_CHAT,FAKE-WRAP-UP-COMPLETED,[LT] Fluxo_FAKE_v2,3cfc3cd4-d3a4-4e2f-b7be-1204cf8a360c
YES,,Queue: C_FAKE_WHATSAPP,call,Júlia da Cruz,Costela,05/15/25 07:20 AM,08/22/25 12:25 PM,1593637,Inbound,,,C_FAKE_CHAT,FAKE-WRAP-UP-TIMEOUT,[LT] Fluxo_FAKE_v2,8ba039df-ecf9-4c93-8462-ba5714691539
YES,,Queue: C_FAKE_CHAT,call,Ryan Campos,Jesus Ribeiro e Filhos,06/24/25 01:56 PM,04/02/25 12:16 PM,1385176,Outbound,,,C_FAKE_CHAT,FAKE-WRAP-UP-COMPLETED,[LT] Fluxo_FAKE_v3,6f2a9106-a550-4b22-ac8b-8b37c27d5571
YES,,Queue: C_FAKE_CHAT,call,Sra. Luana da Cunha,Jesus,03/16/25 06:45 AM,09/04/25 05:57 PM,1447008,Outbound,,,C_FAKE_CHAT,FAKE-WRAP-UP-COMPLETED,[LT] Fluxo_FAKE_v3,e222af50-a131-4298-b292-d4d14e437186
YES,,Queue: C_FAKE_WHATSAPP,email,Dr. Pedro Henrique Rezende; Luna da Cunha,Moreira,07/05/25 01:47 AM,02/12/25 08:14 PM,330324,Inbound/Outbound,,,C_FAKE_SUPPORT,FAKE-WRAP-UP-TIMEOUT,[LT] Fluxo_FAKE_v1,c0afdaf5-67f6-4583-a76c-c750566a3ae3
YES,,Queue: C_FAKE_CHAT,message,Sra. Clarice Silveira; Melissa Barbosa,Barros das Neves Ltda.,07/27/25 08:41 AM,09/09/25 09:01 AM,310339,Inbound/Outbound,,,C_FAKE_WHATSAPP,FAKE-WRAP-UP-DELETED,[LT] Fluxo_FAKE_v1,2017a988-4bfc-4ba0-a405-66ac04cda3ea
YES,,Queue: C_FAKE_WHATSAPP,message,Lucas Peixoto; Pedro Lucas Araújo,Srta. Maria Fernanda Gomes,01/04/25 04:23 PM,08/22/25 01:31 PM,1338390,Inbound/Outbound,,,C_FAKE_EMAIL,FAKE-WRAP-UP-COMPLETED,[LT] Fluxo_FAKE_v3,5ab5cea8-b2f1-46db-ab40-521810d9493e
YES,,Queue: C_FAKE_CHAT,call,Daniela Rocha,Costela,04/22/25 08:12 PM,03/07/25 03:56 AM,1462470,Inbound,,,C_FAKE_SUPPORT,FAKE-WRAP-UP-DELETED,[LT] Fluxo_FAKE_v2,c77a0940-b1cc-4f7c-a1c7-041e67cfffa0
YES,,Queue: C_FAKE_CHAT,call,Srta. Ana Moreira; Noah da Costa,das Neves - ME,08/21/25 08:38 PM,03/31/25 04:24 PM,937560,Inbound/Outbound,,,C_FAKE_EMAIL,FAKE-WRAP-UP-COMPLETED,[LT] Fluxo_FAKE_v1,15a3aa38-c2ae-4799-986e-48270d94c5c9
YES,,Queue: C_FAKE_WHATSAPP,call,Sra. Marina Caldeira,Melo S.A.,07/01/25 06:31 AM,04/04/25 09:03 PM,500414,Inbound,,,C_FAKE_WHATSAPP,FAKE-WRAP-UP-DELETED,[LT] Fluxo_FAKE_v3,1d1817f6-b5f3-490d-b1b8-94b71bd5f014
YES,,Queue: C_FAKE_CHAT,email,Carolina da Mata; Gabriela Campos,Rodrigues,05/08/25 11:35 AM,06/13/25 12:58 PM,1819080,Inbound,,,C_FAKE_SUPPORT,FAKE-WRAP-UP-TIMEOUT,[LT] Fluxo_FAKE_v2,034377e6-c9b7-46e0-b83b-88a89252ed84
YES,,Queue: C_FAKE_CHAT,message,Pedro Miguel Campos; Emanuelly Costela,da Rosa Melo - EI,07/24/25 08:32 PM,04/16/25 11:35 PM,1862798,Outbound,,,C_FAKE_CHAT,FAKE-WRAP-UP-TIMEOUT,[LT] Fluxo_FAKE_v3,29e0a292-4e61-4940-8d16-aeab72c8b629
YES,,Queue: C_FAKE_EMAIL,message,Murilo Teixeira,Elisa Martins,08/28/25 09:47 AM,06/12/25 01:06 AM,1606742,Outbound,,,C_FAKE_CHAT,FAKE-WRAP-UP-DELETED,[LT] Fluxo_FAKE_v1,b18bcf04-e95e-45f5-aa5a-2d72af344e9d
YES,,Queue: C_FAKE_CHAT,message,Valentina Rocha; João Gabriel Farias,Alexia da Cunha,03/06/25 12:45 PM,06/17/25 11:47 AM,1410032,Inbound/Outbound,,,C_FAKE_WHATSAPP,FAKE-WRAP-UP-COMPLETED,[LT] Fluxo_FAKE_v1,bde394b1-29dc-431e-a9ab-abc8c4e6e27c
YES,,Queue: C_FAKE_WHATSAPP,message,Lucas Gabriel Duarte,Martins,01/05/25 02:46 AM,01/17/25 02:02 PM,1363438,Inbound,,,C_FAKE_SUPPORT,FAKE-WRAP-UP-DELETED,[LT] Fluxo_FAKE_v1,9ae8be7a-24ac-4060-b3ea-336cb83e7321
YES,,Queue: C_FAKE_EMAIL,call,Alexia Azevedo,Pinto Ltda.,06/26/25 12:54 AM,06/07/25 09:35 PM,418339,Inbound/Outbound,,,C_FAKE_WHATSAPP,FAKE-WRAP-UP-DELETED,[LT] Fluxo_FAKE_v3,a5198e6f-d738-46ed-9d5a-b402114b32aa
YES,,Queue: C_FAKE_CHAT,email,Heitor da Conceição; Lívia Rodrigues,Martins Lopes Ltda.,01/21/25 09:18 AM,04/21/25 08:22 AM,1306578,Outbound,,,C_FAKE_SUPPORT,FAKE-WRAP-UP-DELETED,[LT] Fluxo_FAKE_v2,1ffc2123-3fa3-4888-a42c-150f2d10b3d5
YES,,Queue: C_FAKE_CHAT,call,Mariane Sales; Bianca Caldeira,Pires,05/22/25 05:47 AM,04/14/25 10:34 PM,139566,Outbound,,,C_FAKE_SUPPORT,FAKE-WRAP-UP-DELETED,[LT] Fluxo_FAKE_v1,9f399c24-3981-4a9d-9226-c970f232e871
YES,,Queue: C_FAKE_EMAIL,call,Henrique Dias,Aragão,04/18/25 03:28 PM,05/05/25 01:37 AM,631834,Inbound/Outbound,,,C_FAKE_EMAIL,FAKE-WRAP-UP-COMPLETED,[LT] Fluxo_FAKE_v2,c722acc4-bd45-4fdb-b646-65abda8a3993
YES,,Queue: C_FAKE_EMAIL,call,Maria Sophia da Mata,da Luz,07/19/25 09:05 AM,07/02/25 01:37 AM,1493834,Inbound/Outbound,,,C_FAKE_EMAIL,FAKE-WRAP-UP-TIMEOUT,[LT] Fluxo_FAKE_v1,559986e7-38f1-4f3d-b1a4-4be98ed4e35b
YES,,Queue: C_FAKE_CHAT,message,Catarina Farias,das Neves S.A.,01/08/25 03:33 PM,07/06/25 10:59 PM,1567274,Inbound/Outbound,,,C_FAKE_EMAIL,FAKE-WRAP-UP-TIMEOUT,[LT] Fluxo_FAKE_v2,3fa11c73-5723-48eb-86f8-d2033b816a01
YES,,Queue: C_FAKE_EMAIL,call,Nicole da Rocha; Diego Dias,Gabriela Castro,03/11/25 09:43 AM,03/01/25 05:39 AM,1793191,Inbound/Outbound,,,C_FAKE_EMAIL,FAKE-WRAP-UP-COMPLETED,[LT] Fluxo_FAKE_v1,eef39b66-79c4-46f8-8216-50554b09edf3
YES,,Queue: C_FAKE_EMAIL,email,Anthony Teixeira; Sr. Theo Ramos,Benício Duarte,03/31/25 09:10 AM,05/15/25 04:47 PM,1309212,Outbound,,,C_FAKE_WHATSAPP,FAKE-WRAP-UP-TIMEOUT,[LT] Fluxo_FAKE_v3,12976a45-ea75-4126-92fe-8d720b797acf
YES,,Queue: C_FAKE_WHATSAPP,message,Ana Beatriz Costela; Cauê Martins,Araújo - ME,02/04/25 08:45 PM,05/22/25 11:59 PM,1576201,Outbound,,,C_FAKE_EMAIL,FAKE-WRAP-UP-COMPLETED,[LT] Fluxo_FAKE_v2,88c949cb-5303-4bdb-9b43-3d20f27c592d
YES,,Queue: C_FAKE_EMAIL,message,Ana Beatriz Fogaça,Pietra Barros,04/17/25 04:06 AM,02/28/25 11:40 PM,531083,Outbound,,,C_FAKE_SUPPORT,FAKE-WRAP-UP-COMPLETED,[LT] Fluxo_FAKE_v3,d15ca103-a5cb-490f-a536-604426fdf58f
YES,,Queue: C_FAKE_WHATSAPP,call,Nicole Jesus,Dr. Henrique Cardoso,01/31/25 01:30 PM,08/19/25 01:58 PM,302565,Inbound/Outbound,,,C_FAKE_WHATSAPP,FAKE-WRAP-UP-DELETED,[LT] Fluxo_FAKE_v2,d02191ac-5f0f-4bea-a801-461d9ee2e829
YES,,Queue: C_FAKE_EMAIL,email,Sr. Cauê Martins,Silva Azevedo - ME,07/20/25 05:36 PM,01/30/25 06:28 AM,1460059,Inbound/Outbound,,,C_FAKE_WHATSAPP,FAKE-WRAP-UP-TIMEOUT,[LT] Fluxo_FAKE_v2,3fdd0452-d82f-4ff4-9754-7fcd961d2aae
YES,,Queue: C_FAKE_EMAIL,call,Sra. Alexia Monteiro,Lima Fernandes S/A,08/28/25 09:55 AM,07/02/25 04:52 PM,830379,Outbound,,,C_FAKE_WHATSAPP,FAKE-WRAP-UP-TIMEOUT,[LT] Fluxo_FAKE_v1,7f494f83-b127-46fd-954b-631f1c2de327
YES,,Queue: C_FAKE_WHATSAPP,email,Dr. Luiz Felipe Costa; Larissa Dias,Silva Costela Ltda.,06/09/25 01:33 AM,04/06/25 01:10 PM,1405651,Inbound,,,C_FAKE_WHATSAPP,FAKE-WRAP-UP-TIMEOUT,[LT] Fluxo_FAKE_v2,6e3ab4ad-c8a9-481e-9703-6509047790cc
YES,,Queue: C_FAKE_CHAT,email,Vinicius Oliveira; Breno Teixeira,Isabelly Pinto,04/03/25 05:09 AM,05/03/25 04:47 PM,1903094,Inbound/Outbound,,,C_FAKE_WHATSAPP,FAKE-WRAP-UP-DELETED,[LT] Fluxo_FAKE_v3,c7735881-dfbe-4420-825e-bdbb21a4f525
YES,,Queue: C_FAKE_EMAIL,email,Lorenzo Pinto,Lopes S/A,04/23/25 07:10 AM,03/01/25 05:55 PM,903055,Outbound,,,C_FAKE_SUPPORT,FAKE-WRAP-UP-TIMEOUT,[LT] Fluxo_FAKE_v1,8ff7f0ad-9b6b-48bd-907c-03880e031c36
YES,,Queue: C_FAKE_CHAT,message,Joana Santos,Peixoto,08/20/25 07:49 AM,06/22/25 11:21 PM,892554,Inbound/Outbound,,,C_FAKE_CHAT,FAKE-WRAP-UP-DELETED,[LT] Fluxo_FAKE_v2,4e5abb0e-13cc-4a78-a094-675d75e883be
YES,,Queue: C_FAKE_CHAT,email,Rodrigo da Rosa,Araújo,07/16/25 04:40 AM,01/17/25 07:46 AM,104708,Outbound,,,C_FAKE_SUPPORT,FAKE-WRAP-UP-DELETED,[LT] Fluxo_FAKE_v1,09b6914e-97c5-4796-83f5-4f4fbec2ff04
YES,,Queue: C_FAKE_CHAT,message,Augusto Cardoso,Vitor Hugo Peixoto,02/07/25 07:13 AM,01/20/25 10:32 AM,1153927,Outbound,,,C_FAKE_WHATSAPP,FAKE-WRAP-UP-TIMEOUT,[LT] Fluxo_FAKE_v2,2617b8ea-9992-4403-b76f-c21dbb90e31c
YES,,Queue: C_FAKE_CHAT,message,Maitê Souza; Maria Eduarda Castro,Maria Vitória da Rocha,01/15/25 08:39 PM,04/20/25 03:33 AM,846572,Outbound,,,C_FAKE_EMAIL,FAKE-WRAP-UP-TIMEOUT,[LT] Fluxo_FAKE_v1,64077b44-e555-41d8-b94b-b175cc9b8fc7
YES,,Queue: C_FAKE_EMAIL,email,Ana Sophia Nogueira; Matheus Silveira,Juan Silva,07/03/25 05:54 PM,07/28/25 12:40 AM,1371234,Inbound,,,C_FAKE_EMAIL,FAKE-WRAP-UP-COMPLETED,[LT] Fluxo_FAKE_v3,8706741a-16ae-4932-9a31-45cfbbde30b8
YES,,Queue: C_FAKE_CHAT,email,Isabella Peixoto; Amanda Monteiro,Alícia Nascimento,05/10/25 05:46 PM,06/05/25 10:41 AM,611415,Outbound,,,C_FAKE_SUPPORT,FAKE-WRAP-UP-TIMEOUT,[LT] Fluxo_FAKE_v3,c237c41b-894b-4458-8e8a-baa4c23d2381
YES,,Queue: C_FAKE_CHAT,email,João Miguel Rocha,Luiz Miguel Azevedo,01/05/25 04:08 PM,07/06/25 02:09 AM,1796362,Outbound,,,C_FAKE_SUPPORT,FAKE-WRAP-UP-COMPLETED,[LT] Fluxo_FAKE_v2,7cff9981-b6eb-4f09-a7f5-042bf301cfca
YES,,Queue: C_FAKE_EMAIL,email,Alexandre Vieira,Gonçalves - ME,03/01/25 10:31 PM,09/03/25 01:13 PM,1331010,Inbound,,,C_FAKE_SUPPORT,FAKE-WRAP-UP-DELETED,[LT] Fluxo_FAKE_v1,5a09550f-35f5-41b7-b546-22083172a25b
YES,,Queue: C_FAKE_EMAIL,call,Esther Aragão; Manuela das Neves,Teixeira S.A.,01/20/25 07:23 AM,06/05/25 11:27 AM,1356934,Outbound,,,C_FAKE_SUPPORT,FAKE-WRAP-UP-DELETED,[LT] Fluxo_FAKE_v3,e2620152-f3c9-4e87-b185-95d19a897dbd
YES,,Queue: C_FAKE_EMAIL,message,Sophie Moura; Pedro Fernandes,Gomes,08/24/25 10:54 PM,08/02/25 01:33 AM,1183978,Inbound,,,C_FAKE_WHATSAPP,FAKE-WRAP-UP-COMPLETED,[LT] Fluxo_FAKE_v1,e4465eb1-7621-4043-a962-4b673454d6fa
YES,,Queue: C_FAKE_WHATSAPP,message,Francisco Nogueira,Ferreira,08/08/25 03:38 AM,01/14/25 05:11 PM,1627665,Outbound,,,C_FAKE_CHAT,FAKE-WRAP-UP-TIMEOUT,[LT] Fluxo_FAKE_v2,86dffb72-6100-47f1-af4d-d75af19e24ab
YES,,Queue: C_FAKE_EMAIL,message,Rebeca Peixoto,Moura,01/27/25 01:19 PM,08/06/25 10:38 PM,503048,Inbound,,,C_FAKE_CHAT,FAKE-WRAP-UP-TIMEOUT,[LT] Fluxo_FAKE_v2,e4a9c427-7dcd-4d63-834a-e3df566ead36
YES,,Queue: C_FAKE_CHAT,call,Bruno Pereira,João Gabriel Pinto,01/18/25 03:28 PM,05/17/25 08:26 AM,517876,Outbound,,,C_FAKE_EMAIL,FAKE-WRAP-UP-TIMEOUT,[LT] Fluxo_FAKE_v2,5d8dab6a-cbac-48b6-9b8c-fe0eab38ca29
YES,,Queue: C_FAKE_CHAT,call,Cecília Jesus,Vitor Gabriel Carvalho,07/15/25 03:34 PM,01/19/25 10:59 PM,1996415,Outbound,,,C_FAKE_CHAT,FAKE-WRAP-UP-DELETED,[LT] Fluxo_FAKE_v2,705b7572-a7e3-4464-a035-87beea85dbc1
YES,,Queue: C_FAKE_WHATSAPP,message,Nicolas da Conceição,Azevedo S.A.,05/16/25 05:28 PM,07/25/25 01:01 PM,1721348,Inbound/Outbound,,,C_FAKE_SUPPORT,FAKE-WRAP-UP-TIMEOUT,[LT] Fluxo_FAKE_v2,6db3a232-589a-45bd-b619-62afd5bba4bc
YES,,Queue: C_FAKE_CHAT,call,Sr. Erick Ribeiro,Rocha,04/04/25 11:10 PM,01/08/25 03:45 AM,1872612,Outbound,,,C_FAKE_SUPPORT,FAKE-WRAP-UP-DELETED,[LT] Fluxo_FAKE_v2,60e73853-1973-42bd-b337-521cad5052a4
YES,,Queue: C_FAKE_EMAIL,email,Olivia Rocha,da Cruz - ME,02/11/25 08:07 PM,05/25/25 03:37 AM,1771079,Outbound,,,C_FAKE_WHATSAPP,FAKE-WRAP-UP-COMPLETED,[LT] Fluxo_FAKE_v1,ac5d3cf5-7b01-4a15-8c29-5915487dea2b
YES,,Queue: C_FAKE_CHAT,message,André Cavalcanti,Francisco Caldeira,02/23/25 06:52 PM,05/26/25 02:46 PM,1814991,Inbound,,,C_FAKE_WHATSAPP,FAKE-WRAP-UP-COMPLETED,[LT] Fluxo_FAKE_v1,5646a1b6-4a42-4ebd-916c-ad10f48edce4
YES,,Queue: C_FAKE_EMAIL,email,Sr. Rafael Caldeira,Dr. Nicolas Azevedo,07/17/25 12:11 AM,01/15/25 03:59 AM,910128,Inbound/Outbound,,,C_FAKE_CHAT,FAKE-WRAP-UP-COMPLETED,[LT] Fluxo_FAKE_v2,eb1c6feb-960d-4f1d-9047-1f74aa726452
YES,,Queue: C_FAKE_CHAT,message,Cecília Sales; Marina Ramos,Silveira Silva - ME,02/22/25 11:15 AM,05/01/25 08:04 AM,379709,Outbound,,,C_FAKE_EMAIL,FAKE-WRAP-UP-DELETED,[LT] Fluxo_FAKE_v1,36ed1588-6448-45b1-98ee-fdc360a444b8
YES,,Queue: C_FAKE_CHAT,call,Eduardo Gomes,Luiz Miguel das Neves,01/24/25 02:00 AM,01/11/25 04:17 PM,886260,Inbound/Outbound,,,C_FAKE_CHAT,FAKE-WRAP-UP-DELETED,[LT] Fluxo_FAKE_v3,4a823ba1-1458-41cd-948c-1f8007a8180d
YES,,Queue: C_FAKE_CHAT,email,Ian da Cruz,das Neves,01/07/25 09:32 PM,07/10/25 11:08 PM,771666,Inbound,,,C_FAKE_EMAIL,FAKE-WRAP-UP-DELETED,[LT] Fluxo_FAKE_v1,4729ad77-b6c0-4711-b941-aaadb10f71f5
YES,,Queue: C_FAKE_CHAT,email,Leonardo Oliveira; Dr. Juan Nogueira,Silva Sales e Filhos,03/17/25 02:16 PM,05/20/25 12:13 PM,112202,Inbound,,,C_FAKE_CHAT,FAKE-WRAP-UP-TIMEOUT,[LT] Fluxo_FAKE_v3,cc670a1f-9b0a-4c94-8599-3420198aed06
YES,,Queue: C_FAKE_WHATSAPP,call,Bruna da Conceição,da Costa,06/25/25 04:07 PM,05/08/25 02:42 AM,358329,Inbound/Outbound,,,C_FAKE_SUPPORT,FAKE-WRAP-UP-COMPLETED,[LT] Fluxo_FAKE_v1,0111c814-0e41-4d6d-a77a-fddca1c00760
YES,,Queue: C_FAKE_CHAT,call,Cauê Farias,Costela S.A.,04/22/25 10:45 AM,01/16/25 03:04 AM,189299,Inbound/Outbound,,,C_FAKE_SUPPORT,FAKE-WRAP-UP-DELETED,[LT] Fluxo_FAKE_v2,77d5415f-be59-4254-a1da-969f5f4dc37c
YES,,Queue: C_FAKE_WHATSAPP,email,Ana Lívia da Mata; Sr. Rafael Moura,Ferreira S/A,07/20/25 02:54 PM,09/02/25 07:00 AM,785644,Inbound,,,C_FAKE_WHATSAPP,FAKE-WRAP-UP-DELETED,[LT] Fluxo_FAKE_v3,81c05491-dcaf-49fa-85af-15332a7f1785
YES,,Queue: C_FAKE_WHATSAPP,call,Joaquim Campos; Juliana Pinto,Viana S/A,03/11/25 06:51 PM,03/26/25 11:20 AM,642101,Inbound,,,C_FAKE_WHATSAPP,FAKE-WRAP-UP-DELETED,[LT] Fluxo_FAKE_v3,86f6de0b-7ce0-4d69-a088-f3d09440dce1
YES,,Queue: C_FAKE_WHATSAPP,message,Evelyn Freitas; Maysa Azevedo,Maria Eduarda Nascimento,03/17/25 05:25 AM,06/11/25 04:02 PM,654827,Inbound/Outbound,,,C_FAKE_SUPPORT,FAKE-WRAP-UP-DELETED,[LT] Fluxo_FAKE_v2,79402a7e-23fa-4b2b-938d-f8261538c711
YES,,Queue: C_FAKE_CHAT,call,Mariana Martins; Esther Jesus,da Costa,01/06/25 06:04 PM,02/26/25 05:08 AM,961316,Inbound/Outbound,,,C_FAKE_EMAIL,FAKE-WRAP-UP-DELETED,[LT] Fluxo_FAKE_v3,4270021d-fa21-4b69-8c9b-4d6f28fa6446
YES,,Queue: C_FAKE_EMAIL,email,Dra. Brenda Fernandes,Maria Cecília Novaes,03/16/25 07:54 AM,01/28/25 09:04 AM,267248,Outbound,,,C_FAKE_EMAIL,FAKE-WRAP-UP-DELETED,[LT] Fluxo_FAKE_v2,3c15a843-7624-4c71-9e49-531a3e8b8467
YES,,Queue: C_FAKE_CHAT,email,Ana Julia Jesus; Sr. Enzo Gabriel Cardoso,Luiz Otávio Azevedo,03/01/25 05:23 AM,05/28/25 04:16 PM,1053253,Outbound,,,C_FAKE_CHAT,FAKE-WRAP-UP-TIMEOUT,[LT] Fluxo_FAKE_v1,96502536-a19c-466b-a172-2d0cadd5901e
YES,,Queue: C_FAKE_EMAIL,email,Francisco Costa,Sophie Farias,08/11/25 07:46 PM,06/08/25 05:57 PM,785691,Inbound,,,C_FAKE_EMAIL,FAKE-WRAP-UP-COMPLETED,[LT] Fluxo_FAKE_v3,06461bf3-15d4-4d73-a21b-acb101a380e5
YES,,Queue: C_FAKE_EMAIL,message,Lorenzo Carvalho; Maria Fernanda Costa,Costela e Filhos,05/03/25 11:04 AM,05/27/25 10:37 PM,1165414,Outbound,,,C_FAKE_SUPPORT,FAKE-WRAP-UP-COMPLETED,[LT] Fluxo_FAKE_v2,9968484e-ad31-4280-a864-1b7cf4d77cdf
YES,,Queue: C_FAKE_CHAT,call,Heitor Rodrigues,Vieira,03/24/25 02:33 AM,04/23/25 10:01 AM,901391,Inbound/Outbound,,,C_FAKE_SUPPORT,FAKE-WRAP-UP-COMPLETED,[LT] Fluxo_FAKE_v1,386f0c33-0b96-4596-b804-be96103a5cbe
YES,,Queue: C_FAKE_WHATSAPP,message,Bruno Freitas,da Paz S/A,07/20/25 06:22 AM,02/10/25 06:02 AM,761062,Inbound,,,C_FAKE_EMAIL,FAKE-WRAP-UP-DELETED,[LT] Fluxo_FAKE_v3,ffda04da-db9d-401b-b1a1-58d11c619ade
YES,,Queue: C_FAKE_WHATSAPP,call,Maysa Cavalcanti; André Mendes,Samuel Dias,03/02/25 07:21 PM,05/03/25 06:44 AM,541317,Outbound,,,C_FAKE_CHAT,FAKE-WRAP-UP-DELETED,[LT] Fluxo_FAKE_v1,dfb63993-71e7-4672-9da7-f6dca2dcc03b
YES,,Queue: C_FAKE_EMAIL,email,Natália Almeida,Lima,06/24/25 10:22 PM,01/15/25 11:20 PM,961164,Outbound,,,C_FAKE_CHAT,FAKE-WRAP-UP-COMPLETED,[LT] Fluxo_FAKE_v2,00595cd2-6a00-4647-9c74-e1da80989251
YES,,Queue: C_FAKE_CHAT,email,Sofia Freitas,João Pedro Ramos,02/08/25 08:52 PM,04/25/25 10:06 PM,909471,Outbound,,,C_FAKE_SUPPORT,FAKE-WRAP-UP-COMPLETED,[LT] Fluxo_FAKE_v1,75720920-80da-4406-9149-8761a91be945
YES,,Queue: C_FAKE_CHAT,email,Clara Campos,Eduardo Cavalcanti,04/13/25 12:19 AM,05/18/25 08:36 AM,1228182,Outbound,,,C_FAKE_CHAT,FAKE-WRAP-UP-DELETED,[LT] Fluxo_FAKE_v2,4592796f-63c5-4cd3-a911-9ba1c34f36da
YES,,Queue: C_FAKE_EMAIL,call,Dr. Cauê da Costa; Giovanna Ribeiro,Barros,06/26/25 04:51 PM,04/14/25 11:24 PM,893293,Inbound,,,C_FAKE_SUPPORT,FAKE-WRAP-UP-COMPLETED,[LT] Fluxo_FAKE_v2,db9c26cb-36fc-46bf-b8f4-b81906fe88d3
YES,,Queue: C_FAKE_EMAIL,email,Emanuella Ferreira,Almeida,08/23/25 04:11 PM,03/31/25 04:41 AM,1492880,Inbound,,,C_FAKE_CHAT,FAKE-WRAP-UP-TIMEOUT,[LT] Fluxo_FAKE_v3,b540baba-1b46-4088-9bc3-f1403f36f300
YES,,Queue: C_FAKE_EMAIL,email,João Vitor Gomes,Diego Nunes,04/27/25 04:29 PM,01/28/25 11:58 AM,1939455,Outbound,,,C_FAKE_CHAT,FAKE-WRAP-UP-COMPLETED,[LT] Fluxo_FAKE_v3,0454f5a1-62a3-4105-955d-59ed011a4361
YES,,Queue: C_FAKE_CHAT,email,Davi Luiz Pereira; Isabel Dias,Barbosa Ltda.,07/09/25 08:58 PM,06/04/25 12:22 AM,1671488,Outbound,,,C_FAKE_CHAT,FAKE-WRAP-UP-DELETED,[LT] Fluxo_FAKE_v3,d625e7cd-af79-4462-966c-3d7f3dcebe0c
YES,,Queue: C_FAKE_EMAIL,message,Bruno Araújo; Maria Nunes,Gonçalves,06/08/25 01:32 AM,02/06/25 05:55 PM,1478611,Inbound/Outbound,,,C_FAKE_WHATSAPP,FAKE-WRAP-UP-COMPLETED,[LT] Fluxo_FAKE_v3,656b0e99-39d1-4c1c-9276-66d32a6e2c7c
YES,,Queue: C_FAKE_WHATSAPP,message,João Pedro Gomes,Benício Freitas,06/21/25 04:40 AM,04/23/25 08:31 PM,460701,Outbound,,,C_FAKE_CHAT,FAKE-WRAP-UP-COMPLETED,[LT] Fluxo_FAKE_v3,76c0c89e-6666-4620-8563-c5b4f3596c29
YES,,Queue: C_FAKE_CHAT,call,Fernanda Nascimento; Maysa Silveira,Emanuelly Silva,04/08/25 11:50 PM,07/20/25 04:35 PM,714113,Outbound,,,C_FAKE_EMAIL,FAKE-WRAP-UP-TIMEOUT,[LT] Fluxo_FAKE_v2,e5ef53ce-031a-4a40-b7a0-c83f11c00766
YES,,Queue: C_FAKE_WHATSAPP,message,Elisa Nunes; Antônio Barros,Rezende,01/02/25 12:37 PM,01/28/25 09:22 PM,513742,Outbound,,,C_FAKE_SUPPORT,FAKE-WRAP-UP-COMPLETED,[LT] Fluxo_FAKE_v3,f4ac6197-f31e-4081-bc7d-471a71cbc95c
YES,,Queue: C_FAKE_EMAIL,message,Pietro Rocha; Dr. Noah da Paz,Azevedo Pires - EI,02/10/25 02:29 AM,02/12/25 11:18 PM,566606,Inbound,,,C_FAKE_EMAIL,FAKE-WRAP-UP-COMPLETED,[LT] Fluxo_FAKE_v2,713dd54e-12ea-4618-a28d-3518ee7bda68
YES,,Queue: C_FAKE_CHAT,call,Murilo Pereira,Azevedo Ltda.,08/28/25 06:21 AM,01/10/25 04:12 AM,1892360,Outbound,,,C_FAKE_WHATSAPP,FAKE-WRAP-UP-DELETED,[LT] Fluxo_FAKE_v2,449ee4c0-17c3-4a71-ac02-884b2b939dd7
YES,,Queue: C_FAKE_CHAT,email,Gustavo Carvalho,Dr. Nicolas Pereira,06/23/25 09:13 PM,04/19/25 11:24 AM,606911,Inbound/Outbound,,,C_FAKE_WHATSAPP,FAKE-WRAP-UP-TIMEOUT,[LT] Fluxo_FAKE_v1,aa63ab55-3bb9-4fa9-bb7c-15603a3a2365
YES,,Queue: C_FAKE_EMAIL,call,Manuela Jesus,Maria Fernanda Oliveira,05/13/25 11:48 PM,05/26/25 06:10 AM,1115665,Inbound,,,C_FAKE_SUPPORT,FAKE-WRAP-UP-COMPLETED,[LT] Fluxo_FAKE_v2,914ac113-3a93-48d1-a969-02d3f0abe9c8
YES,,Queue: C_FAKE_WHATSAPP,message,Lucca Araújo; Thomas Dias,Farias,01/01/25 11:45 AM,01/22/25 12:22 PM,1508088,Outbound,,,C_FAKE_SUPPORT,FAKE-WRAP-UP-DELETED,[LT] Fluxo_FAKE_v2,cc060bbf-b1d9-412d-9e00-15f64fa55812
YES,,Queue: C_FAKE_WHATSAPP,message,Maria Luiza da Mata; Marina Nunes,da Rosa,05/30/25 09:00 PM,02/13/25 08:49 AM,975055,Outbound,,,C_FAKE_CHAT,FAKE-WRAP-UP-TIMEOUT,[LT] Fluxo_FAKE_v3,7a457841-9d09-43a0-bd5c-ed10f50dffc0
YES,,Queue: C_FAKE_CHAT,message,Laís Duarte,Lorenzo da Rosa,08/09/25 01:26 PM,04/28/25 08:15 PM,1271765,Inbound,,,C_FAKE_EMAIL,FAKE-WRAP-UP-DELETED,[LT] Fluxo_FAKE_v3,e9bce624-b1c8-4325-ad75-5a78c36ad335
YES,,Queue: C_FAKE_WHATSAPP,call,Gabriel Santos,da Costa,03/18/25 03:33 AM,08/06/25 01:02 PM,690940,Inbound,,,C_FAKE_SUPPORT,FAKE-WRAP-UP-TIMEOUT,[LT] Fluxo_FAKE_v3,86ab5a4c-d886-4f93-9957-ccf6d29b5e25
YES,,Queue: C_FAKE_WHATSAPP,message,Helena Farias; Brenda Rocha,Joana Vieira,06/26/25 12:27 AM,02/05/25 10:03 PM,462793,Inbound,,,C_FAKE_EMAIL,FAKE-WRAP-UP-TIMEOUT,[LT] Fluxo_FAKE_v2,fdb455e7-1407-483f-b388-181a42c21e1f
YES,,Queue: C_FAKE_WHATSAPP,message,Guilherme da Paz; Vitor Hugo Rocha,Joana Pires,01/13/25 11:06 PM,06/17/25 03:48 AM,1671355,Inbound,,,C_FAKE_WHATSAPP,FAKE-WRAP-UP-TIMEOUT,[LT] Fluxo_FAKE_v3,8f28b7a8-5d24-44ab-9d83-baf5018046d5
YES,,Queue: C_FAKE_WHATSAPP,email,Ana Luiza Rocha; Ian Rezende,Ana Costa,02/17/25 03:51 AM,05/31/25 09:50 PM,456817,Outbound,,,C_FAKE_WHATSAPP,FAKE-WRAP-UP-DELETED,[LT] Fluxo_FAKE_v2,64a8da03-0645-49c8-96c8-c80c22e11d85
YES,,Queue: C_FAKE_WHATSAPP,message,Dra. Maria Eduarda da Mota,Dr. João Vitor Jesus,06/05/25 02:16 PM,03/23/25 12:32 AM,807649,Inbound,,,C_FAKE_WHATSAPP,FAKE-WRAP-UP-TIMEOUT,[LT] Fluxo_FAKE_v3,b1a77885-88fd-480e-97b0-056dd1d1fad2
YES,,Queue: C_FAKE_CHAT,email,Lavínia Alves; Gustavo Martins,Dr. Alexandre Dias,08/21/25 05:52 PM,04/03/25 04:08 AM,1121167,Inbound/Outbound,,,C_FAKE_SUPPORT,FAKE-WRAP-UP-COMPLETED,[LT] Fluxo_FAKE_v2,79b62e01-21df-4dc3-a952-4bf24023385d
YES,,Queue: C_FAKE_EMAIL,call,Srta. Rebeca Viana,Julia da Costa,05/21/25 03:09 PM,05/06/25 02:41 AM,1466225,Inbound/Outbound,,,C_FAKE_WHATSAPP,FAKE-WRAP-UP-DELETED,[LT] Fluxo_FAKE_v1,da2cb3dc-d570-4471-9ab5-d01b204aeb78
YES,,Queue: C_FAKE_EMAIL,call,Ana Carolina Melo,Pedro Henrique da Luz,06/01/25 05:45 AM,01/21/25 07:33 PM,1381374,Inbound/Outbound,,,C_FAKE_CHAT,FAKE-WRAP-UP-TIMEOUT,[LT] Fluxo_FAKE_v1,148845ca-aab4-41a9-8c43-dbfb01d084a2
YES,,Queue: C_FAKE_EMAIL,message,Raul Caldeira; Igor Pereira,Kaique Cardoso,08/16/25 08:30 AM,06/28/25 12:27 PM,668225,Inbound/Outbound,,,C_FAKE_SUPPORT,FAKE-WRAP-UP-DELETED,[LT] Fluxo_FAKE_v3,c9ac0911-4207-4e4f-8fd5-4714314969e5
YES,,Queue: C_FAKE_CHAT,email,Vitor Silva; Daniel Carvalho,Almeida Barros e Filhos,08/04/25 10:40 PM,07/18/25 08:07 PM,1479671,Outbound,,,C_FAKE_EMAIL,FAKE-WRAP-UP-DELETED,[LT] Fluxo_FAKE_v1,3176b09e-c387-4f7d-a7b7-d0fd23d28f8f
YES,,Queue: C_FAKE_CHAT,message,Fernanda Nascimento,Nunes - ME,02/19/25 03:42 PM,03/18/25 08:50 AM,320821,Inbound,,,C_FAKE_EMAIL,FAKE-WRAP-UP-TIMEOUT,[LT] Fluxo_FAKE_v1,12d5e6b5-37d2-458b-aea2-8bbbac81ae9b
YES,,Queue: C_FAKE_WHATSAPP,call,Francisco Ferreira,Sales e Filhos,07/01/25 01:20 AM,09/01/25 10:17 PM,1236871,Outbound,,,C_FAKE_SUPPORT,FAKE-WRAP-UP-DELETED,[LT] Fluxo_FAKE_v1,69a62dc2-fdea-45bb-a0cd-1abb3eb91bc0
YES,,Queue: C_FAKE_CHAT,message,Dr. Thiago Peixoto,Otávio Cunha,02/19/25 02:33 AM,01/28/25 09:25 PM,1511685,Outbound,,,C_FAKE_EMAIL,FAKE-WRAP-UP-DELETED,[LT] Fluxo_FAKE_v3,8c04f012-87c2-472f-bdc6-d159c5a859cf
YES,,Queue: C_FAKE_CHAT,email,Daniel Aragão; Clara Cardoso,Gomes,02/17/25 05:03 AM,07/06/25 04:22 PM,1415418,Inbound,,,C_FAKE_EMAIL,FAKE-WRAP-UP-DELETED,[LT] Fluxo_FAKE_v3,a133914f-a358-4201-9029-5209626876b6
YES,,Queue: C_FAKE_CHAT,call,Raquel das Neves,Davi Lucas da Mota,06/10/25 01:43 PM,04/12/25 04:08 PM,944516,Outbound,,,C_FAKE_CHAT,FAKE-WRAP-UP-COMPLETED,[LT] Fluxo_FAKE_v2,a0b6ef8e-b0b6-4d86-9dca-52f8c3bb526b
YES,,Queue: C_FAKE_EMAIL,message,Maria Duarte; Lívia da Mota,Campos,06/10/25 05:08 PM,06/29/25 02:15 PM,1971809,Outbound,,,C_FAKE_SUPPORT,FAKE-WRAP-UP-DELETED,[LT] Fluxo_FAKE_v3,d62b7e36-03d3-4c49-861f-4c066f3e5e40
YES,,Queue: C_FAKE_WHATSAPP,email,Danilo das Neves,Natália Campos,08/10/25 11:22 PM,03/30/25 02:11 PM,577536,Inbound/Outbound,,,C_FAKE_CHAT,FAKE-WRAP-UP-DELETED,[LT] Fluxo_FAKE_v2,57e1d096-fa3e-4697-adff-d3cea8994d62
YES,,Queue: C_FAKE_EMAIL,message,Yuri Teixeira; Pedro Miguel Nunes,Cavalcanti,03/09/25 09:17 PM,05/28/25 06:50 PM,1136498,Inbound/Outbound,,,C_FAKE_WHATSAPP,FAKE-WRAP-UP-DELETED,[LT] Fluxo_FAKE_v2,760a58a6-3d8a-467b-9a3d-a254e358200f
YES,,Queue: C_FAKE_WHATSAPP,call,Emanuella Martins; Diego Lopes,Paulo Peixoto,04/10/25 09:51 PM,04/11/25 06:01 AM,403685,Inbound/Outbound,,,C_FAKE_EMAIL,FAKE-WRAP-UP-DELETED,[LT] Fluxo_FAKE_v2,47469b2f-852e-4249-af0d-21f44d20ffce
YES,,Queue: C_FAKE_CHAT,email,Vinicius Pereira; Dra. Maria Cecília Pinto,Ana Sophia Correia,01/29/25 09:19 PM,05/01/25 01:06 AM,445009,Inbound,,,C_FAKE_CHAT,FAKE-WRAP-UP-DELETED,[LT] Fluxo_FAKE_v1,388575fd-38f9-4101-b899-91bfc87cc249
YES,,Queue: C_FAKE_WHATSAPP,email,Kevin Fernandes; Otávio Silveira,Igor Sales,07/05/25 11:41 PM,02/03/25 01:52 AM,901593,Inbound/Outbound,,,C_FAKE_WHATSAPP,FAKE-WRAP-UP-COMPLETED,[LT] Fluxo_FAKE_v2,b3d5c359-5138-4713-957d-5543d745f3fb
YES,,Queue: C_FAKE_EMAIL,call,Sr. Vitor Nogueira,Rocha Souza - ME,08/25/25 07:16 PM,01/21/25 05:53 AM,939537,Inbound,,,C_FAKE_SUPPORT,FAKE-WRAP-UP-COMPLETED,[LT] Fluxo_FAKE_v1,93be9d51-5b38-4e32-ac1b-7b762bf6868a
YES,,Queue: C_FAKE_WHATSAPP,email,Ryan da Costa; Theo Fogaça,Duarte,07/01/25 05:43 PM,03/07/25 08:39 AM,1568925,Inbound,,,C_FAKE_WHATSAPP,FAKE-WRAP-UP-TIMEOUT,[LT] Fluxo_FAKE_v2,e2e6290c-2db7-4239-a996-bc941dc13d33
YES,,Queue: C_FAKE_WHATSAPP,message,Sra. Julia Aragão; Danilo da Mota,Dr. Breno Teixeira,01/03/25 02:34 PM,03/10/25 01:04 AM,262814,Inbound/Outbound,,,C_FAKE_CHAT,FAKE-WRAP-UP-DELETED,[LT] Fluxo_FAKE_v3,a86bbcdb-583e-4b4b-91c9-1bec9f5b6c70
YES,,Queue: C_FAKE_CHAT,call,Maria Sophia Rodrigues; Stella Dias,da Paz,08/22/25 03:43 PM,05/20/25 10:09 AM,1944541,Outbound,,,C_FAKE_CHAT,FAKE-WRAP-UP-DELETED,[LT] Fluxo_FAKE_v1,9430c2bb-da4b-466e-bd26-3e0efa0c0499
YES,,Queue: C_FAKE_EMAIL,email,Dr. Bernardo da Conceição; Thiago Porto,Cardoso,01/29/25 12:58 PM,01/26/25 12:09 AM,1522692,Inbound/Outbound,,,C_FAKE_EMAIL,FAKE-WRAP-UP-DELETED,[LT] Fluxo_FAKE_v2,fcd5e8e6-3771-49d3-ace7-d5667abf7b49
YES,,Queue: C_FAKE_CHAT,email,Laís Alves,Souza Pereira S.A.,05/18/25 10:12 PM,06/02/25 02:30 PM,1890314,Inbound,,,C_FAKE_CHAT,FAKE-WRAP-UP-TIMEOUT,[LT] Fluxo_FAKE_v3,dce36cb8-7688-4ea9-a726-d089f5351e2b
YES,,Queue: C_FAKE_WHATSAPP,email,Ana Lívia Cavalcanti; João Guilherme Gonçalves,da Rocha da Rocha S/A,01/06/25 02:20 PM,07/30/25 09:30 PM,1908085,Inbound/Outbound,,,C_FAKE_SUPPORT,FAKE-WRAP-UP-DELETED,[LT] Fluxo_FAKE_v2,f4cc3062-65de-43e9-9c8a-daa40aff8196
YES,,Queue: C_FAKE_EMAIL,call,Arthur Silva,Srta. Maria Julia da Cunha,09/01/25 11:58 PM,04/09/25 03:45 AM,1434301,Inbound,,,C_FAKE_EMAIL,FAKE-WRAP-UP-COMPLETED,[LT] Fluxo_FAKE_v3,23aa2c56-8f01-4f8f-a332-cb8cfe859d33
YES,,Queue: C_FAKE_EMAIL,email,Letícia das Neves; Carlos Eduardo Barbosa,Nina Silveira,07/23/25 07:09 PM,03/20/25 05:30 PM,1692614,Inbound,,,C_FAKE_SUPPORT,FAKE-WRAP-UP-DELETED,[LT] Fluxo_FAKE_v1,70fe1138-a2fd-4e96-abf8-c7bd154e3433
YES,,Queue: C_FAKE_EMAIL,email,Theo Pereira,Dr. Marcelo Monteiro,02/28/25 12:00 AM,03/13/25 09:59 AM,1628333,Inbound/Outbound,,,C_FAKE_EMAIL,FAKE-WRAP-UP-COMPLETED,[LT] Fluxo_FAKE_v3,01af74cc-223c-49bf-b8d0-d02f00aef0aa
YES,,Queue: C_FAKE_WHATSAPP,email,Paulo Porto,Vieira Ltda.,02/23/25 11:42 AM,07/31/25 01:37 PM,1436927,Inbound/Outbound,,,C_FAKE_EMAIL,FAKE-WRAP-UP-DELETED,[LT] Fluxo_FAKE_v1,ac651eb4-d460-44be-80dd-cb1e784f515d
YES,,Queue: C_FAKE_CHAT,call,Leandro da Cruz,Pinto,03/23/25 07:11 AM,09/02/25 08:51 AM,1771996,Inbound/Outbound,,,C_FAKE_CHAT,FAKE-WRAP-UP-DELETED,[LT] Fluxo_FAKE_v3,2831d156-10f3-4393-9384-eecd65436a8c
YES,,Queue: C_FAKE_WHATSAPP,call,Sabrina Martins; Dr. Bryan Aragão,Moreira S/A,01/13/25 01:37 PM,07/19/25 08:00 AM,1050159,Inbound/Outbound,,,C_FAKE_SUPPORT,FAKE-WRAP-UP-DELETED,[LT] Fluxo_FAKE_v1,b04a6c09-4db7-4043-9e52-4f171d6511c5
YES,,Queue: C_FAKE_EMAIL,call,Stella Fernandes,Srta. Ana Pereira,03/09/25 03:42 AM,03/22/25 06:37 PM,1546447,Inbound/Outbound,,,C_FAKE_SUPPORT,FAKE-WRAP-UP-DELETED,[LT] Fluxo_FAKE_v3,35b5b64c-034b-4d43-8c33-35d6b0a931d1
YES,,Queue: C_FAKE_WHATSAPP,message,Alana Porto; Cauê Duarte,Azevedo,03/01/25 03:06 PM,07/25/25 10:08 AM,1914149,Inbound,,,C_FAKE_SUPPORT,FAKE-WRAP-UP-COMPLETED,[LT] Fluxo_FAKE_v3,e787b73c-b494-468f-80b8-d9213b1d2a83
YES,,Queue: C_FAKE_EMAIL,call,Raul Fogaça; Bianca Freitas,Ramos Melo S.A.,08/12/25 01:00 AM,02/14/25 01:20 PM,1152090,Inbound/Outbound,,,C_FAKE_SUPPORT,FAKE-WRAP-UP-COMPLETED,[LT] Fluxo_FAKE_v2,92b87a83-c47c-41f6-af4b-0e53fb09519a
YES,,Queue: C_FAKE_EMAIL,call,Matheus Araújo; Ana Sophia Peixoto,Sra. Clarice Costa,06/13/25 09:34 PM,06/15/25 01:08 PM,1661103,Inbound,,,C_FAKE_SUPPORT,FAKE-WRAP-UP-DELETED,[LT] Fluxo_FAKE_v1,8ee30925-d60d-416b-a2b0-95a59cba354d
YES,,Queue: C_FAKE_CHAT,call,Sabrina Lima,Felipe da Rocha,01/01/25 01:22 PM,04/09/25 05:40 PM,1659152,Outbound,,,C_FAKE_WHATSAPP,FAKE-WRAP-UP-TIMEOUT,[LT] Fluxo_FAKE_v3,40b2523d-e8ee-409b-8748-610e5fb26d34
YES,,Queue: C_FAKE_EMAIL,call,Anthony Nogueira,Leandro Novaes,04/13/25 11:45 AM,08/14/25 08:38 AM,172981,Outbound,,,C_FAKE_CHAT,FAKE-WRAP-UP-COMPLETED,[LT] Fluxo_FAKE_v1,af8ee6b2-07d7-466f-8118-c4c776dcdfcc
YES,,Queue: C_FAKE_EMAIL,message,Esther Gonçalves,Vieira,01/11/25 04:01 PM,02/08/25 06:41 PM,1274859,Inbound/Outbound,,,C_FAKE_EMAIL,FAKE-WRAP-UP-TIMEOUT,[LT] Fluxo_FAKE_v2,1850d9f7-a7e8-4991-ba97-1ae854464f1f
YES,,Queue: C_FAKE_CHAT,message,Júlia Jesus; Nathan Oliveira,Silveira Almeida - EI,02/20/25 07:54 AM,04/25/25 08:17 PM,1444882,Outbound,,,C_FAKE_CHAT,FAKE-WRAP-UP-TIMEOUT,[LT] Fluxo_FAKE_v2,018de1b4-5bd1-44ba-9e77-c934188c6b94
YES,,Queue: C_FAKE_WHATSAPP,email,Sr. Pietro Oliveira,Castro,03/17/25 06:51 PM,02/17/25 10:41 AM,1784065,Outbound,,,C_FAKE_SUPPORT,FAKE-WRAP-UP-DELETED,[LT] Fluxo_FAKE_v2,b5565022-2994-4c2d-9622-1037547413c1
YES,,Queue: C_FAKE_WHATSAPP,message,Dr. Davi Lucca Farias; Srta. Beatriz Vieira,Igor Santos,08/01/25 10:02 PM,03/16/25 11:53 PM,969463,Outbound,,,C_FAKE_SUPPORT,FAKE-WRAP-UP-DELETED,[LT] Fluxo_FAKE_v1,71ef0947-a5de-4158-b4be-52b3fbee6066
YES,,Queue: C_FAKE_CHAT,call,Fernanda Duarte; Dr. Vicente Caldeira,Dra. Gabriela Sales,06/07/25 03:04 AM,03/09/25 05:07 PM,1387552,Inbound/Outbound,,,C_FAKE_EMAIL,FAKE-WRAP-UP-TIMEOUT,[LT] Fluxo_FAKE_v3,ded04f4b-bf03-41af-9701-384bf03c4306
YES,,Queue: C_FAKE_EMAIL,message,Catarina Moreira,Cavalcanti S/A,02/14/25 11:26 PM,05/09/25 12:12 AM,1640932,Inbound/Outbound,,,C_FAKE_WHATSAPP,FAKE-WRAP-UP-COMPLETED,[LT] Fluxo_FAKE_v1,531a8c16-d12b-469e-a8be-894ac6bb2bbc
YES,,Queue: C_FAKE_EMAIL,message,Dr. Diego Rezende; Rafaela Viana,Maria Alice da Luz,06/06/25 01:39 AM,01/16/25 04:20 PM,312194,Inbound,,,C_FAKE_EMAIL,FAKE-WRAP-UP-DELETED,[LT] Fluxo_FAKE_v2,71f4d6ed-fbb1-4c02-951b-d6903896ac17
YES,,Queue: C_FAKE_EMAIL,email,Luiz Otávio Aragão; Anthony Fernandes,Teixeira,07/17/25 02:13 AM,01/03/25 05:10 PM,461523,Inbound/Outbound,,,C_FAKE_WHATSAPP,FAKE-WRAP-UP-TIMEOUT,[LT] Fluxo_FAKE_v2,788c1b36-97cf-4e6d-825d-0c74b4ea3411
YES,,Queue: C_FAKE_EMAIL,message,Marcelo Pinto; Henrique Costela,das Neves Moura e Filhos,05/08/25 01:37 PM,04/25/25 01:45 PM,865962,Inbound,,,C_FAKE_WHATSAPP,FAKE-WRAP-UP-COMPLETED,[LT] Fluxo_FAKE_v2,98a450f1-5d4d-4a70-bb18-28f1a926f820
YES,,Queue: C_FAKE_WHATSAPP,message,Augusto Martins; Sra. Maria Fernanda Oliveira,Giovanna Pires,07/12/25 02:21 PM,08/21/25 08:31 PM,652016,Inbound/Outbound,,,C_FAKE_CHAT,FAKE-WRAP-UP-TIMEOUT,[LT] Fluxo_FAKE_v2,16986cb8-da43-4139-bb88-afc89b75d7e3
YES,,Queue: C_FAKE_WHATSAPP,message,Rodrigo da Mota; Maria Sophia Vieira,Aragão Lima Ltda.,07/01/25 03:36 PM,06/09/25 09:06 PM,852425,Inbound,,,C_FAKE_SUPPORT,FAKE-WRAP-UP-COMPLETED,[LT] Fluxo_FAKE_v1,dfc1ae68-7130-4e2d-a48e-47d7f8b88a89
YES,,Queue: C_FAKE_CHAT,call,Igor Cavalcanti; João Pedro Almeida,Souza,08/10/25 12:53 PM,06/30/25 11:49 AM,585741,Outbound,,,C_FAKE_EMAIL,FAKE-WRAP-UP-TIMEOUT,[LT] Fluxo_FAKE_v1,cc493697-09fa-42d1-b2d7-0179e95c3d29
YES,,Queue: C_FAKE_EMAIL,message,João Felipe da Cunha; Carlos Eduardo da Rocha,João Miguel Silveira,08/20/25 02:51 AM,05/27/25 12:12 AM,981563,Inbound/Outbound,,,C_FAKE_EMAIL,FAKE-WRAP-UP-COMPLETED,[LT] Fluxo_FAKE_v1,8396ad17-ea58-467e-81fc-b7760f8fcbaf
YES,,Queue: C_FAKE_EMAIL,call,Gabriel Ramos,Cardoso,02/20/25 10:47 AM,07/17/25 03:03 AM,1824578,Outbound,,,C_FAKE_CHAT,FAKE-WRAP-UP-TIMEOUT,[LT] Fluxo_FAKE_v3,8426ab76-e35b-496b-93e8-8b7fa2b7fb16
YES,,Queue: C_FAKE_WHATSAPP,email,Mariane Dias; Rodrigo Sales,João Pedro Cavalcanti,02/15/25 08:57 AM,04/06/25 04:46 PM,646499,Inbound/Outbound,,,C_FAKE_WHATSAPP,FAKE-WRAP-UP-COMPLETED,[LT] Fluxo_FAKE_v1,9ab34526-927e-455a-964c-495bbb0387cd
YES,,Queue: C_FAKE_EMAIL,message,Luana Costela,Ana Lívia Melo,06/02/25 11:51 PM,01/19/25 09:20 PM,1066163,Outbound,,,C_FAKE_SUPPORT,FAKE-WRAP-UP-TIMEOUT,[LT] Fluxo_FAKE_v2,d955dc9a-db36-46fe-887c-3d8fe990c65e
YES,,Queue: C_FAKE_CHAT,call,Enrico Silveira,Viana,07/21/25 01:53 PM,05/18/25 12:00 AM,1655506,Outbound,,,C_FAKE_CHAT,FAKE-WRAP-UP-TIMEOUT,[LT] Fluxo_FAKE_v1,836bd2f7-2541-4413-9427-9c0ee1ec7d8b
YES,,Queue: C_FAKE_EMAIL,email,Dr. Luiz Gustavo Cavalcanti,Stella Ferreira,04/02/25 04:58 AM,08/12/25 10:56 AM,1799353,Inbound,,,C_FAKE_CHAT,FAKE-WRAP-UP-COMPLETED,[LT] Fluxo_FAKE_v3,3e226bfe-b259-45ae-a55b-635c77a849ff
YES,,Queue: C_FAKE_CHAT,email,Theo Alves,Agatha Ribeiro,04/03/25 02:58 AM,07/12/25 07:10 PM,323378,Inbound,,,C_FAKE_CHAT,FAKE-WRAP-UP-TIMEOUT,[LT] Fluxo_FAKE_v2,9517abab-9d8f-4ea8-88d9-6494965ee5ad
YES,,Queue: C_FAKE_EMAIL,call,Valentina Jesus; Ian Rezende,Melissa Fernandes,05/01/25 06:40 AM,04/18/25 02:47 PM,973586,Inbound,,,C_FAKE_EMAIL,FAKE-WRAP-UP-DELETED,[LT] Fluxo_FAKE_v2,0b102144-f687-4f9e-9999-89111c3de334
YES,,Queue: C_FAKE_EMAIL,call,Juliana da Cunha,Cunha,05/30/25 06:03 PM,09/06/25 03:33 PM,177700,Outbound,,,C_FAKE_CHAT,FAKE-WRAP-UP-DELETED,[LT] Fluxo_FAKE_v3,48e94238-57e6-4dd9-ad1e-d84bc56c610d
YES,,Queue: C_FAKE_EMAIL,message,Daniela Jesus,Moraes,08/09/25 02:33 PM,02/12/25 09:07 AM,1096570,Inbound/Outbound,,,C_FAKE_SUPPORT,FAKE-WRAP-UP-COMPLETED,[LT] Fluxo_FAKE_v3,efca70f5-07ef-40f7-a418-861eb07a810a
YES,,Queue: C_FAKE_EMAIL,email,Sra. Elisa Mendes; Milena Silva,Paulo Silveira,05/08/25 10:08 PM,09/01/25 09:01 AM,1559920,Outbound,,,C_FAKE_SUPPORT,FAKE-WRAP-UP-TIMEOUT,[LT] Fluxo_FAKE_v3,91543f8b-dcba-45c6-b5ec-66a8a3075150
YES,,Queue: C_FAKE_EMAIL,email,Srta. Letícia Pereira; Dr. Levi Santos,Renan Sales,05/09/25 02:34 AM,06/11/25 07:21 PM,1491639,Inbound,,,C_FAKE_CHAT,FAKE-WRAP-UP-TIMEOUT,[LT] Fluxo_FAKE_v1,8d5a9e8d-cc20-42af-bc79-0fffaa7e86f0
YES,,Queue: C_FAKE_CHAT,call,João Miguel Rocha,da Rosa,04/30/25 01:33 AM,01/16/25 02:58 AM,884256,Inbound,,,C_FAKE_WHATSAPP,FAKE-WRAP-UP-TIMEOUT,[LT] Fluxo_FAKE_v1,b184368c-f48a-41d5-974c-519d7d225eeb
YES,,Queue: C_FAKE_EMAIL,call,Benício Pires; Natália Castro,Letícia Rezende,05/31/25 03:45 PM,02/06/25 11:23 AM,139288,Inbound,,,C_FAKE_SUPPORT,FAKE-WRAP-UP-TIMEOUT,[LT] Fluxo_FAKE_v3,a306b2fe-afa3-453c-abd4-25cbe152424b
YES,,Queue: C_FAKE_CHAT,email,Ian Araújo,Marina Almeida,07/11/25 01:06 AM,07/17/25 05:36 AM,820658,Outbound,,,C_FAKE_CHAT,FAKE-WRAP-UP-COMPLETED,[LT] Fluxo_FAKE_v1,95786324-634d-4084-b7c9-14dc88dba487
YES,,Queue: C_FAKE_EMAIL,call,Davi Lucas da Mota; Theo Santos,Dr. André Duarte,03/15/25 10:27 AM,06/08/25 06:17 PM,1191256,Inbound/Outbound,,,C_FAKE_SUPPORT,FAKE-WRAP-UP-DELETED,[LT] Fluxo_FAKE_v2,570eaaee-9aa0-464c-967e-8e7b94e68bda
YES,,Queue: C_FAKE_WHATSAPP,call,Marcos Vinicius Melo; Stella Barbosa,Srta. Clarice Carvalho,02/23/25 04:31 PM,06/02/25 11:11 AM,1537486,Inbound/Outbound,,,C_FAKE_WHATSAPP,FAKE-WRAP-UP-DELETED,[LT] Fluxo_FAKE_v2,7566dbfe-289b-43ce-b210-b52350a7d6a7
YES,,Queue: C_FAKE_EMAIL,call,Ian Melo,Gomes - EI,06/24/25 10:52 PM,03/02/25 12:51 PM,806817,Outbound,,,C_FAKE_WHATSAPP,FAKE-WRAP-UP-TIMEOUT,[LT] Fluxo_FAKE_v1,0dbab3c3-b0a2-4005-981f-d1de43320022
YES,,Queue: C_FAKE_EMAIL,call,Daniel Costela; Gabriel Rocha,Ana Julia Gonçalves,06/14/25 02:51 PM,08/26/25 07:44 PM,1157851,Outbound,,,C_FAKE_SUPPORT,FAKE-WRAP-UP-DELETED,[LT] Fluxo_FAKE_v3,95cd0cb9-088b-4499-a2df-f5e35469ca36
YES,,Queue: C_FAKE_EMAIL,email,Thales Moraes,Moura,05/14/25 08:37 PM,06/25/25 08:08 AM,737462,Inbound/Outbound,,,C_FAKE_CHAT,FAKE-WRAP-UP-COMPLETED,[LT] Fluxo_FAKE_v1,e9ca8e13-0aba-40ff-bd16-e3c1fc98036a
YES,,Queue: C_FAKE_WHATSAPP,call,Arthur Barbosa; Ana Sophia Ribeiro,Cardoso,03/17/25 01:26 PM,06/12/25 08:56 AM,440845,Inbound,,,C_FAKE_CHAT,FAKE-WRAP-UP-DELETED,[LT] Fluxo_FAKE_v2,efe0665c-43f5-45f3-8f25-a44bf970a448
YES,,Queue: C_FAKE_EMAIL,email,Dr. Lucas Novaes; Vitor da Cruz,Marcos Vinicius Farias,08/20/25 09:03 PM,02/06/25 05:05 AM,1402607,Inbound,,,C_FAKE_EMAIL,FAKE-WRAP-UP-COMPLETED,[LT] Fluxo_FAKE_v1,7a4496d2-25c0-4ac3-a286-af80f4e0958b
YES,,Queue: C_FAKE_WHATSAPP,message,Sabrina Alves; Giovanna Araújo,Nunes,02/10/25 03:27 AM,03/01/25 05:43 PM,1404241,Outbound,,,C_FAKE_WHATSAPP,FAKE-WRAP-UP-DELETED,[LT] Fluxo_FAKE_v1,e806abcc-2640-4bb1-9e8a-adf12b3a67bf
YES,,Queue: C_FAKE_CHAT,message,Milena Duarte,Rafaela Araújo,05/22/25 03:02 PM,05/30/25 11:40 PM,832267,Outbound,,,C_FAKE_EMAIL,FAKE-WRAP-UP-COMPLETED,[LT] Fluxo_FAKE_v2,8eb5848f-6b53-4a4e-8885-42bf4bc94092
YES,,Queue: C_FAKE_EMAIL,email,Sra. Elisa Almeida,Moura,05/24/25 02:00 PM,05/06/25 06:25 PM,1299566,Inbound,,,C_FAKE_CHAT,FAKE-WRAP-UP-COMPLETED,[LT] Fluxo_FAKE_v3,94a451d7-5711-4854-b088-2b40cfaff2cb
YES,,Queue: C_FAKE_WHATSAPP,email,Sr. Cauê Oliveira; Thales Melo,Almeida,07/14/25 01:45 AM,07/13/25 01:36 PM,1872200,Inbound/Outbound,,,C_FAKE_SUPPORT,FAKE-WRAP-UP-TIMEOUT,[LT] Fluxo_FAKE_v1,9b1025a3-89f7-4cf7-84a6-27f57cbef196
YES,,Queue: C_FAKE_WHATSAPP,call,Gabriela da Rosa; Pedro Cunha,Júlia da Mota,08/12/25 09:54 PM,08/22/25 06:03 AM,1558919,Inbound/Outbound,,,C_FAKE_CHAT,FAKE-WRAP-UP-TIMEOUT,[LT] Fluxo_FAKE_v3,d2cf9f61-ada9-4e55-834a-54ac0fcca5cc
YES,,Queue: C_FAKE_WHATSAPP,email,Alícia Araújo,Camila Farias,06/05/25 11:08 AM,08/08/25 03:26 PM,1149659,Inbound,,,C_FAKE_SUPPORT,FAKE-WRAP-UP-COMPLETED,[LT] Fluxo_FAKE_v3,fba938bc-a922-4180-b88b-1d286085040b
YES,,Queue: C_FAKE_WHATSAPP,call,Kevin Aragão; Rodrigo da Mata,Caldeira Pires Ltda.,05/11/25 10:32 PM,01/10/25 01:45 AM,1325860,Inbound,,,C_FAKE_WHATSAPP,FAKE-WRAP-UP-TIMEOUT,[LT] Fluxo_FAKE_v3,c5f44c11-7539-410d-9aab-c3e866815708
YES,,Queue: C_FAKE_WHATSAPP,message,Alícia Pinto,Araújo,01/27/25 01:44 AM,05/13/25 08:06 AM,1013758,Outbound,,,C_FAKE_EMAIL,FAKE-WRAP-UP-DELETED,[LT] Fluxo_FAKE_v1,09e676fe-2c32-4c95-9b99-b85aad9f8393
YES,,Queue: C_FAKE_EMAIL,message,Emanuel da Rocha; Henrique Azevedo,Pinto,08/21/25 04:19 PM,07/04/25 05:07 PM,754529,Outbound,,,C_FAKE_CHAT,FAKE-WRAP-UP-TIMEOUT,[LT] Fluxo_FAKE_v1,1d5036a8-e990-482e-a9e1-050ae4e0401e
YES,,Queue: C_FAKE_EMAIL,message,Carolina Cardoso; Milena da Mota,Eduarda Dias,08/17/25 10:06 AM,09/04/25 04:25 PM,149987,Inbound/Outbound,,,C_FAKE_SUPPORT,FAKE-WRAP-UP-TIMEOUT,[LT] Fluxo_FAKE_v3,bd9a1954-1293-42d6-96cd-eb2ddaec4fee
YES,,Queue: C_FAKE_CHAT,message,Bruna Nascimento; Mariana da Conceição,Almeida Ltda.,03/29/25 02:55 AM,01/10/25 03:59 PM,109495,Inbound,,,C_FAKE_WHATSAPP,FAKE-WRAP-UP-TIMEOUT,[LT] Fluxo_FAKE_v3,2c5fc4e1-28dc-4e48-95c5-292c7afa7121
YES,,Queue: C_FAKE_CHAT,call,Amanda Caldeira; Ana da Conceição,Daniela Rezende,06/22/25 02:46 PM,04/19/25 03:15 PM,1945001,Outbound,,,C_FAKE_EMAIL,FAKE-WRAP-UP-TIMEOUT,[LT] Fluxo_FAKE_v2,0ddc303c-c787-421c-b43b-4f4f2e8c7b3d
YES,,Queue: C_FAKE_CHAT,call,Dr. Pedro Henrique Martins,Viana,07/27/25 10:44 PM,06/22/25 06:48 PM,426543,Inbound,,,C_FAKE_CHAT,FAKE-WRAP-UP-COMPLETED,[LT] Fluxo_FAKE_v1,8c2918d1-e402-405f-aaa0-b97dca0ea52e
YES,,Queue: C_FAKE_WHATSAPP,call,Benício Nunes; Davi Lucas da Cruz,Dra. Manuela Araújo,01/31/25 05:44 PM,03/07/25 12:23 AM,555066,Inbound,,,C_FAKE_EMAIL,FAKE-WRAP-UP-TIMEOUT,[LT] Fluxo_FAKE_v1,8dac08c7-93b1-4009-b9dd-c52d6be01cee
YES,,Queue: C_FAKE_WHATSAPP,message,Gustavo Ferreira; Rafaela Peixoto,Dr. Daniel Fogaça,07/10/25 05:06 PM,06/08/25 02:06 PM,1014150,Inbound,,,C_FAKE_SUPPORT,FAKE-WRAP-UP-COMPLETED,[LT] Fluxo_FAKE_v1,6abda041-915f-4f53-983a-7dd5035d3469
YES,,Queue: C_FAKE_EMAIL,call,Srta. Melissa Pereira; Leonardo da Costa,Dra. Eloah Mendes,03/10/25 04:40 PM,05/21/25 12:06 PM,1475303,Inbound,,,C_FAKE_WHATSAPP,FAKE-WRAP-UP-COMPLETED,[LT] Fluxo_FAKE_v2,8cd428e8-73fa-4da4-b7af-51d876063072
YES,,Queue: C_FAKE_EMAIL,message,Olivia Fernandes; Luna Vieira,Alves,06/21/25 11:15 AM,01/02/25 09:35 AM,1868544,Inbound/Outbound,,,C_FAKE_CHAT,FAKE-WRAP-UP-DELETED,[LT] Fluxo_FAKE_v1,9b228a51-b2f6-400c-b266-97ffcf7a895f
YES,,Queue: C_FAKE_CHAT,email,Kaique Lopes,Letícia Ramos,01/21/25 12:40 PM,06/18/25 12:57 PM,684944,Inbound,,,C_FAKE_WHATSAPP,FAKE-WRAP-UP-COMPLETED,[LT] Fluxo_FAKE_v1,9d64f431-e7a6-46b3-a46c-68d3161f0171
YES,,Queue: C_FAKE_CHAT,email,Lívia Ramos,Marcelo Lima,03/02/25 05:17 AM,06/04/25 09:52 PM,1884781,Inbound/Outbound,,,C_FAKE_EMAIL,FAKE-WRAP-UP-COMPLETED,[LT] Fluxo_FAKE_v1,9946f64c-cbaa-4cfd-8fb1-244485bf7576
YES,,Queue: C_FAKE_EMAIL,call,Luiz Gustavo da Conceição; Nina Cardoso,Fernandes,02/16/25 10:03 AM,06/19/25 10:13 PM,1566117,Inbound/Outbound,,,C_FAKE_CHAT,FAKE-WRAP-UP-TIMEOUT,[LT] Fluxo_FAKE_v2,3224df74-5773-4b00-8055-d6e906df5dba
YES,,Queue: C_FAKE_CHAT,call,Ana Julia Silveira,Alícia Melo,05/31/25 08:53 AM,06/04/25 11:53 AM,410748,Outbound,,,C_FAKE_WHATSAPP,FAKE-WRAP-UP-TIMEOUT,[LT] Fluxo_FAKE_v1,cb7e7784-02b5-4216-83eb-6cce8af194e6
YES,,Queue: C_FAKE_WHATSAPP,email,Breno Nunes; Gabriela Ribeiro,Isadora Campos,02/26/25 01:23 AM,07/01/25 01:24 AM,927307,Outbound,,,C_FAKE_EMAIL,FAKE-WRAP-UP-COMPLETED,[LT] Fluxo_FAKE_v2,e5c6f349-30df-4b61-8610-fd12952774da
YES,,Queue: C_FAKE_EMAIL,email,Davi Ferreira; Matheus Moreira,Moura Fogaça S/A,06/04/25 10:06 PM,01/07/25 11:49 PM,344734,Outbound,,,C_FAKE_WHATSAPP,FAKE-WRAP-UP-TIMEOUT,[LT] Fluxo_FAKE_v2,15e9e019-9a9b-4c83-93a9-390615b19303
YES,,Queue: C_FAKE_EMAIL,message,Maria Eduarda Ferreira,Silveira - ME,01/02/25 01:45 AM,02/16/25 12:29 AM,590010,Outbound,,,C_FAKE_CHAT,FAKE-WRAP-UP-DELETED,[LT] Fluxo_FAKE_v1,83b21b18-b130-488b-804c-fbd578a5e0ed
YES,,Queue: C_FAKE_CHAT,message,Dra. Juliana Rodrigues; João Guilherme da Cunha,Lucca Rezende,02/10/25 04:19 AM,01/22/25 06:54 AM,684352,Outbound,,,C_FAKE_WHATSAPP,FAKE-WRAP-UP-COMPLETED,[LT] Fluxo_FAKE_v2,0ee7305e-4904-4586-93b6-f12e78a6d44a
YES,,Queue: C_FAKE_EMAIL,call,Enzo Gabriel das Neves; Maria Clara Moura,Sra. Maria Vitória Nascimento,06/25/25 10:22 PM,02/28/25 09:37 PM,1149954,Outbound,,,C_FAKE_CHAT,FAKE-WRAP-UP-TIMEOUT,[LT] Fluxo_FAKE_v1,698b6f94-4b2e-4335-a979-9c8ea5eaf9f6
YES,,Queue: C_FAKE_EMAIL,email,Raul Barros,Sr. Bryan Azevedo,08/10/25 02:50 PM,01/01/25 04:41 AM,1434483,Inbound,,,C_FAKE_WHATSAPP,FAKE-WRAP-UP-DELETED,[LT] Fluxo_FAKE_v1,0d0e1789-780f-4182-ad21-0d5a0d1e2c3f
YES,,Queue: C_FAKE_WHATSAPP,message,Luiz Felipe Moreira; Thiago da Luz,Moura S/A,02/27/25 05:01 PM,05/16/25 03:44 AM,1503636,Inbound,,,C_FAKE_SUPPORT,FAKE-WRAP-UP-TIMEOUT,[LT] Fluxo_FAKE_v2,793aec89-90ba-44d5-89ff-d40baa458d31
YES,,Queue: C_FAKE_CHAT,email,Rodrigo Dias; Dra. Mariane da Luz,Cardoso S/A,03/08/25 08:32 PM,08/29/25 07:47 PM,1356706,Outbound,,,C_FAKE_WHATSAPP,FAKE-WRAP-UP-DELETED,[LT] Fluxo_FAKE_v1,5d4e316d-787d-4207-a2bc-f839e6b65dbb
YES,,Queue: C_FAKE_WHATSAPP,call,Vitória Ribeiro; Pedro Ramos,Dias,08/21/25 04:26 PM,06/13/25 11:45 PM,1359246,Inbound/Outbound,,,C_FAKE_WHATSAPP,FAKE-WRAP-UP-TIMEOUT,[LT] Fluxo_FAKE_v1,bf9bcd4a-ddf8-4d38-9852-1e5652402243
YES,,Queue: C_FAKE_EMAIL,message,Sofia Lima; Vitor Hugo da Cunha,da Costa,05/29/25 11:12 PM,08/28/25 01:09 AM,118405,Outbound,,,C_FAKE_EMAIL,FAKE-WRAP-UP-DELETED,[LT] Fluxo_FAKE_v2,ab403ed7-4206-49be-bdf3-70a1c378205f
YES,,Queue: C_FAKE_CHAT,message,Bárbara Caldeira,Bruno Nunes,04/21/25 09:03 AM,02/13/25 09:17 PM,1453959,Outbound,,,C_FAKE_WHATSAPP,FAKE-WRAP-UP-COMPLETED,[LT] Fluxo_FAKE_v2,36107e5b-b803-4157-874f-ba7859669b9f
YES,,Queue: C_FAKE_CHAT,message,Evelyn Barbosa,Isabelly Carvalho,03/14/25 09:03 PM,04/03/25 01:38 PM,1770247,Inbound/Outbound,,,C_FAKE_EMAIL,FAKE-WRAP-UP-TIMEOUT,[LT] Fluxo_FAKE_v1,fbb97c38-c7ee-468b-affb-89b57565e38f
YES,,Queue: C_FAKE_WHATSAPP,call,Stella Dias; Vitória Pereira,Sarah Porto,05/28/25 07:31 AM,07/27/25 05:15 AM,604254,Inbound/Outbound,,,C_FAKE_WHATSAPP,FAKE-WRAP-UP-DELETED,[LT] Fluxo_FAKE_v2,e687cc1e-ad12-4e41-be58-ca2d1d7e8d27
YES,,Queue: C_FAKE_EMAIL,call,Stella Almeida; Gabrielly Mendes,Stella Carvalho,06/27/25 07:03 PM,04/27/25 11:11 PM,597730,Inbound,,,C_FAKE_WHATSAPP,FAKE-WRAP-UP-DELETED,[LT] Fluxo_FAKE_v3,ccc8c5f7-0be2-4ae9-a844-c2c199452b3d
YES,,Queue: C_FAKE_EMAIL,call,Dr. Paulo Novaes; Maitê Cardoso,Gabriel Azevedo,07/20/25 04:53 AM,01/23/25 03:30 PM,1487579,Outbound,,,C_FAKE_EMAIL,FAKE-WRAP-UP-DELETED,[LT] Fluxo_FAKE_v1,cc05d17b-d1c9-4bde-b4bc-95db3620dbd5
YES,,Queue: C_FAKE_CHAT,message,Dr. Davi Luiz Gomes,Moraes - ME,04/10/25 05:21 AM,04/14/25 02:56 AM,103877,Inbound,,,C_FAKE_WHATSAPP,FAKE-WRAP-UP-DELETED,[LT] Fluxo_FAKE_v1,9e00fe91-909f-4d3f-86dc-f78354a8d262
YES,,Queue: C_FAKE_WHATSAPP,message,Maria Eduarda Pinto,Diego Ferreira,05/26/25 04:51 AM,04/05/25 01:27 PM,985209,Inbound/Outbound,,,C_FAKE_WHATSAPP,FAKE-WRAP-UP-COMPLETED,[LT] Fluxo_FAKE_v1,70fdc01c-f958-4ff4-a536-1fff513d0f10
YES,,Queue: C_FAKE_CHAT,call,Dra. Ana Lívia Castro; Bryan Caldeira,Dra. Isadora Cardoso,07/27/25 11:24 AM,04/08/25 04:49 AM,544451,Outbound,,,C_FAKE_WHATSAPP,FAKE-WRAP-UP-COMPLETED,[LT] Fluxo_FAKE_v2,e5a63a1b-6c9e-43cb-ad6b-ec19690d40b1
YES,,Queue: C_FAKE_EMAIL,call,Mariana Vieira,Sabrina Martins,08/20/25 03:21 PM,03/28/25 08:39 AM,678523,Outbound,,,C_FAKE_CHAT,FAKE-WRAP-UP-COMPLETED,[LT] Fluxo_FAKE_v1,3e25b50c-138d-41d8-aa7b-5c60d189a330
YES,,Queue: C_FAKE_WHATSAPP,message,Dr. Cauã Santos; Cecília Barros,Laís da Paz,04/17/25 07:10 PM,07/26/25 01:25 PM,478870,Inbound,,,C_FAKE_WHATSAPP,FAKE-WRAP-UP-DELETED,[LT] Fluxo_FAKE_v1,0a35c8fe-c265-43b4-a0a9-5f2f0220dfc6
YES,,Queue: C_FAKE_CHAT,call,Danilo Peixoto,Davi Lucas Monteiro,08/28/25 07:23 AM,07/12/25 08:54 AM,1115631,Outbound,,,C_FAKE_WHATSAPP,FAKE-WRAP-UP-TIMEOUT,[LT] Fluxo_FAKE_v3,023702d6-225e-44fd-aeb3-9169a9a68fe6
YES,,Queue: C_FAKE_EMAIL,email,Dr. Gustavo Viana; Murilo Silveira,Vitória Vieira,02/09/25 02:28 PM,08/25/25 07:21 PM,999997,Inbound/Outbound,,,C_FAKE_CHAT,FAKE-WRAP-UP-COMPLETED,[LT] Fluxo_FAKE_v3,da96e847-1071-4211-b7e8-1dd824126fa2
YES,,Queue: C_FAKE_WHATSAPP,message,Lucas Fernandes,Porto,04/29/25 11:14 AM,05/31/25 03:20 AM,160706,Outbound,,,C_FAKE_CHAT,FAKE-WRAP-UP-TIMEOUT,[LT] Fluxo_FAKE_v1,9578ce6b-2cac-4acd-8b70-a26c01426da5
YES,,Queue: C_FAKE_CHAT,email,Lorenzo Cavalcanti; Rebeca Vieira,Rodrigo Ribeiro,03/11/25 11:56 PM,02/01/25 07:17 AM,705196,Inbound,,,C_FAKE_SUPPORT,FAKE-WRAP-UP-DELETED,[LT] Fluxo_FAKE_v1,754038e0-141a-4f65-ae06-112f4322d917
YES,,Queue: C_FAKE_WHATSAPP,call,Luiz Felipe Mendes,Ana Beatriz Fogaça,05/14/25 03:35 PM,02/25/25 10:42 PM,682964,Outbound,,,C_FAKE_SUPPORT,FAKE-WRAP-UP-DELETED,[LT] Fluxo_FAKE_v3,2e516039-e5a5-423f-9509-bb739f1a47c7
YES,,Queue: C_FAKE_WHATSAPP,message,Lavínia Pereira; Lívia Silveira,Viana,07/23/25 06:53 PM,06/29/25 01:03 AM,1501094,Outbound,,,C_FAKE_WHATSAPP,FAKE-WRAP-UP-COMPLETED,[LT] Fluxo_FAKE_v2,4b0ec40b-54a5-431f-b87b-acc1f0d2421a
YES,,Queue: C_FAKE_CHAT,message,Isaac Silva,Levi Gonçalves,01/27/25 09:39 PM,04/02/25 11:57 AM,1945940,Inbound/Outbound,,,C_FAKE_EMAIL,FAKE-WRAP-UP-DELETED,[LT] Fluxo_FAKE_v2,eb06756e-1d94-4769-8117-ee3547131514
YES,,Queue: C_FAKE_CHAT,email,Beatriz da Rosa; Agatha Melo,da Mata,06/26/25 04:35 AM,05/10/25 06:35 AM,956702,Outbound,,,C_FAKE_EMAIL,FAKE-WRAP-UP-COMPLETED,[LT] Fluxo_FAKE_v1,fce52055-1062-4761-bdb5-36ada9da5dd7
YES,,Queue: C_FAKE_EMAIL,call,Dra. Cecília Fernandes; Elisa Silveira,Alice Correia,03/01/25 11:50 AM,04/19/25 06:36 AM,118409,Outbound,,,C_FAKE_EMAIL,FAKE-WRAP-UP-COMPLETED,[LT] Fluxo_FAKE_v1,494dc24a-872a-44b3-ba3a-6c5cd76bd449
YES,,Queue: C_FAKE_EMAIL,message,Lucca Farias,Monteiro,06/08/25 02:39 AM,02/16/25 03:33 AM,276031,Inbound,,,C_FAKE_WHATSAPP,FAKE-WRAP-UP-TIMEOUT,[LT] Fluxo_FAKE_v2,fb2f297d-11e5-4363-a318-2010ebcea534
YES,,Queue: C_FAKE_WHATSAPP,call,Dr. Marcos Vinicius Nunes,Costela Duarte S/A,06/30/25 05:13 PM,01/11/25 11:03 PM,284588,Outbound,,,C_FAKE_CHAT,FAKE-WRAP-UP-DELETED,[LT] Fluxo_FAKE_v1,9d00841e-55d5-4d09-ab3c-15d6a8404845
YES,,Queue: C_FAKE_WHATSAPP,email,Luiz Henrique Araújo; Sr. Calebe Nascimento,Costela e Filhos,02/20/25 04:41 PM,06/24/25 01:44 PM,1872833,Inbound,,,C_FAKE_SUPPORT,FAKE-WRAP-UP-DELETED,[LT] Fluxo_FAKE_v3,3dc40804-4cac-404e-ac7e-5d49a2bafbbe
YES,,Queue: C_FAKE_WHATSAPP,call,Benjamin da Rosa; Nicole da Luz,Raquel Rodrigues,01/27/25 04:16 AM,07/28/25 12:13 PM,1689583,Inbound/Outbound,,,C_FAKE_WHATSAPP,FAKE-WRAP-UP-COMPLETED,[LT] Fluxo_FAKE_v1,2975a005-a611-46cc-a2bf-d68369f27da1
YES,,Queue: C_FAKE_CHAT,message,Heitor Ramos; Dr. Diogo Campos,Costela e Filhos,01/30/25 05:00 PM,03/23/25 10:36 AM,1411441,Outbound,,,C_FAKE_EMAIL,FAKE-WRAP-UP-COMPLETED,[LT] Fluxo_FAKE_v2,7dd5be8f-03ab-4a34-b2d2-c3a78b29c92e
YES,,Queue: C_FAKE_CHAT,message,Carolina Rodrigues; Sophie Barros,Kamilly Cardoso,05/04/25 08:49 PM,04/27/25 01:05 AM,1581675,Inbound,,,C_FAKE_SUPPORT,FAKE-WRAP-UP-TIMEOUT,[LT] Fluxo_FAKE_v1,82ba6beb-dc9c-43eb-9f61-97b458c26f68
YES,,Queue: C_FAKE_CHAT,call,Dr. João Miguel Dias; Dr. Igor Gonçalves,Silveira S/A,03/06/25 04:13 AM,09/02/25 01:50 AM,1088323,Outbound,,,C_FAKE_EMAIL,FAKE-WRAP-UP-COMPLETED,[LT] Fluxo_FAKE_v1,85b26663-ae3f-4d5f-8d0c-b808dac17492
YES,,Queue: C_FAKE_EMAIL,call,Joaquim Cunha; Davi Luiz Silveira,Pinto,08/15/25 07:16 PM,01/17/25 02:50 AM,1651126,Outbound,,,C_FAKE_CHAT,FAKE-WRAP-UP-DELETED,[LT] Fluxo_FAKE_v1,d58ce487-50eb-4a02-ace2-2b67e94d1133
YES,,Queue: C_FAKE_CHAT,email,Emanuelly Nogueira; Raquel Souza,da Luz,07/28/25 11:52 AM,07/14/25 06:19 PM,1193404,Inbound,,,C_FAKE_WHATSAPP,FAKE-WRAP-UP-DELETED,[LT] Fluxo_FAKE_v2,b1536a03-fe58-4a7e-a804-8757e3fbd382
YES,,Queue: C_FAKE_WHATSAPP,message,Esther Porto,Melo S.A.,01/18/25 06:21 AM,04/05/25 04:37 AM,1099896,Outbound,,,C_FAKE_EMAIL,FAKE-WRAP-UP-COMPLETED,[LT] Fluxo_FAKE_v3,d6f8e0d6-3860-4a9d-ab7b-36aa14493be4
YES,,Queue: C_FAKE_CHAT,call,Bárbara Viana; Laís Carvalho,Srta. Cecília da Cruz,01/07/25 12:18 PM,03/22/25 06:33 PM,1949060,Inbound/Outbound,,,C_FAKE_WHATSAPP,FAKE-WRAP-UP-COMPLETED,[LT] Fluxo_FAKE_v2,61b2d992-f1d4-44f2-aebe-44cede11e863
YES,,Queue: C_FAKE_CHAT,email,Larissa Gonçalves,Yuri Pires,07/06/25 02:51 PM,07/31/25 05:04 PM,331673,Outbound,,,C_FAKE_SUPPORT,FAKE-WRAP-UP-DELETED,[LT] Fluxo_FAKE_v2,f1da8d08-6d6f-4d8e-a2dc-f4cb63a28b1d
YES,,Queue: C_FAKE_CHAT,call,Pietra Mendes,Lucas da Conceição,07/25/25 12:21 PM,06/29/25 05:18 PM,1944538,Inbound/Outbound,,,C_FAKE_CHAT,FAKE-WRAP-UP-COMPLETED,[LT] Fluxo_FAKE_v1,07707e0e-fb47-47de-a0f3-bb28bd20c06b
YES,,Queue: C_FAKE_CHAT,call,Srta. Brenda Almeida,Luana Porto,08/06/25 09:15 PM,03/29/25 11:06 PM,272193,Outbound,,,C_FAKE_SUPPORT,FAKE-WRAP-UP-DELETED,[LT] Fluxo_FAKE_v2,f84e9845-7008-4e88-84c5-6f4cd4c705a9
YES,,Queue: C_FAKE_CHAT,call,Vinicius Almeida; Carolina Teixeira,Enzo Gabriel Fogaça,09/05/25 04:02 PM,09/03/25 10:44 PM,1709053,Inbound/Outbound,,,C_FAKE_EMAIL,FAKE-WRAP-UP-COMPLETED,[LT] Fluxo_FAKE_v1,c11fda29-debd-453c-9032-306158d24990
YES,,Queue: C_FAKE_CHAT,message,Rafaela Moura; Elisa Mendes,da Luz,03/16/25 09:45 PM,02/20/25 02:58 AM,1996313,Inbound,,,C_FAKE_WHATSAPP,FAKE-WRAP-UP-COMPLETED,[LT] Fluxo_FAKE_v1,d6d70a89-d9f3-4979-8de1-5c3edbd8e681
YES,,Queue: C_FAKE_WHATSAPP,call,Luna Azevedo,Fernando Melo,03/24/25 04:58 PM,05/12/25 09:49 PM,594771,Inbound/Outbound,,,C_FAKE_WHATSAPP,FAKE-WRAP-UP-COMPLETED,[LT] Fluxo_FAKE_v1,9581c2f1-b4a9-4e0b-9b40-7ea187de9cb5
YES,,Queue: C_FAKE_EMAIL,email,Clara Caldeira; Yago Rezende,Costela da Cunha - EI,05/14/25 05:57 PM,06/24/25 01:10 AM,1955319,Inbound/Outbound,,,C_FAKE_WHATSAPP,FAKE-WRAP-UP-DELETED,[LT] Fluxo_FAKE_v1,4fea88cf-05cc-4354-a95e-9a2cec3b5e39
YES,,Queue: C_FAKE_WHATSAPP,message,Srta. Valentina Fernandes,Vitor Hugo da Costa,05/09/25 01:46 PM,05/13/25 09:22 PM,1199550,Inbound,,,C_FAKE_CHAT,FAKE-WRAP-UP-COMPLETED,[LT] Fluxo_FAKE_v3,6919732f-e882-48ee-8a54-9fd05676dc02
YES,,Queue: C_FAKE_CHAT,email,Maria das Neves,Ramos,01/16/25 12:30 AM,04/24/25 08:33 PM,289065,Outbound,,,C_FAKE_WHATSAPP,FAKE-WRAP-UP-COMPLETED,[LT] Fluxo_FAKE_v2,7a077232-6a62-4b9c-9a9f-ace21ab0dc51
YES,,Queue: C_FAKE_CHAT,call,Maria Alice Campos; Dr. Pedro Miguel Gomes,Melissa Ramos,04/01/25 10:17 AM,07/24/25 09:59 PM,1174351,Inbound,,,C_FAKE_SUPPORT,FAKE-WRAP-UP-DELETED,[LT] Fluxo_FAKE_v2,fc8ae9bd-c969-4fac-9766-92bd6416e20b
YES,,Queue: C_FAKE_WHATSAPP,email,Dr. Otávio Alves; Guilherme Silva,Pinto,07/13/25 11:18 PM,03/30/25 03:34 PM,559369,Inbound,,,C_FAKE_CHAT,FAKE-WRAP-UP-COMPLETED,[LT] Fluxo_FAKE_v3,2da61acf-b630-4d90-affa-40f7350cf740
YES,,Queue: C_FAKE_CHAT,email,Ana Julia da Cruz; Marcelo Melo,Dr. Ryan Pires,01/12/25 06:22 AM,01/05/25 02:29 AM,877104,Inbound,,,C_FAKE_CHAT,FAKE-WRAP-UP-TIMEOUT,[LT] Fluxo_FAKE_v2,e4239023-6c59-4f2e-9959-0bbba8c3a7b7
YES,,Queue: C_FAKE_EMAIL,message,Erick Ferreira,Freitas,03/04/25 12:08 AM,06/13/25 06:57 PM,1246051,Inbound,,,C_FAKE_WHATSAPP,FAKE-WRAP-UP-TIMEOUT,[LT] Fluxo_FAKE_v1,699edeed-7cfa-400c-8822-5318464b53f2
YES,,Queue: C_FAKE_CHAT,message,Pedro Miguel Martins; Benício Cardoso,Theo Barros,03/29/25 12:46 PM,04/06/25 02:59 AM,1820729,Inbound,,,C_FAKE_CHAT,FAKE-WRAP-UP-DELETED,[LT] Fluxo_FAKE_v1,b19d78e3-0768-470c-82fb-a3d1936f88ce
YES,,Queue: C_FAKE_WHATSAPP,call,Erick Santos,Carvalho,05/26/25 11:50 PM,02/25/25 08:08 PM,1607929,Inbound/Outbound,,,C_FAKE_SUPPORT,FAKE-WRAP-UP-TIMEOUT,[LT] Fluxo_FAKE_v2,5b193a9b-3f6c-4df5-b94d-f2c98b575c11
YES,,Queue: C_FAKE_CHAT,email,Maria Clara Barros,Sr. Arthur Viana,01/07/25 01:35 PM,02/15/25 10:13 AM,866032,Inbound/Outbound,,,C_FAKE_CHAT,FAKE-WRAP-UP-TIMEOUT,[LT] Fluxo_FAKE_v3,34eab001-37ec-4916-9190-64285db08ee1
YES,,Queue: C_FAKE_CHAT,message,Emilly da Paz,Nunes,06/28/25 12:27 AM,01/09/25 05:22 AM,1147601,Outbound,,,C_FAKE_SUPPORT,FAKE-WRAP-UP-DELETED,[LT] Fluxo_FAKE_v3,73297c98-a7eb-4d25-a2c9-8d782119d4ff
YES,,Queue: C_FAKE_WHATSAPP,message,Bárbara Silva; Ana Julia Lopes,Moreira,08/25/25 04:23 AM,06/17/25 01:48 PM,1596293,Inbound,,,C_FAKE_CHAT,FAKE-WRAP-UP-DELETED,[LT] Fluxo_FAKE_v1,7672317d-5e3b-4441-9ef9-8613a8f90d8e
YES,,Queue: C_FAKE_WHATSAPP,email,Dra. Natália Gonçalves,Dr. Joaquim Mendes,08/26/25 12:34 PM,08/10/25 09:10 AM,1453743,Inbound/Outbound,,,C_FAKE_CHAT,FAKE-WRAP-UP-DELETED,[LT] Fluxo_FAKE_v2,0681cc00-5e2b-4f96-b9ec-58425ef04225
YES,,Queue: C_FAKE_EMAIL,message,Dr. Pietro Duarte,Cunha,08/07/25 04:53 PM,09/03/25 06:23 AM,554887,Inbound,,,C_FAKE_CHAT,FAKE-WRAP-UP-COMPLETED,[LT] Fluxo_FAKE_v1,4ce48e87-1d5f-432f-b16f-afaf153e1a00
YES,,Queue: C_FAKE_CHAT,message,Isabelly Gomes,das Neves - EI,05/14/25 11:23 PM,03/04/25 07:32 AM,1515062,Inbound,,,C_FAKE_SUPPORT,FAKE-WRAP-UP-COMPLETED,[LT] Fluxo_FAKE_v1,bd339897-2188-4028-901d-0201b08eca45
YES,,Queue: C_FAKE_WHATSAPP,call,Isabelly da Conceição,Ramos e Filhos,07/25/25 04:10 PM,09/08/25 02:03 PM,1177517,Outbound,,,C_FAKE_CHAT,FAKE-WRAP-UP-COMPLETED,[LT] Fluxo_FAKE_v2,c65c0c2a-29fd-4415-8028-df6cf9fd0365
YES,,Queue: C_FAKE_CHAT,message,João Vitor Lopes,Bernardo da Mata,02/05/25 10:27 PM,04/27/25 06:19 AM,968445,Inbound,,,C_FAKE_WHATSAPP,FAKE-WRAP-UP-COMPLETED,[LT] Fluxo_FAKE_v3,7dce18b0-5fcf-4f6f-a85d-8edad50d12c2
YES,,Queue: C_FAKE_WHATSAPP,call,Thales Gonçalves,Sr. Benício da Rocha,01/16/25 04:11 PM,02/22/25 03:00 PM,1775194,Outbound,,,C_FAKE_CHAT,FAKE-WRAP-UP-DELETED,[LT] Fluxo_FAKE_v2,c3d94859-62be-4e5c-a173-eba1793cd1d9
YES,,Queue: C_FAKE_WHATSAPP,message,Emanuella Rezende,Araújo Silva e Filhos,08/01/25 09:42 AM,02/24/25 10:50 PM,273403,Inbound/Outbound,,,C_FAKE_WHATSAPP,FAKE-WRAP-UP-COMPLETED,[LT] Fluxo_FAKE_v2,3044ffc4-0e82-4f50-b379-6ab24cd8f531
YES,,Queue: C_FAKE_EMAIL,email,Sra. Nina Duarte,Carvalho da Cunha e Filhos,04/21/25 11:51 AM,04/21/25 11:12 PM,1162563,Inbound,,,C_FAKE_EMAIL,FAKE-WRAP-UP-TIMEOUT,[LT] Fluxo_FAKE_v3,2c415f60-b3c5-43ba-bc9d-ea9702759964
YES,,Queue: C_FAKE_EMAIL,call,Catarina Pinto,Gonçalves Aragão - EI,04/08/25 06:57 AM,02/05/25 01:13 AM,999804,Outbound,,,C_FAKE_EMAIL,FAKE-WRAP-UP-TIMEOUT,[LT] Fluxo_FAKE_v2,16ab05a3-b76f-49b9-8c16-687d2d102257
YES,,Queue: C_FAKE_EMAIL,email,Alícia Moreira; Dra. Bárbara Moraes,Lopes,08/15/25 09:54 AM,08/09/25 03:51 PM,757767,Inbound/Outbound,,,C_FAKE_EMAIL,FAKE-WRAP-UP-DELETED,[LT] Fluxo_FAKE_v2,4845ac27-06e3-4d30-b518-4d1c0fa64182
YES,,Queue: C_FAKE_CHAT,message,Maria Fernandes,Cunha e Filhos,04/02/25 09:53 PM,03/01/25 06:06 PM,319055,Inbound/Outbound,,,C_FAKE_SUPPORT,FAKE-WRAP-UP-DELETED,[LT] Fluxo_FAKE_v1,0216d820-6819-4119-8d6f-c56d532dcae4
YES,,Queue: C_FAKE_EMAIL,email,Marcos Vinicius Carvalho,da Rocha Ltda.,04/01/25 01:47 PM,04/12/25 05:53 PM,1475990,Outbound,,,C_FAKE_WHATSAPP,FAKE-WRAP-UP-DELETED,[LT] Fluxo_FAKE_v1,5dec7ccc-b5c5-4d9f-8099-527acd11435d
YES,,Queue: C_FAKE_EMAIL,email,Ana Clara da Paz; Noah Pinto,Rezende Pereira - EI,06/11/25 01:30 PM,02/03/25 08:36 PM,1054359,Inbound,,,C_FAKE_SUPPORT,FAKE-WRAP-UP-COMPLETED,[LT] Fluxo_FAKE_v1,4a54a5f3-3d3d-4d08-be5a-86ad2f8611d5
YES,,Queue: C_FAKE_CHAT,email,Carlos Eduardo Correia; Antônio da Cunha,da Rocha - EI,02/02/25 11:03 AM,03/28/25 09:51 PM,1072028,Outbound,,,C_FAKE_CHAT,FAKE-WRAP-UP-DELETED,[LT] Fluxo_FAKE_v2,97917131-4a3d-4276-979e-ce590a18501d
YES,,Queue: C_FAKE_WHATSAPP,email,Matheus Azevedo; Pedro Henrique Souza,Viana e Filhos,07/25/25 04:02 AM,01/28/25 06:38 AM,342720,Inbound/Outbound,,,C_FAKE_WHATSAPP,FAKE-WRAP-UP-COMPLETED,[LT] Fluxo_FAKE_v3,6983e150-ad6b-4c9b-a13d-98d29411bd59
YES,,Queue: C_FAKE_WHATSAPP,message,João Guilherme da Cruz,Carlos Eduardo Cavalcanti,08/12/25 02:02 PM,08/18/25 04:01 AM,112155,Inbound/Outbound,,,C_FAKE_CHAT,FAKE-WRAP-UP-TIMEOUT,[LT] Fluxo_FAKE_v2,11f24fd8-2771-45f8-835c-f16b093ddf52
YES,,Queue: C_FAKE_CHAT,email,Clara da Mota; Dr. Matheus da Rocha,Leonardo da Costa,04/01/25 04:25 PM,06/17/25 09:33 AM,244499,Inbound/Outbound,,,C_FAKE_WHATSAPP,FAKE-WRAP-UP-TIMEOUT,[LT] Fluxo_FAKE_v1,6610b404-a043-4992-9cd1-e2d9e18950ef
YES,,Queue: C_FAKE_WHATSAPP,message,Ana Beatriz Jesus; Dra. Ana Clara Rocha,Alves e Filhos,03/26/25 12:41 PM,08/01/25 06:23 PM,833551,Inbound,,,C_FAKE_WHATSAPP,FAKE-WRAP-UP-TIMEOUT,[LT] Fluxo_FAKE_v1,9e4e31cf-179d-4728-902c-e1fce6e3c5e0
YES,,Queue: C_FAKE_WHATSAPP,email,Luiz Fernando Rocha,Arthur Martins,01/12/25 05:13 PM,02/13/25 12:03 PM,1488455,Inbound/Outbound,,,C_FAKE_EMAIL,FAKE-WRAP-UP-DELETED,[LT] Fluxo_FAKE_v3,c81ee77d-34b8-432c-b8e0-96ef3d3ac0ba
YES,,Queue: C_FAKE_WHATSAPP,call,Anthony Farias; Francisco Moura,Alice Sales,01/30/25 06:05 PM,04/10/25 11:02 AM,1962011,Inbound,,,C_FAKE_CHAT,FAKE-WRAP-UP-DELETED,[LT] Fluxo_FAKE_v2,c51b3ac7-7989-4ad6-84ec-d2aee4f5297c
YES,,Queue: C_FAKE_WHATSAPP,message,Isabel Caldeira,Sra. Laís Monteiro,03/01/25 02:41 PM,05/20/25 01:47 AM,665970,Outbound,,,C_FAKE_SUPPORT,FAKE-WRAP-UP-COMPLETED,[LT] Fluxo_FAKE_v2,75901dc5-a72c-4d57-9c12-e54bb51dd156
YES,,Queue: C_FAKE_EMAIL,email,Enzo Gabriel Cardoso; Sophia da Rocha,João Vitor Araújo,03/18/25 01:25 AM,07/13/25 04:41 AM,1622106,Outbound,,,C_FAKE_CHAT,FAKE-WRAP-UP-TIMEOUT,[LT] Fluxo_FAKE_v2,ba640f90-80fa-47b2-a47a-355ef5ada7db
YES,,Queue: C_FAKE_EMAIL,message,Bryan Caldeira,Dr. Antônio da Mota,08/11/25 03:49 PM,08/26/25 04:44 PM,1930230,Outbound,,,C_FAKE_CHAT,FAKE-WRAP-UP-TIMEOUT,[LT] Fluxo_FAKE_v3,34ad9f5d-c580-4d91-9c16-31bb610db9e1
YES,,Queue: C_FAKE_EMAIL,message,Kevin Nunes; Alexia Alves,Freitas,06/06/25 08:26 AM,08/20/25 10:16 PM,1978560,Inbound/Outbound,,,C_FAKE_CHAT,FAKE-WRAP-UP-DELETED,[LT] Fluxo_FAKE_v2,659b6536-f7c4-4418-9659-21e3dcd771f5
YES,,Queue: C_FAKE_WHATSAPP,email,Nina Farias,Srta. Stella Farias,03/26/25 05:46 PM,06/29/25 02:48 AM,1955272,Outbound,,,C_FAKE_SUPPORT,FAKE-WRAP-UP-COMPLETED,[LT] Fluxo_FAKE_v2,1bac1c4a-7e3f-4a28-877e-c64e0f2c0147
YES,,Queue: C_FAKE_CHAT,call,Dra. Gabrielly Silveira; Yuri Araújo,Luna Campos,04/17/25 01:06 PM,01/19/25 08:34 PM,931299,Inbound,,,C_FAKE_WHATSAPP,FAKE-WRAP-UP-TIMEOUT,[LT] Fluxo_FAKE_v1,3fe8e098-32a9-4f44-abbd-3b4e8f370139
YES,,Queue: C_FAKE_WHATSAPP,message,Enrico Jesus,Araújo Nunes Ltda.,07/27/25 02:03 PM,07/10/25 03:42 PM,1381039,Outbound,,,C_FAKE_EMAIL,FAKE-WRAP-UP-DELETED,[LT] Fluxo_FAKE_v2,b222e140-e1b6-4b0d-890a-59444b0c0c53
YES,,Queue: C_FAKE_WHATSAPP,message,Olivia Souza,Caroline da Cunha,04/05/25 12:42 PM,07/01/25 07:11 PM,770181,Inbound/Outbound,,,C_FAKE_WHATSAPP,FAKE-WRAP-UP-TIMEOUT,[LT] Fluxo_FAKE_v1,01550f52-bb72-42dd-998b-183d55c61577
YES,,Queue: C_FAKE_WHATSAPP,email,Luna da Mata; Luiz Miguel Martins,Moura Vieira Ltda.,04/17/25 01:06 PM,05/19/25 06:49 AM,931653,Outbound,,,C_FAKE_WHATSAPP,FAKE-WRAP-UP-TIMEOUT,[LT] Fluxo_FAKE_v1,1cd15e09-dec9-4da8-bfba-47b950fd4b74
YES,,Queue: C_FAKE_EMAIL,email,Pedro Henrique Correia,Araújo,03/25/25 09:48 AM,05/01/25 04:59 PM,1162467,Inbound,,,C_FAKE_CHAT,FAKE-WRAP-UP-TIMEOUT,[LT] Fluxo_FAKE_v1,c73db7d2-2a43-4bbf-9ca7-889884f61a6e
YES,,Queue: C_FAKE_CHAT,message,Kevin Sales,Maria Eduarda da Rocha,08/01/25 05:54 PM,07/09/25 10:10 PM,1942053,Outbound,,,C_FAKE_EMAIL,FAKE-WRAP-UP-COMPLETED,[LT] Fluxo_FAKE_v2,90060c5a-e0c6-4d63-a579-1c663209256b
YES,,Queue: C_FAKE_WHATSAPP,email,Caroline da Conceição; Luiz Otávio Aragão,Francisco Duarte,06/09/25 04:36 PM,04/10/25 03:54 AM,456064,Outbound,,,C_FAKE_SUPPORT,FAKE-WRAP-UP-COMPLETED,[LT] Fluxo_FAKE_v3,4faadd5b-84d5-408b-9d35-25fb7060b699
YES,,Queue: C_FAKE_CHAT,message,Kamilly Freitas,Larissa Rocha,04/14/25 04:57 AM,02/08/25 03:53 AM,673903,Inbound,,,C_FAKE_WHATSAPP,FAKE-WRAP-UP-TIMEOUT,[LT] Fluxo_FAKE_v3,c4480511-7db8-4266-bb1b-7e976494c179
YES,,Queue: C_FAKE_CHAT,message,Cauê Azevedo,Daniela Cavalcanti,06/27/25 02:58 PM,05/10/25 07:00 AM,1546585,Inbound,,,C_FAKE_WHATSAPP,FAKE-WRAP-UP-DELETED,[LT] Fluxo_FAKE_v3,9338eda6-2b2d-4a24-a3e8-2c6d585f7f91
YES,,Queue: C_FAKE_EMAIL,message,Luana Nunes,Cauã Ferreira,05/20/25 04:03 AM,07/19/25 09:06 AM,1260754,Outbound,,,C_FAKE_CHAT,FAKE-WRAP-UP-COMPLETED,[LT] Fluxo_FAKE_v3,1a7af3f8-834b-4382-813f-37e44d49f390
YES,,Queue: C_FAKE_EMAIL,call,Vinicius Fogaça,Bruno Moura,06/20/25 03:37 PM,03/11/25 05:31 AM,676424,Inbound/Outbound,,,C_FAKE_WHATSAPP,FAKE-WRAP-UP-TIMEOUT,[LT] Fluxo_FAKE_v1,4fc5668b-b4ec-4e8e-9cdc-849a8b46de99
YES,,Queue: C_FAKE_CHAT,message,Srta. Pietra Nascimento,Breno Peixoto,07/29/25 07:59 AM,05/29/25 01:07 AM,1838494,Outbound,,,C_FAKE_SUPPORT,FAKE-WRAP-UP-COMPLETED,[LT] Fluxo_FAKE_v2,62ff74f4-4e92-478b-9a1b-32281e4677ae
YES,,Queue: C_FAKE_EMAIL,message,Eduardo Nascimento,Bryan Silveira,08/24/25 10:58 PM,03/06/25 02:49 PM,1401112,Outbound,,,C_FAKE_EMAIL,FAKE-WRAP-UP-DELETED,[LT] Fluxo_FAKE_v1,05aaa842-bf93-4d24-bf9e-ba036650aee8
YES,,Queue: C_FAKE_EMAIL,email,Dr. Joaquim Fogaça,Monteiro,04/11/25 06:38 AM,03/10/25 03:18 AM,1929567,Inbound,,,C_FAKE_SUPPORT,FAKE-WRAP-UP-TIMEOUT,[LT] Fluxo_FAKE_v1,f8434845-8032-4ee2-a5f2-d47ebdd427f3
YES,,Queue: C_FAKE_CHAT,email,João Miguel Santos,Dias,07/14/25 02:46 AM,06/25/25 01:39 PM,335430,Inbound,,,C_FAKE_CHAT,FAKE-WRAP-UP-TIMEOUT,[LT] Fluxo_FAKE_v1,ce9496ac-4454-43e0-bd17-6bf316e9ca3c
YES,,Queue: C_FAKE_EMAIL,call,Eduardo Gonçalves; Emanuelly Lopes,Joaquim Moraes,06/09/25 08:00 AM,06/14/25 03:53 PM,1014691,Inbound/Outbound,,,C_FAKE_SUPPORT,FAKE-WRAP-UP-TIMEOUT,[LT] Fluxo_FAKE_v1,fe12ec0d-3b1a-4f9f-8245-16b60756682b
YES,,Queue: C_FAKE_WHATSAPP,call,Bryan Carvalho; Júlia Cunha,Sales da Costa S.A.,07/22/25 11:32 PM,05/27/25 04:22 AM,116328,Inbound/Outbound,,,C_FAKE_CHAT,FAKE-WRAP-UP-TIMEOUT,[LT] Fluxo_FAKE_v2,e83783fc-78b9-4e7f-9648-93f0ccc3be47
YES,,Queue: C_FAKE_EMAIL,message,Rodrigo Costela; Srta. Milena Pires,Nogueira Souza S.A.,07/27/25 07:18 PM,05/23/25 06:45 PM,1691474,Inbound/Outbound,,,C_FAKE_SUPPORT,FAKE-WRAP-UP-DELETED,[LT] Fluxo_FAKE_v3,0e2bbb42-dfef-4149-893e-1531a87a90a7
YES,,Queue: C_FAKE_EMAIL,email,Giovanna Porto,da Mota Ltda.,01/12/25 09:48 AM,08/23/25 06:54 PM,950086,Inbound,,,C_FAKE_CHAT,FAKE-WRAP-UP-DELETED,[LT] Fluxo_FAKE_v2,aed70096-6809-4364-95c4-c4cb92d6948b
YES,,Queue: C_FAKE_CHAT,email,Sr. Marcelo Correia; Diogo Oliveira,Aragão,04/04/25 10:04 AM,04/17/25 08:04 PM,1850681,Inbound,,,C_FAKE_CHAT,FAKE-WRAP-UP-TIMEOUT,[LT] Fluxo_FAKE_v2,407b0c89-a0dc-419e-8716-b3ded0f587a8
YES,,Queue: C_FAKE_CHAT,message,Emanuelly da Mota,Sra. Letícia Azevedo,01/07/25 01:21 AM,06/13/25 02:25 AM,795902,Inbound,,,C_FAKE_WHATSAPP,FAKE-WRAP-UP-COMPLETED,[LT] Fluxo_FAKE_v1,ed8e4c6d-7cac-4611-8f7b-05a72c3769be
YES,,Queue: C_FAKE_CHAT,call,Helena Melo,Lima S.A.,08/19/25 03:42 PM,05/19/25 12:33 AM,1353953,Inbound,,,C_FAKE_CHAT,FAKE-WRAP-UP-TIMEOUT,[LT] Fluxo_FAKE_v2,bfb468fd-9cf1-48bd-88fb-40f1414d1f46
YES,,Queue: C_FAKE_WHATSAPP,call,Lara Melo; Daniel Cardoso,Dra. Lorena Moraes,06/18/25 11:38 PM,02/20/25 03:42 PM,1924682,Inbound/Outbound,,,C_FAKE_WHATSAPP,FAKE-WRAP-UP-DELETED,[LT] Fluxo_FAKE_v3,802018a8-2b26-4d9a-97c1-68fb7982b4a4
YES,,Queue: C_FAKE_CHAT,call,André Correia; Sofia Campos,da Rocha,04/16/25 04:59 AM,04/29/25 08:26 PM,1979241,Inbound,,,C_FAKE_EMAIL,FAKE-WRAP-UP-TIMEOUT,[LT] Fluxo_FAKE_v2,c87ce81d-a98a-421b-9478-259f76014bc2
YES,,Queue: C_FAKE_CHAT,call,Samuel Lopes; Carolina Dias,Sr. Juan da Rosa,08/02/25 09:51 PM,03/30/25 12:40 PM,950531,Inbound,,,C_FAKE_CHAT,FAKE-WRAP-UP-DELETED,[LT] Fluxo_FAKE_v1,474ba340-6c2d-4000-a98c-e609d2c494e1
YES,,Queue: C_FAKE_EMAIL,email,Dra. Maria Rodrigues; Srta. Nina Barbosa,Bryan Pires,01/05/25 10:55 PM,06/30/25 03:15 PM,853924,Inbound,,,C_FAKE_WHATSAPP,FAKE-WRAP-UP-DELETED,[LT] Fluxo_FAKE_v1,1a7b0888-f229-4380-b748-e0058e622f61
YES,,Queue: C_FAKE_EMAIL,call,Rodrigo Gomes,Porto,06/07/25 07:12 AM,01/30/25 02:02 AM,1858406,Inbound/Outbound,,,C_FAKE_SUPPORT,FAKE-WRAP-UP-DELETED,[LT] Fluxo_FAKE_v1,0a7bf7f2-3d49-41d7-bd0a-239abcd7bda6
YES,,Queue: C_FAKE_EMAIL,call,Yago Jesus; Esther Carvalho,Sra. Camila Farias,05/02/25 04:54 PM,05/17/25 03:52 AM,1003685,Outbound,,,C_FAKE_WHATSAPP,FAKE-WRAP-UP-DELETED,[LT] Fluxo_FAKE_v1,ff17bd6f-c984-44fb-a656-1ffcc61c3d58
YES,,Queue: C_FAKE_EMAIL,call,Catarina da Rosa; Bárbara Teixeira,Moraes,06/07/25 10:26 AM,07/11/25 01:14 AM,1124213,Inbound/Outbound,,,C_FAKE_EMAIL,FAKE-WRAP-UP-DELETED,[LT] Fluxo_FAKE_v2,1febf83d-8e07-4c16-be59-0f3b92e32273
YES,,Queue: C_FAKE_WHATSAPP,email,Cecília Barros,Kaique Martins,05/27/25 10:32 PM,04/17/25 09:06 AM,250651,Inbound,,,C_FAKE_SUPPORT,FAKE-WRAP-UP-COMPLETED,[LT] Fluxo_FAKE_v1,b6027a95-f359-42e3-b4d3-0179a3206fba
YES,,Queue: C_FAKE_WHATSAPP,email,Ana Luiza Cardoso; Sr. Thomas Campos,Azevedo,07/22/25 02:58 PM,08/19/25 09:18 PM,351362,Inbound,,,C_FAKE_EMAIL,FAKE-WRAP-UP-TIMEOUT,[LT] Fluxo_FAKE_v1,b8b66101-eeaf-448f-92af-19a847107b23
YES,,Queue: C_FAKE_WHATSAPP,message,Luigi Costa; Kaique Costa,Heitor Nunes,04/11/25 02:49 AM,04/09/25 08:50 PM,1655269,Outbound,,,C_FAKE_SUPPORT,FAKE-WRAP-UP-TIMEOUT,[LT] Fluxo_FAKE_v1,14ebfcda-a64e-48d0-b66a-97eb61bf4326
YES,,Queue: C_FAKE_WHATSAPP,email,Nathan Santos,Caldeira Ramos Ltda.,04/28/25 08:11 PM,03/08/25 11:27 PM,1282864,Inbound/Outbound,,,C_FAKE_WHATSAPP,FAKE-WRAP-UP-DELETED,[LT] Fluxo_FAKE_v3,df8798f2-4d4e-4528-8477-5de9bb4099bf
YES,,Queue: C_FAKE_CHAT,email,Clara Silveira; Milena Mendes,Srta. Eduarda Sales,07/07/25 12:30 PM,04/24/25 01:17 PM,387669,Inbound,,,C_FAKE_WHATSAPP,FAKE-WRAP-UP-DELETED,[LT] Fluxo_FAKE_v1,f8a659fe-d6ba-40d7-acb8-85988f3fd6c5
YES,,Queue: C_FAKE_CHAT,message,Sra. Laís Almeida,Lucas Costa,09/03/25 03:32 PM,02/27/25 02:26 AM,115740,Outbound,,,C_FAKE_WHATSAPP,FAKE-WRAP-UP-TIMEOUT,[LT] Fluxo_FAKE_v3,5596eef9-2c2e-4357-be04-20265733fba4
YES,,Queue: C_FAKE_EMAIL,email,Davi Lucca Carvalho,Sabrina Araújo,08/02/25 07:58 PM,03/05/25 11:13 AM,1304249,Inbound/Outbound,,,C_FAKE_WHATSAPP,FAKE-WRAP-UP-DELETED,[LT] Fluxo_FAKE_v1,7baa87f7-67fb-47a6-aa7e-c945c1448390
YES,,Queue: C_FAKE_EMAIL,call,Maria Luiza Caldeira,Nunes,06/09/25 11:30 PM,01/08/25 02:01 PM,516962,Inbound,,,C_FAKE_CHAT,FAKE-WRAP-UP-TIMEOUT,[LT] Fluxo_FAKE_v2,5c4f5965-6e2d-4c58-8a88-527a25fdb592
YES,,Queue: C_FAKE_WHATSAPP,message,Srta. Maria Clara da Rosa,Melissa Moreira,06/28/25 09:40 AM,01/25/25 12:51 PM,1628996,Inbound/Outbound,,,C_FAKE_SUPPORT,FAKE-WRAP-UP-TIMEOUT,[LT] Fluxo_FAKE_v1,c20b04e3-670a-469a-8eb4-502568ed0e6f
YES,,Queue: C_FAKE_WHATSAPP,message,Marcela Cunha,Vitor Almeida,01/06/25 09:17 AM,03/15/25 08:47 AM,433258,Inbound,,,C_FAKE_CHAT,FAKE-WRAP-UP-COMPLETED,[LT] Fluxo_FAKE_v2,78ee5359-beb9-402a-be36-d4f8aed04785
YES,,Queue: C_FAKE_WHATSAPP,email,Vitor Gabriel Aragão; Amanda Farias,Silveira,01/24/25 02:25 PM,07/24/25 10:47 PM,1215049,Inbound/Outbound,,,C_FAKE_SUPPORT,FAKE-WRAP-UP-TIMEOUT,[LT] Fluxo_FAKE_v3,bbb15da9-c076-4606-831a-0705a1aae0f9
YES,,Queue: C_FAKE_CHAT,call,Raquel Pinto,da Cunha Azevedo - ME,01/14/25 03:22 PM,08/10/25 02:44 PM,1226350,Inbound/Outbound,,,C_FAKE_WHATSAPP,FAKE-WRAP-UP-DELETED,[LT] Fluxo_FAKE_v1,83cd2fa7-e3de-4e31-a3a9-4b00f6c24fd9
YES,,Queue: C_FAKE_EMAIL,call,Gabriel Santos,da Costa,06/19/25 12:18 AM,07/10/25 11:02 PM,1920724,Outbound,,,C_FAKE_EMAIL,FAKE-WRAP-UP-COMPLETED,[LT] Fluxo_FAKE_v1,70b4c0d9-8a73-40fd-8df1-a4adb8f8247b
YES,,Queue: C_FAKE_CHAT,message,Nina da Luz,Monteiro,01/24/25 12:23 AM,07/04/25 09:11 AM,570929,Inbound,,,C_FAKE_WHATSAPP,FAKE-WRAP-UP-TIMEOUT,[LT] Fluxo_FAKE_v2,dd0d27dd-ac56-4de4-8951-5159cc66c8a1
YES,,Queue: C_FAKE_CHAT,message,Joaquim Novaes,Dr. Daniel Pereira,07/02/25 09:01 PM,06/03/25 11:13 AM,1460297,Outbound,,,C_FAKE_EMAIL,FAKE-WRAP-UP-COMPLETED,[LT] Fluxo_FAKE_v3,16fdef9e-46b3-43a6-ad4e-accc5c467deb
YES,,Queue: C_FAKE_CHAT,message,Maitê da Cruz; Ana Lívia Porto,Sales,07/05/25 02:30 AM,08/13/25 05:42 AM,1613363,Inbound/Outbound,,,C_FAKE_WHATSAPP,FAKE-WRAP-UP-DELETED,[LT] Fluxo_FAKE_v3,eb6041f8-dbee-466a-80e4-e0b0599b3cae
YES,,Queue: C_FAKE_CHAT,call,Diogo Lima; Sr. Vitor Gabriel da Costa,Diego Pinto,03/11/25 05:32 PM,06/04/25 06:11 AM,1518968,Inbound,,,C_FAKE_WHATSAPP,FAKE-WRAP-UP-TIMEOUT,[LT] Fluxo_FAKE_v2,39cbf01f-fa08-4994-bddf-bfe09c886793
YES,,Queue: C_FAKE_WHATSAPP,call,Enrico Costela; Sra. Mirella Fernandes,da Cunha,05/25/25 03:59 AM,06/22/25 03:52 AM,1749957,Inbound,,,C_FAKE_WHATSAPP,FAKE-WRAP-UP-COMPLETED,[LT] Fluxo_FAKE_v2,9c9e1d57-0296-4285-bdd4-6450390197f2
YES,,Queue: C_FAKE_WHATSAPP,email,Srta. Letícia Ferreira; Thomas Nascimento,Isaac Carvalho,06/18/25 12:52 AM,07/19/25 11:35 PM,1641404,Inbound,,,C_FAKE_EMAIL,FAKE-WRAP-UP-TIMEOUT,[LT] Fluxo_FAKE_v1,260325c8-a5b5-42dd-a58a-0e7457c3add6
YES,,Queue: C_FAKE_WHATSAPP,call,Lucas Gabriel Nunes; Sra. Isadora Costa,Mendes da Paz - ME,09/03/25 06:50 PM,08/12/25 05:06 AM,1246230,Inbound,,,C_FAKE_WHATSAPP,FAKE-WRAP-UP-COMPLETED,[LT] Fluxo_FAKE_v3,0fd55224-0654-4239-bbc3-038797f33322
YES,,Queue: C_FAKE_CHAT,email,Sra. Cecília Nunes,da Rocha,03/17/25 09:21 AM,02/22/25 07:38 PM,589339,Outbound,,,C_FAKE_CHAT,FAKE-WRAP-UP-COMPLETED,[LT] Fluxo_FAKE_v3,3793d2f2-3b05-444d-af39-c99c7e18ddf4
YES,,Queue: C_FAKE_WHATSAPP,call,Cauê da Costa; Isabella Nunes,Vitor Silveira,03/31/25 03:56 PM,06/30/25 05:24 PM,1848712,Inbound/Outbound,,,C_FAKE_CHAT,FAKE-WRAP-UP-DELETED,[LT] Fluxo_FAKE_v3,d538e813-c959-4492-a52c-738e23cac64b
YES,,Queue: C_FAKE_WHATSAPP,message,Luiz Felipe da Luz,Mendes da Rocha S/A,01/14/25 05:26 PM,04/01/25 12:26 PM,1384129,Outbound,,,C_FAKE_EMAIL,FAKE-WRAP-UP-TIMEOUT,[LT] Fluxo_FAKE_v3,78b68612-b7ab-41ef-babb-c7cccf5676e4
YES,,Queue: C_FAKE_EMAIL,call,Dra. Raquel Barros,Marcelo Lima,02/25/25 08:53 AM,03/22/25 03:07 PM,1237174,Inbound/Outbound,,,C_FAKE_WHATSAPP,FAKE-WRAP-UP-DELETED,[LT] Fluxo_FAKE_v2,08b625a3-e567-4cff-af83-d9e340407101
YES,,Queue: C_FAKE_EMAIL,call,Vinicius Porto; Gabriel da Paz,Dias da Paz e Filhos,02/18/25 01:48 AM,09/03/25 01:03 PM,499987,Inbound,,,C_FAKE_SUPPORT,FAKE-WRAP-UP-DELETED,[LT] Fluxo_FAKE_v1,cf89e41a-e321-4ecb-8993-7312a0725989
YES,,Queue: C_FAKE_CHAT,message,Cecília Teixeira; João Guilherme Nunes,Costela Ltda.,09/08/25 06:04 PM,07/09/25 01:55 AM,269640,Inbound,,,C_FAKE_EMAIL,FAKE-WRAP-UP-TIMEOUT,[LT] Fluxo_FAKE_v1,ec02fbe5-a03d-4600-8c24-0e9be40ee015
YES,,Queue: C_FAKE_EMAIL,email,Gabriel Rezende,Leonardo Castro,08/19/25 01:57 AM,07/23/25 09:50 AM,1116015,Outbound,,,C_FAKE_CHAT,FAKE-WRAP-UP-DELETED,[LT] Fluxo_FAKE_v1,a055298d-a447-4ae2-b5fb-3028cd0ad95c
YES,,Queue: C_FAKE_EMAIL,email,Sr. Lucca Peixoto; Mirella Nogueira,Nogueira Ltda.,05/24/25 12:15 PM,05/19/25 11:12 AM,1621715,Inbound,,,C_FAKE_SUPPORT,FAKE-WRAP-UP-DELETED,[LT] Fluxo_FAKE_v3,d4fddefd-ba58-432e-8d6d-7a144ea23f31
YES,,Queue: C_FAKE_CHAT,message,Srta. Ana Luiza Moura,Viana,03/28/25 09:27 AM,06/30/25 12:45 AM,588859,Inbound/Outbound,,,C_FAKE_EMAIL,FAKE-WRAP-UP-COMPLETED,[LT] Fluxo_FAKE_v1,6f6127a8-2847-4019-ab31-0d489ee7c59e
YES,,Queue: C_FAKE_EMAIL,message,Antônio Martins,Theo da Conceição,09/02/25 08:55 AM,06/24/25 09:07 PM,326935,Outbound,,,C_FAKE_SUPPORT,FAKE-WRAP-UP-TIMEOUT,[LT] Fluxo_FAKE_v1,fda5cb8c-f83f-43b4-a5cf-34a932be7b1f
YES,,Queue: C_FAKE_EMAIL,message,Lara Silveira; Isabelly da Rocha,Costela,07/24/25 08:17 AM,08/04/25 11:09 PM,1160405,Outbound,,,C_FAKE_CHAT,FAKE-WRAP-UP-TIMEOUT,[LT] Fluxo_FAKE_v2,92797a73-cd83-4265-a2ba-902436a06105
YES,,Queue: C_FAKE_EMAIL,call,Enzo Gabriel Ramos; Maria Rezende,Nicole Silveira,03/26/25 01:02 PM,03/24/25 12:46 AM,206334,Inbound/Outbound,,,C_FAKE_CHAT,FAKE-WRAP-UP-TIMEOUT,[LT] Fluxo_FAKE_v1,05d9f92f-5f4e-406f-b181-ba83148eb702
YES,,Queue: C_FAKE_CHAT,message,Davi Luiz Castro,Peixoto,05/15/25 03:47 AM,05/21/25 09:35 PM,1664862,Outbound,,,C_FAKE_EMAIL,FAKE-WRAP-UP-TIMEOUT,[LT] Fluxo_FAKE_v1,af58c1a0-ae51-473d-94a8-9212c7854729
YES,,Queue: C_FAKE_WHATSAPP,message,Srta. Ana Melo,João Vitor Pinto,06/18/25 04:54 PM,07/23/25 12:06 PM,1780957,Outbound,,,C_FAKE_CHAT,FAKE-WRAP-UP-DELETED,[LT] Fluxo_FAKE_v2,c475301c-abcc-47e5-a34d-2ee867a012f9
YES,,Queue: C_FAKE_EMAIL,message,João Ramos; Heitor Sales,Lorena Carvalho,04/26/25 04:05 PM,08/09/25 04:23 PM,160332,Inbound,,,C_FAKE_EMAIL,FAKE-WRAP-UP-TIMEOUT,[LT] Fluxo_FAKE_v1,6db63fb6-882a-47c8-adb4-c94793b6ab2a
YES,,Queue: C_FAKE_CHAT,call,Danilo Moraes; Dra. Ana Laura Almeida,Souza Melo S.A.,05/01/25 01:19 PM,02/26/25 10:45 PM,802240,Inbound,,,C_FAKE_SUPPORT,FAKE-WRAP-UP-DELETED,[LT] Fluxo_FAKE_v3,2b3cca34-6191-49b7-b83e-70a7db44a6da
YES,,Queue: C_FAKE_CHAT,message,Calebe Martins; Dr. Erick Pires,da Rocha,08/11/25 10:31 AM,06/11/25 12:39 AM,1189346,Outbound,,,C_FAKE_CHAT,FAKE-WRAP-UP-TIMEOUT,[LT] Fluxo_FAKE_v2,41d5f626-9a8d-49c5-98b8-dd903a54847a
YES,,Queue: C_FAKE_EMAIL,message,Heloísa Gomes,Eduardo Monteiro,05/05/25 10:12 AM,04/22/25 01:40 AM,1034260,Inbound/Outbound,,,C_FAKE_EMAIL,FAKE-WRAP-UP-DELETED,[LT] Fluxo_FAKE_v3,c75891e8-6f7b-49f7-9cbf-4a556a2d96e1
YES,,Queue: C_FAKE_EMAIL,call,Milena Moura; Breno Ribeiro,Silva - ME,03/26/25 08:27 AM,01/13/25 03:50 AM,926080,Outbound,,,C_FAKE_SUPPORT,FAKE-WRAP-UP-TIMEOUT,[LT] Fluxo_FAKE_v2,da27f919-bd03-4fda-a64d-4d0e0db71d95
YES,,Queue: C_FAKE_WHATSAPP,message,Anthony da Conceição,da Rocha,05/28/25 03:26 PM,05/27/25 12:58 AM,1235189,Inbound,,,C_FAKE_CHAT,FAKE-WRAP-UP-COMPLETED,[LT] Fluxo_FAKE_v3,f914cc19-be2f-4645-aed2-4ab438b0c5af
YES,,Queue: C_FAKE_CHAT,message,João Felipe Nogueira; Vitória Rezende,da Mata da Cunha e Filhos,03/21/25 10:07 AM,04/21/25 05:08 PM,137525,Inbound/Outbound,,,C_FAKE_WHATSAPP,FAKE-WRAP-UP-TIMEOUT,[LT] Fluxo_FAKE_v3,449534f7-73b7-4c57-8147-2a1eeb0a2fb5
YES,,Queue: C_FAKE_EMAIL,call,Clara Campos,Novaes,01/02/25 11:25 PM,02/07/25 07:08 AM,1165047,Inbound,,,C_FAKE_SUPPORT,FAKE-WRAP-UP-DELETED,[LT] Fluxo_FAKE_v3,9a6bd971-088b-4fee-9fb4-2240948bf086
YES,,Queue: C_FAKE_WHATSAPP,message,Heitor Vieira; Larissa Novaes,Pires S.A.,03/01/25 09:43 PM,06/10/25 12:42 PM,570028,Inbound,,,C_FAKE_SUPPORT,FAKE-WRAP-UP-COMPLETED,[LT] Fluxo_FAKE_v3,c1657c6e-ec89-4be4-8de0-7f104f3e2166
YES,,Queue: C_FAKE_CHAT,message,Stephany da Paz; Lorena Silva,Dr. Pedro Lucas Freitas,02/05/25 11:35 AM,07/08/25 02:24 AM,946299,Outbound,,,C_FAKE_WHATSAPP,FAKE-WRAP-UP-DELETED,[LT] Fluxo_FAKE_v2,0eeb6993-cb82-45f1-ae45-5608fde15736
YES,,Queue: C_FAKE_WHATSAPP,message,Natália Aragão,Sales Castro - ME,04/24/25 03:33 PM,05/23/25 01:00 AM,372460,Inbound/Outbound,,,C_FAKE_WHATSAPP,FAKE-WRAP-UP-TIMEOUT,[LT] Fluxo_FAKE_v2,1b815737-8f29-429f-b318-2320a374c6a4
YES,,Queue: C_FAKE_WHATSAPP,email,Gustavo Henrique Monteiro; Elisa Fogaça,Larissa Jesus,04/10/25 12:13 AM,07/11/25 06:09 PM,1724611,Outbound,,,C_FAKE_CHAT,FAKE-WRAP-UP-COMPLETED,[LT] Fluxo_FAKE_v3,f5dcdf5f-b04c-4cda-b6a1-e8cccaf34ebb
YES,,Queue: C_FAKE_CHAT,message,Marcelo Pires; Ana Carolina Martins,Santos Araújo e Filhos,05/09/25 08:10 PM,06/01/25 01:39 AM,563566,Inbound,,,C_FAKE_CHAT,FAKE-WRAP-UP-DELETED,[LT] Fluxo_FAKE_v3,fcc40681-eb1b-4989-9842-e17a6fce6669
YES,,Queue: C_FAKE_CHAT,message,Marcos Vinicius da Mota,Maria Cecília Jesus,06/24/25 12:20 PM,06/21/25 08:47 PM,1853890,Inbound,,,C_FAKE_CHAT,FAKE-WRAP-UP-TIMEOUT,[LT] Fluxo_FAKE_v2,ec1ffcbd-8756-4963-97ea-0bf7172fa76c
YES,,Queue: C_FAKE_CHAT,call,Lívia Duarte; Emilly Farias,Moraes,01/17/25 08:28 PM,08/24/25 10:28 AM,777776,Inbound/Outbound,,,C_FAKE_SUPPORT,FAKE-WRAP-UP-TIMEOUT,[LT] Fluxo_FAKE_v1,51a42ce7-8213-43f1-a73d-2405d1c4ede4
YES,,Queue: C_FAKE_CHAT,email,Clara Santos,Novaes S.A.,05/06/25 02:01 PM,01/23/25 10:20 AM,1881131,Inbound/Outbound,,,C_FAKE_CHAT,FAKE-WRAP-UP-DELETED,[LT] Fluxo_FAKE_v2,82f1ecf2-0b8a-48fb-bd5f-d7072659185b
YES,,Queue: C_FAKE_CHAT,email,Melissa Nogueira,João Vitor da Cunha,04/14/25 12:00 AM,03/28/25 07:54 AM,1373087,Outbound,,,C_FAKE_WHATSAPP,FAKE-WRAP-UP-TIMEOUT,[LT] Fluxo_FAKE_v3,3b711723-dff7-4df4-8647-7f744c54e2e3
YES,,Queue: C_FAKE_CHAT,call,Dr. Luiz Miguel Nunes; Helena da Luz,Diego Cavalcanti,05/19/25 03:04 AM,06/01/25 12:35 AM,920462,Inbound,,,C_FAKE_SUPPORT,FAKE-WRAP-UP-COMPLETED,[LT] Fluxo_FAKE_v3,81209d2d-3c31-467b-9292-4791083dd6f7
YES,,Queue: C_FAKE_CHAT,message,Ana Clara Almeida,Maria Cecília Barbosa,03/23/25 09:23 AM,05/09/25 04:55 AM,1174536,Inbound/Outbound,,,C_FAKE_EMAIL,FAKE-WRAP-UP-COMPLETED,[LT] Fluxo_FAKE_v3,9f34b145-6b6b-4654-8f72-8817de26ec1a
YES,,Queue: C_FAKE_EMAIL,email,João Miguel Pereira,Heitor Caldeira,03/24/25 07:24 AM,07/05/25 05:23 AM,820014,Outbound,,,C_FAKE_EMAIL,FAKE-WRAP-UP-COMPLETED,[LT] Fluxo_FAKE_v3,46b55953-70f8-4810-8272-5442670124c5
YES,,Queue: C_FAKE_WHATSAPP,call,Larissa Costa,Pereira S/A,03/14/25 08:05 AM,03/10/25 09:40 PM,1002140,Outbound,,,C_FAKE_CHAT,FAKE-WRAP-UP-COMPLETED,[LT] Fluxo_FAKE_v2,0b55ea88-5689-4531-8fff-52ca1da49151
YES,,Queue: C_FAKE_EMAIL,message,Thomas Nunes; Sra. Isabel Vieira,Rafaela Santos,01/28/25 05:39 AM,09/05/25 11:00 PM,489289,Outbound,,,C_FAKE_SUPPORT,FAKE-WRAP-UP-COMPLETED,[LT] Fluxo_FAKE_v1,0b5ebf10-a38a-4573-a727-213a9022aab2
YES,,Queue: C_FAKE_CHAT,call,Yuri Jesus,Lopes - EI,08/22/25 08:42 PM,03/28/25 01:33 AM,1238270,Outbound,,,C_FAKE_WHATSAPP,FAKE-WRAP-UP-TIMEOUT,[LT] Fluxo_FAKE_v3,218aaac9-5f70-4528-b778-03943700e363
YES,,Queue: C_FAKE_WHATSAPP,email,Kamilly Nunes,Caio das Neves,07/20/25 05:58 AM,05/02/25 08:47 PM,1047538,Inbound,,,C_FAKE_WHATSAPP,FAKE-WRAP-UP-DELETED,[LT] Fluxo_FAKE_v3,c4341bc0-0015-46f0-bfcc-1b3450cea9b7
YES,,Queue: C_FAKE_CHAT,email,Davi Luiz Mendes; Caroline Silveira,Cavalcanti S/A,01/27/25 03:12 PM,03/13/25 02:21 PM,1556257,Outbound,,,C_FAKE_WHATSAPP,FAKE-WRAP-UP-DELETED,[LT] Fluxo_FAKE_v1,5a93ffe7-cf86-4c17-8b57-766adb06732e
YES,,Queue: C_FAKE_WHATSAPP,call,Ana Luiza Viana,João Lucas Caldeira,05/30/25 10:17 AM,02/05/25 04:36 AM,129553,Inbound/Outbound,,,C_FAKE_EMAIL,FAKE-WRAP-UP-TIMEOUT,[LT] Fluxo_FAKE_v1,9175d729-9b8a-48d6-8b92-76cb990551c2
YES,,Queue: C_FAKE_EMAIL,email,Ana Sophia da Mota,Marina Moura,01/15/25 01:14 AM,05/19/25 08:24 AM,364186,Outbound,,,C_FAKE_CHAT,FAKE-WRAP-UP-TIMEOUT,[LT] Fluxo_FAKE_v3,184aa35b-9359-4813-9eed-acf05606e905
YES,,Queue: C_FAKE_EMAIL,email,Sarah das Neves; Júlia Teixeira,Cardoso,07/14/25 07:52 PM,06/18/25 04:46 AM,792908,Inbound,,,C_FAKE_WHATSAPP,FAKE-WRAP-UP-COMPLETED,[LT] Fluxo_FAKE_v3,13a95b1e-7e11-4a37-a907-14a3cb821063
YES,,Queue: C_FAKE_CHAT,email,Agatha Teixeira,Lima - EI,02/27/25 07:45 AM,08/21/25 12:35 AM,587650,Inbound/Outbound,,,C_FAKE_WHATSAPP,FAKE-WRAP-UP-TIMEOUT,[LT] Fluxo_FAKE_v3,29b62f78-b506-4211-b439-d552d9c6ce2c
YES,,Queue: C_FAKE_WHATSAPP,email,Raquel Moreira,Rodrigues e Filhos,02/09/25 09:14 AM,08/22/25 01:55 AM,1911646,Inbound/Outbound,,,C_FAKE_SUPPORT,FAKE-WRAP-UP-DELETED,[LT] Fluxo_FAKE_v1,f67c9ca4-2758-448e-956f-49866c2d2f00
YES,,Queue: C_FAKE_EMAIL,call,Clarice da Rocha,Breno da Mota,04/19/25 12:38 PM,08/12/25 09:15 PM,501772,Inbound/Outbound,,,C_FAKE_SUPPORT,FAKE-WRAP-UP-DELETED,[LT] Fluxo_FAKE_v2,22803ae1-f633-4079-a9c7-0a8b5a5f2687
YES,,Queue: C_FAKE_WHATSAPP,message,Miguel Ferreira; Raul Barros,Rocha Cardoso - ME,07/12/25 03:18 PM,05/22/25 01:24 AM,1182325,Inbound,,,C_FAKE_WHATSAPP,FAKE-WRAP-UP-COMPLETED,[LT] Fluxo_FAKE_v3,62a6bf49-5948-4c34-8e40-79cc85aba44d
YES,,Queue: C_FAKE_CHAT,email,Theo Porto,Marcelo Almeida,05/31/25 10:34 PM,06/05/25 02:55 AM,1841756,Inbound,,,C_FAKE_CHAT,FAKE-WRAP-UP-COMPLETED,[LT] Fluxo_FAKE_v3,eb0b2a34-b0c4-4f67-917b-ab101b310631
YES,,Queue: C_FAKE_WHATSAPP,email,Kaique Costela; Srta. Milena Dias,João Pedro Moura,01/29/25 12:26 PM,06/16/25 05:36 PM,415063,Inbound,,,C_FAKE_SUPPORT,FAKE-WRAP-UP-TIMEOUT,[LT] Fluxo_FAKE_v3,17e2aa93-ac7c-47c5-bd89-fa69516881a1
YES,,Queue: C_FAKE_WHATSAPP,email,Carlos Eduardo Costa,Larissa Barros,09/07/25 07:14 PM,01/25/25 03:36 PM,842068,Inbound/Outbound,,,C_FAKE_WHATSAPP,FAKE-WRAP-UP-DELETED,[LT] Fluxo_FAKE_v2,1f169d17-e633-4c81-94f5-5a5e8ac34aa0
YES,,Queue: C_FAKE_CHAT,message,Sabrina Costela; Rafaela Dias,da Paz Caldeira S.A.,05/07/25 12:59 AM,05/19/25 05:07 PM,168737,Inbound,,,C_FAKE_EMAIL,FAKE-WRAP-UP-TIMEOUT,[LT] Fluxo_FAKE_v1,820a385a-bedb-4510-9ff3-fbae956e71fb
YES,,Queue: C_FAKE_CHAT,message,Maria Luiza Cunha,Kevin da Costa,03/27/25 09:22 PM,02/14/25 04:05 PM,1616024,Inbound/Outbound,,,C_FAKE_EMAIL,FAKE-WRAP-UP-DELETED,[LT] Fluxo_FAKE_v2,a9a9fb2c-d0e4-4d8a-88d4-445dca6c2829
YES,,Queue: C_FAKE_EMAIL,message,Dr. Matheus Santos; Dra. Ana Lívia Aragão,Rafaela Nogueira,09/03/25 10:27 PM,02/11/25 08:11 PM,326685,Inbound/Outbound,,,C_FAKE_EMAIL,FAKE-WRAP-UP-COMPLETED,[LT] Fluxo_FAKE_v3,dc349f4d-6791-4507-8347-847b921abdc9
YES,,Queue: C_FAKE_WHATSAPP,message,Ana Beatriz Gomes; Sr. João Felipe da Cruz,Campos S.A.,01/20/25 12:16 AM,03/26/25 08:00 AM,1162366,Inbound,,,C_FAKE_SUPPORT,FAKE-WRAP-UP-TIMEOUT,[LT] Fluxo_FAKE_v1,84d473cc-0181-4ad1-ac14-cf57cae842d3
YES,,Queue: C_FAKE_CHAT,email,João Freitas,Ryan Alves,04/09/25 07:44 AM,04/10/25 01:47 AM,348553,Outbound,,,C_FAKE_CHAT,FAKE-WRAP-UP-TIMEOUT,[LT] Fluxo_FAKE_v2,6835b9c6-cea9-4194-8bd6-ce75bf454da8
YES,,Queue: C_FAKE_WHATSAPP,call,Marcelo Cardoso,Cavalcanti,04/10/25 04:11 PM,01/15/25 07:30 PM,1385411,Inbound/Outbound,,,C_FAKE_WHATSAPP,FAKE-WRAP-UP-COMPLETED,[LT] Fluxo_FAKE_v2,d73d5f9a-8d43-49db-8640-6b52cdefeef2
YES,,Queue: C_FAKE_CHAT,email,Gabriel Pereira,Ferreira,04/19/25 10:21 PM,08/08/25 07:52 PM,973663,Inbound,,,C_FAKE_SUPPORT,FAKE-WRAP-UP-TIMEOUT,[LT] Fluxo_FAKE_v1,d1fa64af-07a3-47aa-9a36-af40e01273d7
YES,,Queue: C_FAKE_EMAIL,call,Alana Melo,Oliveira S.A.,06/27/25 09:03 AM,04/12/25 08:35 PM,577060,Inbound,,,C_FAKE_WHATSAPP,FAKE-WRAP-UP-COMPLETED,[LT] Fluxo_FAKE_v1,98185097-6ea4-4dc0-a5fb-e36d5729b73b
YES,,Queue: C_FAKE_WHATSAPP,email,Clarice Viana,Barbosa,07/09/25 04:12 AM,04/11/25 03:43 AM,545862,Outbound,,,C_FAKE_EMAIL,FAKE-WRAP-UP-TIMEOUT,[LT] Fluxo_FAKE_v3,4630a296-fb98-49a5-9bbf-5afa2443cd79
YES,,Queue: C_FAKE_EMAIL,message,Henrique da Conceição,Gonçalves - EI,05/20/25 10:55 AM,06/26/25 10:23 AM,107322,Inbound,,,C_FAKE_CHAT,FAKE-WRAP-UP-DELETED,[LT] Fluxo_FAKE_v2,a689f32c-ff2f-4142-9c01-4a6bee0ec269
YES,,Queue: C_FAKE_CHAT,message,Larissa da Luz,Sr. Renan Teixeira,04/22/25 05:08 PM,06/26/25 08:53 AM,270954,Inbound/Outbound,,,C_FAKE_CHAT,FAKE-WRAP-UP-COMPLETED,[LT] Fluxo_FAKE_v2,9ad576cf-63fa-403b-80b4-2d7367ff1b9f
YES,,Queue: C_FAKE_CHAT,message,Noah Monteiro; Augusto Castro,Gomes,07/12/25 09:10 AM,02/23/25 11:25 PM,1273135,Outbound,,,C_FAKE_SUPPORT,FAKE-WRAP-UP-DELETED,[LT] Fluxo_FAKE_v1,669e61ed-a148-458e-bafc-26d18641768f
YES,,Queue: C_FAKE_WHATSAPP,call,Lucas Gonçalves; Raquel Nascimento,Gabrielly Alves,02/22/25 07:58 AM,05/31/25 11:01 AM,1503025,Inbound,,,C_FAKE_EMAIL,FAKE-WRAP-UP-COMPLETED,[LT] Fluxo_FAKE_v1,722c6cf7-ce7f-4550-9bd7-0f6221256b1f
YES,,Queue: C_FAKE_EMAIL,call,Ana Júlia Costa; Joana Cunha,Pinto,01/04/25 01:25 AM,03/15/25 03:34 PM,1364330,Outbound,,,C_FAKE_EMAIL,FAKE-WRAP-UP-DELETED,[LT] Fluxo_FAKE_v2,20a22ec9-85a7-4996-98c5-88714ef605e0
YES,,Queue: C_FAKE_CHAT,call,João Vieira; Marina Oliveira,Barbosa,02/18/25 12:29 PM,06/03/25 05:26 PM,1152149,Outbound,,,C_FAKE_CHAT,FAKE-WRAP-UP-TIMEOUT,[LT] Fluxo_FAKE_v2,d6d4f7ef-284b-43dd-a0e3-fe8d5e9ca5c3
YES,,Queue: C_FAKE_EMAIL,message,Sofia Rodrigues,Evelyn Barbosa,03/03/25 09:56 AM,01/25/25 10:19 AM,1074403,Outbound,,,C_FAKE_CHAT,FAKE-WRAP-UP-COMPLETED,[LT] Fluxo_FAKE_v1,ef4c37d0-d265-47fd-9d2a-0d67e597b225
YES,,Queue: C_FAKE_CHAT,call,Ana da Rocha; Theo da Conceição,Sr. Guilherme da Luz,03/20/25 08:50 PM,05/13/25 02:55 AM,1691752,Outbound,,,C_FAKE_SUPPORT,FAKE-WRAP-UP-TIMEOUT,[LT] Fluxo_FAKE_v1,be264712-d3ea-4226-9771-33e826c04950
YES,,Queue: C_FAKE_CHAT,call,Alícia Almeida,Silveira,08/29/25 12:18 PM,04/30/25 11:09 PM,347368,Outbound,,,C_FAKE_WHATSAPP,FAKE-WRAP-UP-DELETED,[LT] Fluxo_FAKE_v2,10013c45-e0e9-4830-a3f6-6d7399a6ee70
YES,,Queue: C_FAKE_WHATSAPP,message,Carolina Cavalcanti; Sr. Joaquim da Costa,Pedro Lucas Moreira,03/30/25 09:57 AM,05/09/25 08:05 AM,1584653,Inbound/Outbound,,,C_FAKE_WHATSAPP,FAKE-WRAP-UP-TIMEOUT,[LT] Fluxo_FAKE_v1,303c264a-1670-4a16-847d-a2f032fff51f
YES,,Queue: C_FAKE_EMAIL,message,Srta. Maitê Fogaça; Dr. Anthony Melo,Mariane Dias,04/22/25 09:47 PM,02/28/25 12:38 AM,335437,Inbound/Outbound,,,C_FAKE_EMAIL,FAKE-WRAP-UP-DELETED,[LT] Fluxo_FAKE_v3,b9c1035c-207a-4784-a640-96263e00d86f
YES,,Queue: C_FAKE_EMAIL,message,Dra. Ana Vitória Almeida,da Conceição - EI,04/16/25 04:40 AM,04/11/25 06:04 AM,1757552,Outbound,,,C_FAKE_WHATSAPP,FAKE-WRAP-UP-DELETED,[LT] Fluxo_FAKE_v1,b9bcd304-39e9-4b0b-be81-f1b7e39c71a8
YES,,Queue: C_FAKE_WHATSAPP,message,Guilherme Cardoso; Antônio Teixeira,Silva,03/28/25 09:20 AM,04/14/25 12:12 AM,1750695,Inbound/Outbound,,,C_FAKE_CHAT,FAKE-WRAP-UP-TIMEOUT,[LT] Fluxo_FAKE_v2,dbadb28b-cce4-4ed9-a82c-cfd9b1d5aea5
YES,,Queue: C_FAKE_CHAT,message,Rodrigo Rezende; Maria Sophia Viana,Jesus Barbosa S.A.,02/07/25 01:01 PM,02/14/25 01:36 PM,1574194,Inbound/Outbound,,,C_FAKE_SUPPORT,FAKE-WRAP-UP-COMPLETED,[LT] Fluxo_FAKE_v3,25b3a572-87e9-4db8-ae39-2fb76d55621b
YES,,Queue: C_FAKE_WHATSAPP,message,Bryan da Rosa; Mariane Silveira,Luiz Fernando Cavalcanti,01/07/25 12:24 AM,01/17/25 01:23 PM,114017,Outbound,,,C_FAKE_WHATSAPP,FAKE-WRAP-UP-COMPLETED,[LT] Fluxo_FAKE_v3,62038741-911d-4f90-ae5a-5d3ccdd42776
YES,,Queue: C_FAKE_CHAT,message,Henrique da Cruz; Isabel Rezende,Stella Pinto,03/26/25 07:00 AM,05/10/25 03:05 AM,590341,Inbound/Outbound,,,C_FAKE_EMAIL,FAKE-WRAP-UP-DELETED,[LT] Fluxo_FAKE_v1,739fe470-7935-4bae-8101-dec75c93408a
YES,,Queue: C_FAKE_EMAIL,email,Yago Monteiro; Kaique da Rosa,Sra. Lívia Silveira,07/27/25 01:39 AM,02/25/25 07:26 PM,341608,Inbound/Outbound,,,C_FAKE_EMAIL,FAKE-WRAP-UP-COMPLETED,[LT] Fluxo_FAKE_v2,fdfcec1c-c1d7-4eda-bfbd-8269320727ab
YES,,Queue: C_FAKE_EMAIL,call,Marina da Costa,Dr. Gustavo da Mata,02/19/25 07:29 PM,09/06/25 07:35 AM,1473398,Inbound/Outbound,,,C_FAKE_EMAIL,FAKE-WRAP-UP-TIMEOUT,[LT] Fluxo_FAKE_v2,1de3a9a0-53b2-4d16-b3dd-88e65269fd43
YES,,Queue: C_FAKE_CHAT,call,Lucas Gabriel Souza; Maria Eduarda da Mata,Melo S/A,04/07/25 09:46 PM,04/08/25 06:37 PM,374353,Inbound,,,C_FAKE_EMAIL,FAKE-WRAP-UP-COMPLETED,[LT] Fluxo_FAKE_v1,8dd42f36-3afb-4430-9d92-f083561eedeb
YES,,Queue: C_FAKE_EMAIL,call,Dra. Carolina Silva; Bruna Almeida,Leonardo Novaes,07/03/25 02:57 PM,06/18/25 11:52 PM,1969646,Outbound,,,C_FAKE_WHATSAPP,FAKE-WRAP-UP-COMPLETED,[LT] Fluxo_FAKE_v3,b5663d62-60fd-444f-aa42-cb5161336c44
YES,,Queue: C_FAKE_WHATSAPP,message,Luiz Otávio Costela; Maria Cecília Sales,Martins,07/14/25 09:30 AM,06/23/25 11:58 AM,379067,Outbound,,,C_FAKE_CHAT,FAKE-WRAP-UP-DELETED,[LT] Fluxo_FAKE_v2,211f2c82-aa45-4aab-b913-d61f143b5685
YES,,Queue: C_FAKE_CHAT,call,Pedro Lucas Ribeiro; Sr. Breno da Rosa,Sra. Maria Eduarda Moreira,08/23/25 03:20 PM,03/15/25 03:02 PM,283761,Inbound/Outbound,,,C_FAKE_WHATSAPP,FAKE-WRAP-UP-TIMEOUT,[LT] Fluxo_FAKE_v1,c004496a-c6f2-4b9c-9f15-3b2b1a4c0d23
YES,,Queue: C_FAKE_WHATSAPP,call,Srta. Julia Costela,Azevedo - ME,04/25/25 06:34 PM,02/01/25 10:09 PM,890718,Inbound/Outbound,,,C_FAKE_EMAIL,FAKE-WRAP-UP-COMPLETED,[LT] Fluxo_FAKE_v1,436977ca-f466-46de-8a54-868741c5cf55
YES,,Queue: C_FAKE_CHAT,call,Alexandre Costa; João Pedro Cardoso,Gomes,05/19/25 01:14 AM,02/25/25 06:40 AM,1644981,Inbound/Outbound,,,C_FAKE_EMAIL,FAKE-WRAP-UP-COMPLETED,[LT] Fluxo_FAKE_v1,98f5ea19-de05-41ea-89d8-19bf9743fafe
YES,,Queue: C_FAKE_CHAT,call,Gabriela Moraes,Sra. Gabriela Fogaça,03/21/25 12:19 PM,03/24/25 10:16 PM,1827750,Outbound,,,C_FAKE_CHAT,FAKE-WRAP-UP-DELETED,[LT] Fluxo_FAKE_v3,9cc1ad6c-cbb2-4634-985c-5a3111b25788
YES,,Queue: C_FAKE_EMAIL,email,Ana Luiza Costa,Dias,03/30/25 04:33 AM,04/05/25 09:17 AM,767429,Inbound/Outbound,,,C_FAKE_WHATSAPP,FAKE-WRAP-UP-DELETED,[LT] Fluxo_FAKE_v3,94a41039-c915-4031-86d1-0e56e31d2e24
YES,,Queue: C_FAKE_EMAIL,message,Bárbara Pinto,Letícia Araújo,02/05/25 07:41 PM,01/10/25 06:25 PM,152290,Inbound,,,C_FAKE_WHATSAPP,FAKE-WRAP-UP-TIMEOUT,[LT] Fluxo_FAKE_v3,34bdd8b7-bf0e-489d-8bb3-86dbc0005895
YES,,Queue: C_FAKE_WHATSAPP,call,Fernanda das Neves,Jesus,08/21/25 10:07 PM,08/21/25 09:08 PM,468590,Outbound,,,C_FAKE_EMAIL,FAKE-WRAP-UP-COMPLETED,[LT] Fluxo_FAKE_v3,b620e349-bd28-4667-9d42-8a457f0fc5c1
YES,,Queue: C_FAKE_CHAT,call,Pietra Moraes,Campos,07/26/25 02:19 AM,07/23/25 07:18 AM,1978360,Outbound,,,C_FAKE_WHATSAPP,FAKE-WRAP-UP-COMPLETED,[LT] Fluxo_FAKE_v3,eebe508e-d67e-4e34-97a2-4d7781afc5fe
YES,,Queue: C_FAKE_WHATSAPP,email,Maitê Nunes; Thales Costela,Moreira - EI,08/18/25 10:18 AM,03/01/25 02:13 PM,949277,Inbound/Outbound,,,C_FAKE_EMAIL,FAKE-WRAP-UP-COMPLETED,[LT] Fluxo_FAKE_v2,37a44651-4150-4063-9b64-a4b57fc7b581
YES,,Queue: C_FAKE_CHAT,message,Larissa das Neves,Rodrigues Gomes - EI,01/18/25 11:46 AM,03/23/25 07:27 PM,989109,Outbound,,,C_FAKE_SUPPORT,FAKE-WRAP-UP-TIMEOUT,[LT] Fluxo_FAKE_v3,2ad95bc4-2901-4ef3-9e16-1cb236e20576
YES,,Queue: C_FAKE_CHAT,call,Enzo Martins; Matheus Barbosa,Alves,04/23/25 01:29 PM,06/24/25 10:40 PM,1812186,Inbound/Outbound,,,C_FAKE_SUPPORT,FAKE-WRAP-UP-DELETED,[LT] Fluxo_FAKE_v1,fb060272-1e1e-4ce0-af8e-1eb734ece149
YES,,Queue: C_FAKE_EMAIL,call,Thomas Souza,João Vitor Rezende,05/01/25 06:11 AM,06/28/25 01:56 PM,286668,Outbound,,,C_FAKE_CHAT,FAKE-WRAP-UP-TIMEOUT,[LT] Fluxo_FAKE_v1,7f1212f2-dbc6-44a9-b91a-44cd78bab052
YES,,Queue: C_FAKE_CHAT,email,Alexandre Ramos; Enzo Gabriel Nunes,Oliveira,05/18/25 04:32 AM,06/06/25 04:55 AM,794618,Inbound/Outbound,,,C_FAKE_WHATSAPP,FAKE-WRAP-UP-DELETED,[LT] Fluxo_FAKE_v2,f78bf1c1-ac15-47e3-80f4-91a503349f81
YES,,Queue: C_FAKE_CHAT,call,Isis Cunha; Marcos Vinicius da Costa,Diego Teixeira,02/19/25 08:16 AM,02/16/25 11:04 PM,706619,Inbound/Outbound,,,C_FAKE_SUPPORT,FAKE-WRAP-UP-DELETED,[LT] Fluxo_FAKE_v2,3668257d-ed8c-47b7-9438-ebbe94be482c
YES,,Queue: C_FAKE_CHAT,message,Kamilly Teixeira; Lucca Ferreira,Beatriz Pereira,04/12/25 12:41 PM,03/25/25 04:32 PM,1655372,Inbound,,,C_FAKE_CHAT,FAKE-WRAP-UP-COMPLETED,[LT] Fluxo_FAKE_v3,d9b98cfa-3293-41a6-b4bb-caa0994430b6
YES,,Queue: C_FAKE_WHATSAPP,email,Heitor Moreira; Maria Sophia Pinto,Bárbara Azevedo,06/06/25 05:40 AM,06/05/25 04:32 PM,388967,Outbound,,,C_FAKE_CHAT,FAKE-WRAP-UP-DELETED,[LT] Fluxo_FAKE_v1,084f664a-65a7-4c37-b774-8fd7a8fe7812
YES,,Queue: C_FAKE_EMAIL,message,Marcelo Moraes,Caio da Mata,03/20/25 02:21 PM,04/09/25 12:18 AM,1849468,Inbound/Outbound,,,C_FAKE_SUPPORT,FAKE-WRAP-UP-TIMEOUT,[LT] Fluxo_FAKE_v3,34a126a6-43be-444f-aa05-7652a7474ee9
YES,,Queue: C_FAKE_EMAIL,message,Dr. Nathan Carvalho; Luiz Henrique Lima,Monteiro,02/08/25 02:09 AM,03/01/25 07:34 PM,1497420,Inbound,,,C_FAKE_CHAT,FAKE-WRAP-UP-DELETED,[LT] Fluxo_FAKE_v2,1e4c4c48-2e6a-42fd-82ea-57a8f784e47a
YES,,Queue: C_FAKE_WHATSAPP,message,João Pedro Duarte,Maria Eduarda Carvalho,07/04/25 12:30 AM,01/08/25 08:52 AM,776186,Inbound,,,C_FAKE_SUPPORT,FAKE-WRAP-UP-TIMEOUT,[LT] Fluxo_FAKE_v2,b9d0832f-b5d7-4e8e-8f21-e8ec4e92f237
YES,,Queue: C_FAKE_CHAT,call,João Miguel Fernandes,Cardoso e Filhos,06/09/25 12:39 PM,05/12/25 06:51 AM,964919,Outbound,,,C_FAKE_CHAT,FAKE-WRAP-UP-TIMEOUT,[LT] Fluxo_FAKE_v3,5c86a717-ecfb-4ed9-9980-395c945285ec
YES,,Queue: C_FAKE_EMAIL,email,Dra. Marina Moura; Emanuella da Cunha,Farias - ME,08/11/25 08:16 PM,03/18/25 03:16 PM,1385251,Inbound,,,C_FAKE_EMAIL,FAKE-WRAP-UP-COMPLETED,[LT] Fluxo_FAKE_v3,c3580e4c-3565-4761-9aba-0afcebe09d13
YES,,Queue: C_FAKE_WHATSAPP,message,Caroline Novaes,Dr. Davi Rodrigues,06/05/25 05:55 AM,06/29/25 02:50 AM,1952093,Outbound,,,C_FAKE_CHAT,FAKE-WRAP-UP-DELETED,[LT] Fluxo_FAKE_v3,79eaed2a-7e0c-44e3-8508-e1466d7bc369
YES,,Queue: C_FAKE_EMAIL,email,Isabelly da Rocha; Dr. Breno da Rocha,Bryan Rodrigues,04/10/25 05:54 PM,08/20/25 07:32 AM,132691,Inbound,,,C_FAKE_EMAIL,FAKE-WRAP-UP-TIMEOUT,[LT] Fluxo_FAKE_v1,3855c64e-5896-4888-95b7-0a3112ae6855
YES,,Queue: C_FAKE_WHATSAPP,call,Alice Vieira,Maria Cecília Jesus,03/11/25 01:51 PM,06/17/25 09:49 PM,348562,Inbound/Outbound,,,C_FAKE_SUPPORT,FAKE-WRAP-UP-TIMEOUT,[LT] Fluxo_FAKE_v1,2159da73-dadf-41c5-bdcb-a8f8c9601d84
YES,,Queue: C_FAKE_EMAIL,message,Eduardo Alves,Luiza Nunes,02/14/25 03:42 PM,05/22/25 02:22 AM,853045,Outbound,,,C_FAKE_CHAT,FAKE-WRAP-UP-TIMEOUT,[LT] Fluxo_FAKE_v3,180ede37-087d-48e1-870e-b935ddaabd69
YES,,Queue: C_FAKE_WHATSAPP,email,Bruno das Neves; Ana Lívia Melo,Souza,01/01/25 02:04 AM,04/30/25 01:04 PM,1182097,Inbound,,,C_FAKE_SUPPORT,FAKE-WRAP-UP-TIMEOUT,[LT] Fluxo_FAKE_v3,32e5307d-bfd7-4d5f-aef5-2e8548768b92
YES,,Queue: C_FAKE_WHATSAPP,message,Eloah Sales,Bruna Cardoso,04/12/25 01:48 PM,08/16/25 04:50 AM,508986,Outbound,,,C_FAKE_CHAT,FAKE-WRAP-UP-DELETED,[LT] Fluxo_FAKE_v3,00a62f7b-1647-4849-8344-a6839a8caa40
YES,,Queue: C_FAKE_WHATSAPP,call,Dra. Julia Castro; Stephany Fernandes,Rafaela Aragão,05/02/25 02:48 AM,09/02/25 05:13 AM,811658,Inbound,,,C_FAKE_EMAIL,FAKE-WRAP-UP-COMPLETED,[LT] Fluxo_FAKE_v3,9a503b59-a89e-4739-8cfc-c304fb13c4ee
YES,,Queue: C_FAKE_CHAT,email,Ana Laura Mendes; Clarice Souza,Alice Nascimento,06/26/25 09:21 AM,08/27/25 02:28 AM,1505326,Inbound/Outbound,,,C_FAKE_CHAT,FAKE-WRAP-UP-TIMEOUT,[LT] Fluxo_FAKE_v3,7637dd64-6182-42ce-9281-fb0df0487fc2
YES,,Queue: C_FAKE_EMAIL,email,Daniela Nogueira; Carolina Azevedo,Costa,01/18/25 11:56 AM,03/12/25 09:08 AM,1049200,Inbound,,,C_FAKE_SUPPORT,FAKE-WRAP-UP-DELETED,[LT] Fluxo_FAKE_v2,2e63670b-7544-4677-b194-7591c2fd299c
YES,,Queue: C_FAKE_CHAT,email,Gabriela das Neves; Camila Caldeira,Dr. Miguel Pires,03/03/25 10:49 AM,04/14/25 04:13 PM,1179421,Outbound,,,C_FAKE_WHATSAPP,FAKE-WRAP-UP-TIMEOUT,[LT] Fluxo_FAKE_v1,fbf323d8-9ed5-4dbb-9cf2-4a2ee9428964
YES,,Queue: C_FAKE_EMAIL,call,Ana Lívia Moreira; Dr. Pedro Henrique da Paz,Rodrigues Rezende S/A,02/16/25 12:55 AM,02/14/25 09:45 PM,1772886,Inbound,,,C_FAKE_WHATSAPP,FAKE-WRAP-UP-DELETED,[LT] Fluxo_FAKE_v3,ad8632d1-4ee9-43bf-95ec-b00dae690e2b
YES,,Queue: C_FAKE_WHATSAPP,call,Ana Luiza Rezende,Luna da Rocha,08/31/25 08:41 PM,03/13/25 12:37 AM,797484,Inbound/Outbound,,,C_FAKE_CHAT,FAKE-WRAP-UP-COMPLETED,[LT] Fluxo_FAKE_v2,69e8d1d3-d99c-4917-9631-83b3baeb9934
